"iso","name","region","income","year","tb","debt","interest"
"AFG","Afghanistan","Middle East, North Africa, Afghanistan & Pakistan","Low income",2008,-18.5735267775797,21.2077237518808,0.4823
"AFG","Afghanistan","Middle East, North Africa, Afghanistan & Pakistan","Low income",2009,-15.7578752451744,19.9757055766272,NA
"AFG","Afghanistan","Middle East, North Africa, Afghanistan & Pakistan","Low income",2010,-20.214214223263,15.3616435723749,2.9999
"AFG","Afghanistan","Middle East, North Africa, Afghanistan & Pakistan","Low income",2011,-23.3051247907442,13.9585360176146,NA
"AFG","Afghanistan","Middle East, North Africa, Afghanistan & Pakistan","Low income",2012,-37.3851171219679,12.9631846808778,NA
"AFG","Afghanistan","Middle East, North Africa, Afghanistan & Pakistan","Low income",2013,-43.0420235614065,12.8448383533214,NA
"AFG","Afghanistan","Middle East, North Africa, Afghanistan & Pakistan","Low income",2014,-30.5470277297484,12.3425350088699,NA
"AFG","Afghanistan","Middle East, North Africa, Afghanistan & Pakistan","Low income",2015,-36.8186607850472,13.5721082070506,NA
"AFG","Afghanistan","Middle East, North Africa, Afghanistan & Pakistan","Low income",2016,-34.1756913636012,14.329697857777,NA
"AFG","Afghanistan","Middle East, North Africa, Afghanistan & Pakistan","Low income",2017,-36.2789660629615,14.6745568701989,0.5705
"AFG","Afghanistan","Middle East, North Africa, Afghanistan & Pakistan","Low income",2018,-35.3297970828388,14.8381287406804,NA
"AFG","Afghanistan","Middle East, North Africa, Afghanistan & Pakistan","Low income",2019,-31.1448620681759,14.1583223796845,NA
"AFG","Afghanistan","Middle East, North Africa, Afghanistan & Pakistan","Low income",2020,-27.5935386770516,15.2339302492786,NA
"AGO","Angola","Sub-Saharan Africa","Lower middle income",1989,6.38123874143912,71.4461336012677,6.8966
"AGO","Angola","Sub-Saharan Africa","Lower middle income",1990,5.40450738620971,76.5117240821315,6.931
"AGO","Angola","Sub-Saharan Africa","Lower middle income",1991,4.09570751190475,84.8786055943759,4.9889
"AGO","Angola","Sub-Saharan Africa","Lower middle income",1992,-0.659102622508854,121.081327472176,5.559
"AGO","Angola","Sub-Saharan Africa","Lower middle income",1993,-0.315494575396825,183.253544376881,6.5614
"AGO","Angola","Sub-Saharan Africa","Lower middle income",1994,3.37515018433859,254.437561944068,6.9072
"AGO","Angola","Sub-Saharan Africa","Lower middle income",1995,5.71771685514109,207.664989373608,8.0972
"AGO","Angola","Sub-Saharan Africa","Lower middle income",1996,11.9433650867213,140.11730117347,7.285
"AGO","Angola","Sub-Saharan Africa","Lower middle income",1997,-0.746824798705321,130.070340367289,7.6064
"AGO","Angola","Sub-Saharan Africa","Lower middle income",1998,-16.1357860521168,165.750214126316,6.9622
"AGO","Angola","Sub-Saharan Africa","Lower middle income",1999,-6.40557309288917,173.466193740472,7.8202
"AGO","Angola","Sub-Saharan Africa","Lower middle income",2000,26.8249578213102,106.943030838929,4.829
"AGO","Angola","Sub-Saharan Africa","Lower middle income",2001,0.442140221449053,98.2188842485118,5
"AGO","Angola","Sub-Saharan Africa","Lower middle income",2002,8.39073855542971,52.6761411164445,5.1683
"AGO","Angola","Sub-Saharan Africa","Lower middle income",2003,4.46366978176197,44.8065125695961,3.558
"AGO","Angola","Sub-Saharan Africa","Lower middle income",2004,11.7166443237018,36.3034185573083,3.0216
"AGO","Angola","Sub-Saharan Africa","Lower middle income",2005,22.0839585759309,29.5636867370763,6.5605
"AGO","Angola","Sub-Saharan Africa","Lower middle income",2006,29.0819905121645,16.8875752838842,4.6622
"AGO","Angola","Sub-Saharan Africa","Lower middle income",2007,25.1954333885769,16.3501640327158,4.9243
"AGO","Angola","Sub-Saharan Africa","Lower middle income",2008,21.3804715580861,15.7869818025679,4.5562
"AGO","Angola","Sub-Saharan Africa","Lower middle income",2009,-0.462887857369304,24.8176215905853,4.4514
"AGO","Angola","Sub-Saharan Africa","Lower middle income",2010,16.777629439876,28.0444129160926,3.7528
"AGO","Angola","Sub-Saharan Africa","Lower middle income",2011,19.2305027884178,27.6217457183257,3.901
"AGO","Angola","Sub-Saharan Africa","Lower middle income",2012,18.126742200283,25.1895183555108,3.0584
"AGO","Angola","Sub-Saharan Africa","Lower middle income",2013,13.5504197699405,29.1242919330266,3.8841
"AGO","Angola","Sub-Saharan Africa","Lower middle income",2014,4.76593038521848,29.9279088016553,4.0483
"AGO","Angola","Sub-Saharan Africa","Lower middle income",2015,-3.44389088740011,47.561998759399,5.0511
"AGO","Angola","Sub-Saharan Africa","Lower middle income",2016,4.34874959604983,94.5105323542592,4.28
"AGO","Angola","Sub-Saharan Africa","Lower middle income",2017,8.57355186190742,68.6046444475833,5.3494
"AGO","Angola","Sub-Saharan Africa","Lower middle income",2018,17.1276214990676,68.2733166099829,5.5898
"AGO","Angola","Sub-Saharan Africa","Lower middle income",2019,15.8642803226849,76.7203274096395,6.3574
"AGO","Angola","Sub-Saharan Africa","Lower middle income",2020,10.0129106357879,111.780842075442,3.7828
"AGO","Angola","Sub-Saharan Africa","Lower middle income",2021,18.9435939452566,84.3336636436495,3.2321
"AGO","Angola","Sub-Saharan Africa","Lower middle income",2022,16.8099004210235,47.1370827568413,5.0408
"AGO","Angola","Sub-Saharan Africa","Lower middle income",2023,12.5164272397818,54.009671168357,5.5487
"AGO","Angola","Sub-Saharan Africa","Lower middle income",2024,13.8157870727891,56.9778392973625,5.0561
"ALB","Albania","Europe & Central Asia","Upper middle income",1991,-21.1175565962365,46.5173531732733,4.6757
"ALB","Albania","Europe & Central Asia","Upper middle income",1992,-82.6925300075693,97.001847370412,1.8262
"ALB","Albania","Europe & Central Asia","Upper middle income",1993,-48.4427998518057,66.3142945581638,0.598
"ALB","Albania","Europe & Central Asia","Upper middle income",1994,-27.2787561710229,46.9504658791578,1.6894
"ALB","Albania","Europe & Central Asia","Upper middle income",1995,-18.329879178149,15.7951146248445,3.3454
"ALB","Albania","Europe & Central Asia","Upper middle income",1996,-22.832065033504,15.2108685368898,1.387
"ALB","Albania","Europe & Central Asia","Upper middle income",1997,-25.5674754882141,22.569805478679,3.3275
"ALB","Albania","Europe & Central Asia","Upper middle income",1998,-24.8554333192449,24.0271544249786,2.6332
"ALB","Albania","Europe & Central Asia","Upper middle income",1999,-16.9521898675747,23.541616016248,1.9061
"ALB","Albania","Europe & Central Asia","Upper middle income",2000,-22.2007092455078,31.3023646266481,3.459
"ALB","Albania","Europe & Central Asia","Upper middle income",2001,-23.081675784175,28.4378305879747,3.2367
"ALB","Albania","Europe & Central Asia","Upper middle income",2002,-25.6994285499658,26.1570101100687,1.2416
"ALB","Albania","Europe & Central Asia","Upper middle income",2003,-24.4610762436218,26.7301782142648,1.7934
"ALB","Albania","Europe & Central Asia","Upper middle income",2004,-22.1818220341555,21.6624872249322,2.3309
"ALB","Albania","Europe & Central Asia","Upper middle income",2005,-24.7022073039735,25.7604551956383,2.0165
"ALB","Albania","Europe & Central Asia","Upper middle income",2006,-24.0811117808212,27.51693450071,2.172
"ALB","Albania","Europe & Central Asia","Upper middle income",2007,-25.9041027123921,26.6980266368821,4.074
"ALB","Albania","Europe & Central Asia","Upper middle income",2008,-25.9918191302353,32.1153469208548,4.2726
"ALB","Albania","Europe & Central Asia","Upper middle income",2009,-24.0556474598817,37.3430489925211,7.072
"ALB","Albania","Europe & Central Asia","Upper middle income",2010,-20.3233472596086,44.9895526139393,5.981
"ALB","Albania","Europe & Central Asia","Upper middle income",2011,-22.6049931968954,49.9876776433616,2.2381
"ALB","Albania","Europe & Central Asia","Upper middle income",2012,-18.7544301530418,60.3075999680921,1.9022
"ALB","Albania","Europe & Central Asia","Upper middle income",2013,-18.041479665627,67.5796237351583,1.9787
"ALB","Albania","Europe & Central Asia","Upper middle income",2014,-18.8547783888895,64.0251682369319,1.3006
"ALB","Albania","Europe & Central Asia","Upper middle income",2015,-17.1416853983927,73.6441100467858,3.4162
"ALB","Albania","Europe & Central Asia","Upper middle income",2016,-16.6950163459794,71.0339231190924,0.6807
"ALB","Albania","Europe & Central Asia","Upper middle income",2017,-14.9239603331135,73.9278675922576,1.6625
"ALB","Albania","Europe & Central Asia","Upper middle income",2018,-13.456781828729,62.7524404218234,3.2853
"ALB","Albania","Europe & Central Asia","Upper middle income",2019,-13.4964002727423,59.508275030552,1.317
"ALB","Albania","Europe & Central Asia","Upper middle income",2020,-14.5029542947937,68.7444157044169,2.6339
"ALB","Albania","Europe & Central Asia","Upper middle income",2021,-13.3608301938928,61.3076806839721,2.416
"ALB","Albania","Europe & Central Asia","Upper middle income",2022,-10.6138603179671,54.7931489967689,4.2443
"ALB","Albania","Europe & Central Asia","Upper middle income",2023,-5.8915328135537,48.166978579206,5.1513
"ALB","Albania","Europe & Central Asia","Upper middle income",2024,-6.83519531937639,39.6214183931447,3.9176
"ARG","Argentina","Latin America & Caribbean","Upper middle income",1976,2.19857532782356,18.5688956009389,7.332
"ARG","Argentina","Latin America & Caribbean","Upper middle income",1977,3.23347598092927,20.562757622293,7.8457
"ARG","Argentina","Latin America & Caribbean","Upper middle income",1978,2.75801806167624,15.1687142024351,9.5442
"ARG","Argentina","Latin America & Caribbean","Upper middle income",1979,0.486626233516728,30.5792387750409,11.228
"ARG","Argentina","Latin America & Caribbean","Upper middle income",1980,-4.26834444920065,35.5012743766949,13.6681
"ARG","Argentina","Latin America & Caribbean","Upper middle income",1981,-1.27864816347494,45.5146166402623,11.8227
"ARG","Argentina","Latin America & Caribbean","Upper middle income",1982,2.75183152415998,51.9372666712282,10.7791
"ARG","Argentina","Latin America & Caribbean","Upper middle income",1983,2.83422323130213,44.3438310670265,11.8806
"ARG","Argentina","Latin America & Caribbean","Upper middle income",1984,2.74045124409376,41.9627797690983,9.2017
"ARG","Argentina","Latin America & Caribbean","Upper middle income",1985,4.92564501036758,58.0331440137763,10.1682
"ARG","Argentina","Latin America & Caribbean","Upper middle income",1986,1.45741515175796,49.7657203130479,8.0037
"ARG","Argentina","Latin America & Caribbean","Upper middle income",1987,0.225161296428841,53.9676460990285,8.2656
"ARG","Argentina","Latin America & Caribbean","Upper middle income",1988,2.80163402536422,46.5088943847159,7.7029
"ARG","Argentina","Latin America & Caribbean","Upper middle income",1989,6.66712525629955,85.5260929870409,8.0371
"ARG","Argentina","Latin America & Caribbean","Upper middle income",1990,5.62706094137312,44.1998076506003,6.3707
"ARG","Argentina","Latin America & Caribbean","Upper middle income",1991,1.48640113526956,34.6154187094823,7.9056
"ARG","Argentina","Latin America & Caribbean","Upper middle income",1992,-1.72800013502766,29.9877452693715,8.2112
"ARG","Argentina","Latin America & Caribbean","Upper middle income",1993,-2.40314217527704,27.3214997518277,7.0487
"ARG","Argentina","Latin America & Caribbean","Upper middle income",1994,-3.07562927284027,29.1695390520898,7.0792
"ARG","Argentina","Latin America & Caribbean","Upper middle income",1995,-0.418043515962667,38.2794450732129,6.8868
"ARG","Argentina","Latin America & Caribbean","Upper middle income",1996,-0.656788927318577,40.8398341038344,8.3067
"ARG","Argentina","Latin America & Caribbean","Upper middle income",1997,-2.22216672099226,43.7928975519619,8.1747
"ARG","Argentina","Latin America & Caribbean","Upper middle income",1998,-2.52269346757798,47.3341125287403,8.8656
"ARG","Argentina","Latin America & Caribbean","Upper middle income",1999,-1.73028574607179,53.5807679487378,9.6052
"ARG","Argentina","Latin America & Caribbean","Upper middle income",2000,-0.644566960132141,52.8011780939907,9.9308
"ARG","Argentina","Latin America & Caribbean","Upper middle income",2001,1.31070087139654,56.811230293072,6.2032
"ARG","Argentina","Latin America & Caribbean","Upper middle income",2002,16.0833360445326,151.77457543291,2.9231
"ARG","Argentina","Latin America & Caribbean","Upper middle income",2003,12.2359670213176,128.102959052729,3.3738
"ARG","Argentina","Latin America & Caribbean","Upper middle income",2004,7.2475160881618,102.029483405581,2.6655
"ARG","Argentina","Latin America & Caribbean","Upper middle income",2005,6.08604045422547,65.809801739387,4.9214
"ARG","Argentina","Latin America & Caribbean","Upper middle income",2006,5.70467786150151,51.1363234223944,5.5382
"ARG","Argentina","Latin America & Caribbean","Upper middle income",2007,4.37191171291801,42.0192069032823,6.5279
"ARG","Argentina","Latin America & Caribbean","Upper middle income",2008,3.68984660939027,35.8866695146025,4.138
"ARG","Argentina","Latin America & Caribbean","Upper middle income",2009,5.00119956864816,40.1512240173029,1.8326
"ARG","Argentina","Latin America & Caribbean","Upper middle income",2010,2.9137680907454,29.8945496216131,2.6172
"ARG","Argentina","Latin America & Caribbean","Upper middle income",2011,1.73503765533792,26.9511623242633,5.4845
"ARG","Argentina","Latin America & Caribbean","Upper middle income",2012,2.00440317299888,25.6192978549859,1.9832
"ARG","Argentina","Latin America & Caribbean","Upper middle income",2013,-0.125661101976605,27.2133041501435,2.7234
"ARG","Argentina","Latin America & Caribbean","Upper middle income",2014,0.171032493069553,29.2204685979526,5.6936
"ARG","Argentina","Latin America & Caribbean","Upper middle income",2015,-1.10974846842879,29.7913727365807,3.5964
"ARG","Argentina","Latin America & Caribbean","Upper middle income",2016,-0.723814224642121,32.5787904053199,10.0438
"ARG","Argentina","Latin America & Caribbean","Upper middle income",2017,-2.3526777031331,35.1016160170138,4.8113
"ARG","Argentina","Latin America & Caribbean","Upper middle income",2018,-1.8441556055944,52.9373507846254,7.9457
"ARG","Argentina","Latin America & Caribbean","Upper middle income",2019,2.9905996588948,62.6869146564201,9.2428
"ARG","Argentina","Latin America & Caribbean","Upper middle income",2020,3.13537602250604,66.262958462546,2.4469
"ARG","Argentina","Latin America & Caribbean","Upper middle income",2021,3.08189086789626,50.5820948891425,1.9128
"ARG","Argentina","Latin America & Caribbean","Upper middle income",2022,0.889866227520418,39.2711518603288,1.2953
"ARG","Argentina","Latin America & Caribbean","Upper middle income",2023,-1.36470473261351,38.923605408883,5.8951
"ARG","Argentina","Latin America & Caribbean","Upper middle income",2024,2.60883641158009,37.9652679630045,5.0819
"ARM","Armenia","Europe & Central Asia","Upper middle income",1993,-10.784805326533,11.1479726126621,4.3874
"ARM","Armenia","Europe & Central Asia","Upper middle income",1994,-16.2904821262066,16.2967830209275,3.5711
"ARM","Armenia","Europe & Central Asia","Upper middle income",1995,-30.3497738684576,25.2436509377238,1.3294
"ARM","Armenia","Europe & Central Asia","Upper middle income",1996,-33.6179793209928,32.5957528245338,1.845
"ARM","Armenia","Europe & Central Asia","Upper middle income",1997,-39.1279783476757,38.944102581264,2.1033
"ARM","Armenia","Europe & Central Asia","Upper middle income",1998,-33.8813391402313,42.4687587961058,1.4473
"ARM","Armenia","Europe & Central Asia","Upper middle income",1999,-28.0447517665656,55.4107807025054,0.7746
"ARM","Armenia","Europe & Central Asia","Upper middle income",2000,-27.8189509385547,53.2767069439361,0.75
"ARM","Armenia","Europe & Central Asia","Upper middle income",2001,-24.6055096676765,66.5775734526242,0.7695
"ARM","Armenia","Europe & Central Asia","Upper middle income",2002,-19.335003088561,72.3613991830805,0.75
"ARM","Armenia","Europe & Central Asia","Upper middle income",2003,-19.5196025143497,71.1110647050367,0.75
"ARM","Armenia","Europe & Central Asia","Upper middle income",2004,-18.0390191122944,58.9360171421383,0.75
"ARM","Armenia","Europe & Central Asia","Upper middle income",2005,-15.9697686252253,40.1966543825526,0.7897
"ARM","Armenia","Europe & Central Asia","Upper middle income",2006,-16.215245388996,33.5014419470402,0.75
"ARM","Armenia","Europe & Central Asia","Upper middle income",2007,-20.7123941250135,33.4763640150759,1.4694
"ARM","Armenia","Europe & Central Asia","Upper middle income",2008,-26.8176554399628,30.9764832899436,1.2215
"ARM","Armenia","Europe & Central Asia","Upper middle income",2009,-27.3623898998397,57.0651613584953,2.858
"ARM","Armenia","Europe & Central Asia","Upper middle income",2010,-25.1233051286618,68.1098924487221,1.8319
"ARM","Armenia","Europe & Central Asia","Upper middle income",2011,-21.4514494152168,73.0695223388974,0.9465
"ARM","Armenia","Europe & Central Asia","Upper middle income",2012,-20.8488577553681,71.9496730950906,1.7646
"ARM","Armenia","Europe & Central Asia","Upper middle income",2013,-20.8765370664301,78.0570799865752,4.4484
"ARM","Armenia","Europe & Central Asia","Upper middle income",2014,-18.6821625797022,73.695218784141,1.307
"ARM","Armenia","Europe & Central Asia","Upper middle income",2015,-12.1430291489432,83.6798899437375,3.3936
"ARM","Armenia","Europe & Central Asia","Upper middle income",2016,-8.58935956898191,93.4524537422901,1.6275
"ARM","Armenia","Europe & Central Asia","Upper middle income",2017,-10.7877268986288,88.7298406065883,2.2209
"ARM","Armenia","Europe & Central Asia","Upper middle income",2018,-14.069278583941,86.0955316108468,3.4517
"ARM","Armenia","Europe & Central Asia","Upper middle income",2019,-13.3423789406941,87.2621676737353,2.9899
"ARM","Armenia","Europe & Central Asia","Upper middle income",2020,-9.94850706505585,103.323025062807,1
"ARM","Armenia","Europe & Central Asia","Upper middle income",2021,-8.03555422325865,101.157862902326,2.9996
"ARM","Armenia","Europe & Central Asia","Upper middle income",2022,-0.511865728475699,81.6416713430146,2.0782
"ARM","Armenia","Europe & Central Asia","Upper middle income",2023,-1.42011023403415,65.4876533529755,4.8622
"ARM","Armenia","Europe & Central Asia","Upper middle income",2024,-2.81912618047567,63.170840026278,4.0204
"AZE","Azerbaijan","Europe & Central Asia","Upper middle income",1995,-20.9057824378105,13.2785970137562,1.3703
"AZE","Azerbaijan","Europe & Central Asia","Upper middle income",1996,-31.0262147460294,13.7984841958091,2.3869
"AZE","Azerbaijan","Europe & Central Asia","Upper middle income",1997,-24.002473953551,12.822165249333,3.5533
"AZE","Azerbaijan","Europe & Central Asia","Upper middle income",1998,-31.8291427599837,15.8916909623246,2.7338
"AZE","Azerbaijan","Europe & Central Asia","Upper middle income",1999,-13.8933085764881,28.1378229163492,1.641
"AZE","Azerbaijan","Europe & Central Asia","Upper middle income",2000,1.7939672634959,30.0650773086758,5.4044
"AZE","Azerbaijan","Europe & Central Asia","Upper middle income",2001,4.18446145422906,26.6276042283541,1.3581
"AZE","Azerbaijan","Europe & Central Asia","Upper middle income",2002,-7.28083085189279,27.2870939876892,0.75
"AZE","Azerbaijan","Europe & Central Asia","Upper middle income",2003,-23.5415441835864,26.9262035071053,1.5518
"AZE","Azerbaijan","Europe & Central Asia","Upper middle income",2004,-23.9286971368549,25.2589281265814,2.7146
"AZE","Azerbaijan","Europe & Central Asia","Upper middle income",2005,10.0342670241645,17.1384171340344,3.0047
"AZE","Azerbaijan","Europe & Central Asia","Upper middle income",2006,27.7472955986279,13.4419925670805,4.5136
"AZE","Azerbaijan","Europe & Central Asia","Upper middle income",2007,39.6171951741753,11.8743665741744,5.5128
"AZE","Azerbaijan","Europe & Central Asia","Upper middle income",2008,42.3088159973291,9.25793190056143,3.6922
"AZE","Azerbaijan","Europe & Central Asia","Upper middle income",2009,29.2879411323118,10.3397669160841,1.937
"AZE","Azerbaijan","Europe & Central Asia","Upper middle income",2010,34.0174312864712,13.769801946617,2.0035
"AZE","Azerbaijan","Europe & Central Asia","Upper middle income",2011,32.3434943707116,11.7085765476773,1.7994
"AZE","Azerbaijan","Europe & Central Asia","Upper middle income",2012,27.6877488024375,15.5807796411865,2.3694
"AZE","Azerbaijan","Europe & Central Asia","Upper middle income",2013,22.1401051618473,14.2889414597543,0.7589
"AZE","Azerbaijan","Europe & Central Asia","Upper middle income",2014,17.0629101649589,16.1050224266176,3.4314
"AZE","Azerbaijan","Europe & Central Asia","Upper middle income",2015,2.98355373062155,24.8304826516328,0.9812
"AZE","Azerbaijan","Europe & Central Asia","Upper middle income",2016,2.77766943930678,38.2120246911586,3.9318
"AZE","Azerbaijan","Europe & Central Asia","Upper middle income",2017,6.69355456333578,37.4338739664999,3.4632
"AZE","Azerbaijan","Europe & Central Asia","Upper middle income",2018,16.3506138012991,34.945912747747,2.0735
"AZE","Azerbaijan","Europe & Central Asia","Upper middle income",2019,11.9270176094066,34.1212553341914,3.3199
"AZE","Azerbaijan","Europe & Central Asia","Upper middle income",2020,-0.978613488628122,38.377511206521,1.1525
"AZE","Azerbaijan","Europe & Central Asia","Upper middle income",2021,16.5290383341881,28.4123834787647,0.8251
"AZE","Azerbaijan","Europe & Central Asia","Upper middle income",2022,32.991360851875,19.6142450224859,7.0508
"AZE","Azerbaijan","Europe & Central Asia","Upper middle income",2023,14.4569047433411,20.6960116702158,1.5268
"AZE","Azerbaijan","Europe & Central Asia","Upper middle income",2024,9.10179104076532,16.39134377395,5.1893
"BDI","Burundi","Sub-Saharan Africa","Low income",1985,-9.75777668635392,39.5743318623261,1.3771
"BDI","Burundi","Sub-Saharan Africa","Low income",1986,-10.5938455856729,47.4675802329903,1.429
"BDI","Burundi","Sub-Saharan Africa","Low income",1987,-15.9969000660473,68.0167262993217,1.933
"BDI","Burundi","Sub-Saharan Africa","Low income",1988,-13.3643494511858,73.9737403293055,1.1454
"BDI","Burundi","Sub-Saharan Africa","Low income",1989,-12.1606203093539,79.7941073214434,0.99
"BDI","Burundi","Sub-Saharan Africa","Low income",1990,-20.2099282373343,80.1108887727729,0.8604
"BDI","Burundi","Sub-Saharan Africa","Low income",1991,-18.7274023790162,82.5318531993599,1.1381
"BDI","Burundi","Sub-Saharan Africa","Low income",1992,-20.7458669085839,94.7875339393031,0.7294
"BDI","Burundi","Sub-Saharan Africa","Low income",1993,-21.2193873732989,113.531727285656,1.058
"BDI","Burundi","Sub-Saharan Africa","Low income",1994,-18.4793342192502,121.877587725255,0.75
"BDI","Burundi","Sub-Saharan Africa","Low income",1995,-12.9502192993204,116.14538334797,0.8247
"BDI","Burundi","Sub-Saharan Africa","Low income",1996,-10.0628245905899,130.115374916695,NA
"BDI","Burundi","Sub-Saharan Africa","Low income",1997,-3.91489739209194,109.873754443565,NA
"BDI","Burundi","Sub-Saharan Africa","Low income",1998,-10.7803098370522,125.515995661221,2
"BDI","Burundi","Sub-Saharan Africa","Low income",1999,-7.76507315119262,142.774976232415,1.27
"BDI","Burundi","Sub-Saharan Africa","Low income",2000,-11.195992162913,129.337999196778,1.6944
"BDI","Burundi","Sub-Saharan Africa","Low income",2001,-11.6442369927974,124.719780152516,0.75
"BDI","Burundi","Sub-Saharan Africa","Low income",2002,-13.2010602912843,149.287959685061,0.75
"BDI","Burundi","Sub-Saharan Africa","Low income",2003,-16.6294994905876,171.838429569877,NA
"BDI","Burundi","Sub-Saharan Africa","Low income",2004,-18.3332826181224,148.366270401567,0.7499
"BDI","Burundi","Sub-Saharan Africa","Low income",2005,-20.3558966629092,115.287618815084,0.7499
"BDI","Burundi","Sub-Saharan Africa","Low income",2006,-27.7815482097871,107.737454008572,NA
"BDI","Burundi","Sub-Saharan Africa","Low income",2007,-25.5582590489629,103.947140086727,1.4829
"BDI","Burundi","Sub-Saharan Africa","Low income",2008,-27.3770196648653,86.2549882249223,1.0552
"BDI","Burundi","Sub-Saharan Africa","Low income",2009,-22.602989599001,34.1982427836497,0.4444
"BDI","Burundi","Sub-Saharan Africa","Low income",2010,-20.9638763229158,30.5531425488047,NA
"BDI","Burundi","Sub-Saharan Africa","Low income",2011,-23.6896830749959,27.0620591879386,1.3194
"BDI","Burundi","Sub-Saharan Africa","Low income",2012,-30.126628880249,28.5264962263237,0.5037
"BDI","Burundi","Sub-Saharan Africa","Low income",2013,-28.2544362574024,27.745670419842,0.7622
"BDI","Burundi","Sub-Saharan Africa","Low income",2014,-26.4969550262003,25.5422174534779,0.5097
"BDI","Burundi","Sub-Saharan Africa","Low income",2015,-23.782013814207,22.3068587815392,1.4629
"BDI","Burundi","Sub-Saharan Africa","Low income",2016,-20.877245656228,23.0593698482797,2
"BDI","Burundi","Sub-Saharan Africa","Low income",2017,-21.5664472701667,21.4886799332053,1.7
"BDI","Burundi","Sub-Saharan Africa","Low income",2018,-20.7358606731127,20.3804041296158,1.4617
"BDI","Burundi","Sub-Saharan Africa","Low income",2019,-24.9416604615007,21.8939893492432,1.6929
"BDI","Burundi","Sub-Saharan Africa","Low income",2020,-23.6988001022822,20.8592007434948,NA
"BDI","Burundi","Sub-Saharan Africa","Low income",2021,-25.0721589106614,28.4946354748938,1.9545
"BDI","Burundi","Sub-Saharan Africa","Low income",2022,-26.8434648949635,23.5511670923395,2
"BDI","Burundi","Sub-Saharan Africa","Low income",2023,-30.8736936407914,30.2291971113764,1.4047
"BDI","Burundi","Sub-Saharan Africa","Low income",2024,-31.8867534252783,33.7070719169693,8
"BEN","Benin","Sub-Saharan Africa","Lower middle income",1974,-13.3235447674633,19.617409782035,2.7932
"BEN","Benin","Sub-Saharan Africa","Lower middle income",1975,-17.6234985616234,17.6116387169703,2.0067
"BEN","Benin","Sub-Saharan Africa","Lower middle income",1976,-21.8863289895851,20.2205801247701,1.5192
"BEN","Benin","Sub-Saharan Africa","Lower middle income",1977,-22.0212518422075,28.3149498328308,1.7807
"BEN","Benin","Sub-Saharan Africa","Lower middle income",1978,-22.1804522848424,30.565424578341,4.5827
"BEN","Benin","Sub-Saharan Africa","Lower middle income",1979,-17.5011978912633,38.2571671889591,6.8108
"BEN","Benin","Sub-Saharan Africa","Lower middle income",1980,-13.8473774167496,33.7925918168378,8.2254
"BEN","Benin","Sub-Saharan Africa","Lower middle income",1981,-16.622773458897,42.0738565601799,2.9879
"BEN","Benin","Sub-Saharan Africa","Lower middle income",1982,-36.6601057824776,59.8119442161985,3.8428
"BEN","Benin","Sub-Saharan Africa","Lower middle income",1983,-17.9230955056053,72.8936213990084,2.1075
"BEN","Benin","Sub-Saharan Africa","Lower middle income",1984,-9.75898080789643,72.5502653537022,4.7912
"BEN","Benin","Sub-Saharan Africa","Lower middle income",1985,-9.77011440601624,86.3409965115661,3.8664
"BEN","Benin","Sub-Saharan Africa","Lower middle income",1986,-10.5684024164539,77.7347757544327,4.1032
"BEN","Benin","Sub-Saharan Africa","Lower middle income",1987,-9.30654524801022,79.6522709805104,1.0664
"BEN","Benin","Sub-Saharan Africa","Lower middle income",1988,-9.46518683316654,72.2239554660277,2.5836
"BEN","Benin","Sub-Saharan Africa","Lower middle income",1989,-5.40824278829094,71.2345358593134,1.0651
"BEN","Benin","Sub-Saharan Africa","Lower middle income",1990,-4.59665328303968,56.6760094433057,1.7163
"BEN","Benin","Sub-Saharan Africa","Lower middle income",1991,-17.28874101998,57.8778758291881,1.2326
"BEN","Benin","Sub-Saharan Africa","Lower middle income",1992,-14.4855084389047,70.7240939586016,1.4075
"BEN","Benin","Sub-Saharan Africa","Lower middle income",1993,-8.63467060624407,55.8618630682518,0.9145
"BEN","Benin","Sub-Saharan Africa","Lower middle income",1994,-5.80917008771198,86.485527118002,0.8084
"BEN","Benin","Sub-Saharan Africa","Lower middle income",1995,-12.9252722420583,64.3634778618371,1.6764
"BEN","Benin","Sub-Saharan Africa","Lower middle income",1996,-4.00914079317593,58.3398829038727,1.1761
"BEN","Benin","Sub-Saharan Africa","Lower middle income",1997,-9.22286252913016,60.5897718427615,1.781
"BEN","Benin","Sub-Saharan Africa","Lower middle income",1998,-8.44803634880106,59.7586286032611,2.3903
"BEN","Benin","Sub-Saharan Africa","Lower middle income",1999,-6.86006243519425,42.4843408874121,2.418
"BEN","Benin","Sub-Saharan Africa","Lower middle income",2000,-5.10799119631379,42.7318238193005,1.8708
"BEN","Benin","Sub-Saharan Africa","Lower middle income",2001,-6.12358009609156,44.4305359823941,0.863
"BEN","Benin","Sub-Saharan Africa","Lower middle income",2002,-6.8913011177405,44.1375322331941,1.1056
"BEN","Benin","Sub-Saharan Africa","Lower middle income",2003,-6.73578547462655,31.90410007437,1.7025
"BEN","Benin","Sub-Saharan Africa","Lower middle income",2004,-5.582932665288,32.2250601667473,1.0178
"BEN","Benin","Sub-Saharan Africa","Lower middle income",2005,-5.67730174156024,28.5701240934719,1.4096
"BEN","Benin","Sub-Saharan Africa","Lower middle income",2006,-6.33803200301326,17.841163755026,1.2421
"BEN","Benin","Sub-Saharan Africa","Lower middle income",2007,-9.24262566017779,18.3406906188424,1.5022
"BEN","Benin","Sub-Saharan Africa","Lower middle income",2008,-7.89385910493856,17.3903490428437,1.337
"BEN","Benin","Sub-Saharan Africa","Lower middle income",2009,-8.12569922807716,20.6932524712955,1.3786
"BEN","Benin","Sub-Saharan Africa","Lower middle income",2010,-6.63316542142329,23.9542287218677,1.1482
"BEN","Benin","Sub-Saharan Africa","Lower middle income",2011,-6.01409426790961,20.4843163747471,1.2879
"BEN","Benin","Sub-Saharan Africa","Lower middle income",2012,-6.37845179997273,23.9681853632303,1.1289
"BEN","Benin","Sub-Saharan Africa","Lower middle income",2013,-6.85960279759374,24.5478755726521,2.0391
"BEN","Benin","Sub-Saharan Africa","Lower middle income",2014,-8.42128917893765,27.452258075915,2.9822
"BEN","Benin","Sub-Saharan Africa","Lower middle income",2015,-6.64550216318407,31.6501960432514,2.243
"BEN","Benin","Sub-Saharan Africa","Lower middle income",2016,-4.44984455218254,35.4026073884196,1.6867
"BEN","Benin","Sub-Saharan Africa","Lower middle income",2017,-5.53878104691448,38.7107458469915,1.9606
"BEN","Benin","Sub-Saharan Africa","Lower middle income",2018,-5.75671656368151,48.3171770177255,3.3059
"BEN","Benin","Sub-Saharan Africa","Lower middle income",2019,-5.01447350494852,48.2139539388683,2.9464
"BEN","Benin","Sub-Saharan Africa","Lower middle income",2020,-2.77765786871127,54.2897760625627,1.6398
"BEN","Benin","Sub-Saharan Africa","Lower middle income",2021,-4.36309727946337,59.0273477620878,3.5099
"BEN","Benin","Sub-Saharan Africa","Lower middle income",2022,-5.87918942627779,62.70918732231,2.4123
"BEN","Benin","Sub-Saharan Africa","Lower middle income",2023,-8.52993112276434,63.7427525412919,2.9587
"BFA","Burkina Faso","Sub-Saharan Africa","Low income",2005,-13.8100649593259,32.7241040235242,1.2147
"BFA","Burkina Faso","Sub-Saharan Africa","Low income",2006,-11.967116684224,17.4713680973861,0.7943
"BFA","Burkina Faso","Sub-Saharan Africa","Low income",2007,-12.6174815018256,25.8279995557069,1.2502
"BFA","Burkina Faso","Sub-Saharan Africa","Low income",2008,-14.5405568666075,28.3013345623284,1.1123
"BFA","Burkina Faso","Sub-Saharan Africa","Low income",2009,-9.44240077199852,39.3940320909156,0.8847
"BFA","Burkina Faso","Sub-Saharan Africa","Low income",2010,-6.61029547732204,47.5562713317978,1.9824
"BFA","Burkina Faso","Sub-Saharan Africa","Low income",2011,-5.7775027796511,49.483396143625,1.6277
"BFA","Burkina Faso","Sub-Saharan Africa","Low income",2012,-4.66360612786022,59.2262985043039,1.1804
"BFA","Burkina Faso","Sub-Saharan Africa","Low income",2013,-11.8707834342155,66.5413917140684,2.0482
"BFA","Burkina Faso","Sub-Saharan Africa","Low income",2014,-8.01529078455298,73.8903900676428,2.0572
"BFA","Burkina Faso","Sub-Saharan Africa","Low income",2015,-8.59813094825506,106.504669667975,1.1053
"BFA","Burkina Faso","Sub-Saharan Africa","Low income",2016,-6.20287140589088,79.8846177084132,0.7182
"BFA","Burkina Faso","Sub-Saharan Africa","Low income",2017,-6.3672733759346,90.5309514726817,1.0275
"BFA","Burkina Faso","Sub-Saharan Africa","Low income",2018,-4.12576442181902,66.8693764955159,1.4483
"BFA","Burkina Faso","Sub-Saharan Africa","Low income",2019,-3.46465680099667,57.1384410756979,1.2114
"BFA","Burkina Faso","Sub-Saharan Africa","Low income",2020,3.25424745822079,55.116488698116,1.3902
"BFA","Burkina Faso","Sub-Saharan Africa","Low income",2021,2.02454696357616,52.4566624127856,1.2809
"BFA","Burkina Faso","Sub-Saharan Africa","Low income",2022,-5.08566804341629,53.1935231149123,1.7459
"BFA","Burkina Faso","Sub-Saharan Africa","Low income",2023,-4.58726098586408,52.1129167623333,0.4913
"BFA","Burkina Faso","Sub-Saharan Africa","Low income",2024,-2.36581894617656,46.8746558805846,1.3459
"BGD","Bangladesh","South Asia","Lower middle income",1976,-4.75042879441719,19.7090710146571,1.5845
"BGD","Bangladesh","South Asia","Lower middle income",1977,-6.87348074581626,24.1601162137974,1.5742
"BGD","Bangladesh","South Asia","Lower middle income",1978,-7.09603270823377,21.2327817275176,1.7335
"BGD","Bangladesh","South Asia","Lower middle income",1979,-8.41453571560299,19.0618546574301,1.2937
"BGD","Bangladesh","South Asia","Lower middle income",1980,-10.085459976097,20.9627208260278,1.6662
"BGD","Bangladesh","South Asia","Lower middle income",1981,-9.36634046080391,20.7870341660034,2.1008
"BGD","Bangladesh","South Asia","Lower middle income",1982,-9.0372750007112,26.66787231594,1.8288
"BGD","Bangladesh","South Asia","Lower middle income",1983,-7.92739426366217,30.361057434616,1.8715
"BGD","Bangladesh","South Asia","Lower middle income",1984,-8.87273008201126,29.2894725133768,1.5149
"BGD","Bangladesh","South Asia","Lower middle income",1985,-6.85428852870937,29.3111598188658,1.4759
"BGD","Bangladesh","South Asia","Lower middle income",1986,-7.84739507774894,36.3452628474896,1.3806
"BGD","Bangladesh","South Asia","Lower middle income",1987,-6.64663206168422,40.0771854221569,1.2691
"BGD","Bangladesh","South Asia","Lower middle income",1988,-6.69273364887066,38.6616699061033,1.5194
"BGD","Bangladesh","South Asia","Lower middle income",1989,-8.29459145789985,37.1800306502581,1.136
"BGD","Bangladesh","South Asia","Lower middle income",1990,-5.99981164891077,38.9000816459763,1.5642
"BGD","Bangladesh","South Asia","Lower middle income",1991,-5.3299642880547,41.9855360008236,0.9835
"BGD","Bangladesh","South Asia","Lower middle income",1992,-4.92401774919451,42.3476223727953,1.1392
"BGD","Bangladesh","South Asia","Lower middle income",1993,-4.56888265510518,42.5887741754974,1.104
"BGD","Bangladesh","South Asia","Lower middle income",1994,-5.4824380122994,45.8725501679378,1.1365
"BGD","Bangladesh","South Asia","Lower middle income",1995,-8.32139175573953,41.472979194314,1.8775
"BGD","Bangladesh","South Asia","Lower middle income",1996,-6.10811411380908,32.6648780949854,1.0573
"BGD","Bangladesh","South Asia","Lower middle income",1997,-4.7823508984579,29.5532807114088,1.727
"BGD","Bangladesh","South Asia","Lower middle income",1998,-4.17616686231735,31.0243666450309,1.7324
"BGD","Bangladesh","South Asia","Lower middle income",1999,-5.25894870216797,32.0840267363306,1.329
"BGD","Bangladesh","South Asia","Lower middle income",2000,-4.60724880431246,29.2310790072342,2.3359
"BGD","Bangladesh","South Asia","Lower middle income",2001,-5.21933383225054,27.7429978872292,1.4577
"BGD","Bangladesh","South Asia","Lower middle income",2002,-4.08383930193732,30.4940470951419,1.3478
"BGD","Bangladesh","South Asia","Lower middle income",2003,-5.22225687658469,30.6527689641789,1.2234
"BGD","Bangladesh","South Asia","Lower middle income",2004,-5.92069831470387,30.2787812550227,1.0023
"BGD","Bangladesh","South Asia","Lower middle income",2005,-5.98301520222323,26.632341652101,1.4527
"BGD","Bangladesh","South Asia","Lower middle income",2006,-5.42692932458665,28.0809610598001,2.0305
"BGD","Bangladesh","South Asia","Lower middle income",2007,-6.86197174183895,27.035673216247,2.1095
"BGD","Bangladesh","South Asia","Lower middle income",2008,-8.37286470407456,25.4776109847684,1.1633
"BGD","Bangladesh","South Asia","Lower middle income",2009,-5.87976565084095,24.7648264207601,1.9725
"BGD","Bangladesh","South Asia","Lower middle income",2010,-6.7805752975552,23.0506446208656,0.9241
"BGD","Bangladesh","South Asia","Lower middle income",2011,-8.46609131573192,21.0299464403884,0.9528
"BGD","Bangladesh","South Asia","Lower middle income",2012,-7.61971505041826,21.870687297337,1.73
"BGD","Bangladesh","South Asia","Lower middle income",2013,-6.62217807679217,21.6366083951216,0.6465
"BGD","Bangladesh","South Asia","Lower middle income",2014,-7.0100220578495,20.4010547822704,0.8141
"BGD","Bangladesh","South Asia","Lower middle income",2015,-5.43514347024334,19.8675945983488,0.9288
"BGD","Bangladesh","South Asia","Lower middle income",2016,-3.96090931316821,15.6732317115936,2.1079
"BGD","Bangladesh","South Asia","Lower middle income",2017,-5.98997081788073,17.3859864824085,1.2611
"BGD","Bangladesh","South Asia","Lower middle income",2018,-6.6769312006555,17.7760051177522,1.6288
"BGD","Bangladesh","South Asia","Lower middle income",2019,-5.48714946616361,17.7855054377959,1.4829
"BGD","Bangladesh","South Asia","Lower middle income",2020,-4.89342002090828,19.667085803574,1.1935
"BGD","Bangladesh","South Asia","Lower middle income",2021,-8.65017025394017,21.9754553380381,1.1485
"BGD","Bangladesh","South Asia","Lower middle income",2022,-7.96779577184518,21.0688448657348,1.6752
"BGD","Bangladesh","South Asia","Lower middle income",2023,-5.87750947155351,23.1749470327921,2.3687
"BGD","Bangladesh","South Asia","Lower middle income",2024,-5.71968876991453,23.2131471820389,1.727
"BGR","Bulgaria","Europe & Central Asia","High income",1981,1.46093236394319,3.85296203781655,NA
"BGR","Bulgaria","Europe & Central Asia","High income",1982,1.44922965077867,6.63055218445601,NA
"BGR","Bulgaria","Europe & Central Asia","High income",1983,0.32430811520042,10.2516382191205,NA
"BGR","Bulgaria","Europe & Central Asia","High income",1984,2.95217449110672,14.8408633860595,NA
"BGR","Bulgaria","Europe & Central Asia","High income",1985,-0.637730755475547,21.9307475325245,NA
"BGR","Bulgaria","Europe & Central Asia","High income",1986,-4.22475152272727,28.9514134769961,NA
"BGR","Bulgaria","Europe & Central Asia","High income",1987,-1.80803084542486,29.0747602217056,NA
"BGR","Bulgaria","Europe & Central Asia","High income",1988,-0.330391634787044,38.8814250306166,NA
"BGR","Bulgaria","Europe & Central Asia","High income",1989,-1.16801551667902,46.6152483666715,NA
"BGR","Bulgaria","Europe & Central Asia","High income",1990,-5.19621986469601,52.5393236250046,NA
"BGR","Bulgaria","Europe & Central Asia","High income",1991,-1.54546645310541,153.913151937986,NA
"BGR","Bulgaria","Europe & Central Asia","High income",1992,-3.57089962852857,137.611707684308,NA
"BGR","Bulgaria","Europe & Central Asia","High income",1993,-8.70934617164324,112.422341044817,NA
"BGR","Bulgaria","Europe & Central Asia","High income",1994,-0.0617968664897793,101.22875689173,NA
"BGR","Bulgaria","Europe & Central Asia","High income",1995,1.44531583217706,54.6472791606186,NA
"BGR","Bulgaria","Europe & Central Asia","High income",1996,2.50252348144449,84.3262897430619,NA
"BGR","Bulgaria","Europe & Central Asia","High income",1997,4.83091086819411,98.0801990710173,NA
"BGR","Bulgaria","Europe & Central Asia","High income",1998,-0.0533562961874019,75.8699096837651,NA
"BGR","Bulgaria","Europe & Central Asia","High income",1999,-5.62195298705693,86.4865093542213,NA
"BGR","Bulgaria","Europe & Central Asia","High income",2000,-5.05779792032168,90.6539037316059,NA
"BGR","Bulgaria","Europe & Central Asia","High income",2001,-9.36203592922309,79.4887122628251,NA
"BGR","Bulgaria","Europe & Central Asia","High income",2002,-7.37570771479543,75.0644734169469,NA
"BGR","Bulgaria","Europe & Central Asia","High income",2003,-9.74936630927059,67.4345395851651,6.446667
"BGR","Bulgaria","Europe & Central Asia","High income",2004,-11.0743425615998,63.5353964133022,5.36
"BGR","Bulgaria","Europe & Central Asia","High income",2005,-14.8977443749484,61.9592921406602,3.874167
"BGR","Bulgaria","Europe & Central Asia","High income",2006,-16.9981438626845,81.4584329365306,4.183333
"BGR","Bulgaria","Europe & Central Asia","High income",2007,-20.1315928155822,98.6247611573209,4.539166
"BGR","Bulgaria","Europe & Central Asia","High income",2008,-19.4925966365601,97.4006479405446,5.376667
"BGR","Bulgaria","Europe & Central Asia","High income",2009,-7.5399832637237,107.028162340468,7.215
"BGR","Bulgaria","Europe & Central Asia","High income",2010,-3.20991751714671,100.011253301142,6.005
"BGR","Bulgaria","Europe & Central Asia","High income",2011,0.294898551600357,82.7600388446962,5.356667
"BGR","Bulgaria","Europe & Central Asia","High income",2012,-3.47374964680872,94.7122882767394,4.4975
"BGR","Bulgaria","Europe & Central Asia","High income",2013,-0.690729819268825,92.5300662494507,3.473333
"BGR","Bulgaria","Europe & Central Asia","High income",2014,0.25621972578594,82.466327732313,3.3475
"BGR","Bulgaria","Europe & Central Asia","High income",2015,0.932014707045578,79.5347231901435,2.491667
"BGR","Bulgaria","Europe & Central Asia","High income",2016,5.00601198393397,74.1561872762584,2.271667
"BGR","Bulgaria","Europe & Central Asia","High income",2017,4.47415916226541,69.2727393126946,1.6025
"BGR","Bulgaria","Europe & Central Asia","High income",2018,2.58744977692324,60.6703299858878,0.8925
"BGR","Bulgaria","Europe & Central Asia","High income",2019,3.32907439882409,59.116438556633,0.4291667
"BGR","Bulgaria","Europe & Central Asia","High income",2020,3.0426520831909,66.4870582493406,0.2541667
"BGR","Bulgaria","Europe & Central Asia","High income",2021,3.27034264272707,53.2678045562043,0.1891667
"BGR","Bulgaria","Europe & Central Asia","High income",2022,1.81161836573213,52.1556447238563,1.531667
"BIH","Bosnia and Herzegovina","Europe & Central Asia","Upper middle income",1999,-66.5326345429985,51.4019203728271,1.4529
"BIH","Bosnia and Herzegovina","Europe & Central Asia","Upper middle income",2000,-46.2935223803696,50.1314965695991,3.4126
"BIH","Bosnia and Herzegovina","Europe & Central Asia","Upper middle income",2001,-47.0650977894218,46.0148644903042,2.0321
"BIH","Bosnia and Herzegovina","Europe & Central Asia","Upper middle income",2002,-46.3813413313577,47.4343390893205,0.75
"BIH","Bosnia and Herzegovina","Europe & Central Asia","Upper middle income",2003,-44.9698727579252,53.3435782254784,1.3711
"BIH","Bosnia and Herzegovina","Europe & Central Asia","Upper middle income",2004,-40.7457818911123,54.9864762235112,1.4025
"BIH","Bosnia and Herzegovina","Europe & Central Asia","Upper middle income",2005,-38.7205604480956,63.0276474301512,1.8976
"BIH","Bosnia and Herzegovina","Europe & Central Asia","Upper middle income",2006,-28.1771202093331,67.550448157298,3.1169
"BIH","Bosnia and Herzegovina","Europe & Central Asia","Upper middle income",2007,-29.5462252030138,73.8250866021456,3.9364
"BIH","Bosnia and Herzegovina","Europe & Central Asia","Upper middle income",2008,-32.5953233198534,68.9720008659298,4.4431
"BIH","Bosnia and Herzegovina","Europe & Central Asia","Upper middle income",2009,-23.8121501138771,79.9386806676482,1.6782
"BIH","Bosnia and Herzegovina","Europe & Central Asia","Upper middle income",2010,-21.5390551433268,83.584453040171,1.0747
"BIH","Bosnia and Herzegovina","Europe & Central Asia","Upper middle income",2011,-23.7873124202223,66.5508104192294,2.6329
"BIH","Bosnia and Herzegovina","Europe & Central Asia","Upper middle income",2012,-23.4270821463025,75.805373767653,1.2504
"BIH","Bosnia and Herzegovina","Europe & Central Asia","Upper middle income",2013,-20.487922816025,76.1258906203852,1.4529
"BIH","Bosnia and Herzegovina","Europe & Central Asia","Upper middle income",2014,-22.6231620710873,70.751749170989,1.164
"BIH","Bosnia and Herzegovina","Europe & Central Asia","Upper middle income",2015,-18.0532570329797,71.0518064578805,0.8667
"BIH","Bosnia and Herzegovina","Europe & Central Asia","Upper middle income",2016,-16.4219250591121,68.1469914111155,1.7073
"BIH","Bosnia and Herzegovina","Europe & Central Asia","Upper middle income",2017,-16.043297859876,71.2771620698821,1.1731
"BIH","Bosnia and Herzegovina","Europe & Central Asia","Upper middle income",2018,-14.467589054671,63.3735801295535,1.4494
"BIH","Bosnia and Herzegovina","Europe & Central Asia","Upper middle income",2019,-14.4381808683035,61.9898403617079,1.3534
"BIH","Bosnia and Herzegovina","Europe & Central Asia","Upper middle income",2020,-13.3801026890721,69.1196266956153,1.0699
"BIH","Bosnia and Herzegovina","Europe & Central Asia","Upper middle income",2021,-11.0798542118696,58.069409864746,4.0488
"BIH","Bosnia and Herzegovina","Europe & Central Asia","Upper middle income",2022,-13.5660318558357,54.7796300703383,2.2178
"BIH","Bosnia and Herzegovina","Europe & Central Asia","Upper middle income",2023,-11.7720262400422,50.2615385819779,4.6915
"BIH","Bosnia and Herzegovina","Europe & Central Asia","Upper middle income",2024,-13.3504303463389,46.7038440102173,4.3292
"BLR","Belarus","Europe & Central Asia","Upper middle income",1993,-2.94806655837564,5.94948885849711,7.1975
"BLR","Belarus","Europe & Central Asia","Upper middle income",1994,-2.93139938121732,8.68050595374427,6.435
"BLR","Belarus","Europe & Central Asia","Upper middle income",1995,-3.45889182870274,12.1218181521648,5.6533
"BLR","Belarus","Europe & Central Asia","Upper middle income",1996,-3.97505247143001,13.5094148050474,6.1537
"BLR","Belarus","Europe & Central Asia","Upper middle income",1997,-6.03748112204562,14.7387106857487,6.0542
"BLR","Belarus","Europe & Central Asia","Upper middle income",1998,-6.6955666293058,15.6778271529414,5.0504
"BLR","Belarus","Europe & Central Asia","Upper middle income",1999,-2.10487526040427,22.2701053740847,5.9503
"BLR","Belarus","Europe & Central Asia","Upper middle income",2000,-4.45243286988985,20.5717650656405,7.0183
"BLR","Belarus","Europe & Central Asia","Upper middle income",2001,-5.12917219854191,22.6529583118638,3.8703
"BLR","Belarus","Europe & Central Asia","Upper middle income",2002,-3.24359858139206,23.2890084205675,2.6009
"BLR","Belarus","Europe & Central Asia","Upper middle income",2003,-3.8843350654181,21.2031231737395,3.8306
"BLR","Belarus","Europe & Central Asia","Upper middle income",2004,-6.45548352729848,19.8838686718564,3.4354
"BLR","Belarus","Europe & Central Asia","Upper middle income",2005,1.13074796940389,17.5443887272084,5.3064
"BLR","Belarus","Europe & Central Asia","Upper middle income",2006,-4.03686020159714,17.7536888384318,6.8305
"BLR","Belarus","Europe & Central Asia","Upper middle income",2007,-6.20730161076021,27.6662837793806,4.5786
"BLR","Belarus","Europe & Central Asia","Upper middle income",2008,-7.64878829624288,24.9420895868524,6.1213
"BLR","Belarus","Europe & Central Asia","Upper middle income",2009,-11.0022636572401,43.3994708216215,4.0508
"BLR","Belarus","Europe & Central Asia","Upper middle income",2010,-13.0727783039178,49.6438950891717,6.6955
"BLR","Belarus","Europe & Central Asia","Upper middle income",2011,-1.9238247541864,54.940475191408,2.9082
"BLR","Belarus","Europe & Central Asia","Upper middle income",2012,4.35892697939999,51.3896258244426,5.0733
"BLR","Belarus","Europe & Central Asia","Upper middle income",2013,-3.04604045395142,52.3960654361679,4.3207
"BLR","Belarus","Europe & Central Asia","Upper middle income",2014,-0.563485225170196,50.7705505368259,5.0268
"BLR","Belarus","Europe & Central Asia","Upper middle income",2015,0.234524027578303,67.7673849637505,4.0464
"BLR","Belarus","Europe & Central Asia","Upper middle income",2016,-0.0184395353294927,78.6109821576648,4.3041
"BLR","Belarus","Europe & Central Asia","Upper middle income",2017,0.182913216678865,72.3324397777789,5.0564
"BLR","Belarus","Europe & Central Asia","Upper middle income",2018,1.54769966963621,64.5792108981376,3.4514
"BLR","Belarus","Europe & Central Asia","Upper middle income",2019,-0.625677584629053,63.2417492907447,3.8419
"BLR","Belarus","Europe & Central Asia","Upper middle income",2020,3.17345103018418,68.0971553624426,3.6414
"BLR","Belarus","Europe & Central Asia","Upper middle income",2021,5.66973102434598,59.7839006840883,2.5234
"BLR","Belarus","Europe & Central Asia","Upper middle income",2022,6.1644919053235,54.027475378759,NA
"BLR","Belarus","Europe & Central Asia","Upper middle income",2023,0.326294350760584,50.7383595988011,NA
"BLR","Belarus","Europe & Central Asia","Upper middle income",2024,-1.94956007805976,43.5377070691954,NA
"BLZ","Belize","Latin America & Caribbean","Upper middle income",1984,-5.88944377475461,34.0147733080765,3.7586
"BLZ","Belize","Latin America & Caribbean","Upper middle income",1985,-4.55969369996519,41.1156701009398,3.9007
"BLZ","Belize","Latin America & Caribbean","Upper middle income",1986,-4.18940609951846,39.1247122632424,8.6103
"BLZ","Belize","Latin America & Caribbean","Upper middle income",1987,-3.79951495553759,36.9702512530315,5.1299
"BLZ","Belize","Latin America & Caribbean","Upper middle income",1988,-4.92347846719658,31.3862060505398,7.0617
"BLZ","Belize","Latin America & Caribbean","Upper middle income",1989,-8.29769904296477,27.9401834656893,5.7094
"BLZ","Belize","Latin America & Caribbean","Upper middle income",1990,-0.704159776137445,26.108918429144,5
"BLZ","Belize","Latin America & Caribbean","Upper middle income",1991,-7.20651750739632,27.1135438284473,7.7162
"BLZ","Belize","Latin America & Caribbean","Upper middle income",1992,-6.16608633828831,26.0098413037665,6.2292
"BLZ","Belize","Latin America & Caribbean","Upper middle income",1993,-8.04248398964102,25.8627017442154,6.2217
"BLZ","Belize","Latin America & Caribbean","Upper middle income",1994,-5.46766290335537,25.7392490393062,5.8356
"BLZ","Belize","Latin America & Caribbean","Upper middle income",1995,-3.43804485821814,31.1704137082014,5.955
"BLZ","Belize","Latin America & Caribbean","Upper middle income",1996,-1.37709767785581,33.1093955458475,4.3478
"BLZ","Belize","Latin America & Caribbean","Upper middle income",1997,-4.96210374411148,51.5617118736676,6.8314
"BLZ","Belize","Latin America & Caribbean","Upper middle income",1998,-6.81316445777232,35.8927141683898,6.5884
"BLZ","Belize","Latin America & Caribbean","Upper middle income",1999,-7.06737482920724,41.6698910852469,5.8955
"BLZ","Belize","Latin America & Caribbean","Upper middle income",2000,-14.6345567294294,55.3451115290842,8.5502
"BLZ","Belize","Latin America & Caribbean","Upper middle income",2001,-13.8940257095097,61.6000152980455,4.9989
"BLZ","Belize","Latin America & Caribbean","Upper middle income",2002,-11.3481673214212,68.2949439954376,6.6821
"BLZ","Belize","Latin America & Caribbean","Upper middle income",2003,-10.3715868769479,81.1546564507108,8.8319
"BLZ","Belize","Latin America & Caribbean","Upper middle income",2004,-6.00542507519184,68.9796466866923,6.4075
"BLZ","Belize","Latin America & Caribbean","Upper middle income",2005,-5.96931367971619,69.3999443464091,3.6135
"BLZ","Belize","Latin America & Caribbean","Upper middle income",2006,1.63046435983415,66.2846013654765,2.9174
"BLZ","Belize","Latin America & Caribbean","Upper middle income",2007,0.789894474124439,63.0350321501331,4.3048
"BLZ","Belize","Latin America & Caribbean","Upper middle income",2008,-5.24884316212646,73.3860718514431,4.1012
"BLZ","Belize","Latin America & Caribbean","Upper middle income",2009,-3.19660352850132,76.49043117121,1.9352
"BLZ","Belize","Latin America & Caribbean","Upper middle income",2010,1.14131306272994,74.5503441475084,2.0424
"BLZ","Belize","Latin America & Caribbean","Upper middle income",2011,-0.299812789997323,69.5951606667632,3.2758
"BLZ","Belize","Latin America & Caribbean","Upper middle income",2012,0.48839821686757,62.4050609949958,0.0707
"BLZ","Belize","Latin America & Caribbean","Upper middle income",2013,-1.35471247422133,61.3780107959868,1.8357
"BLZ","Belize","Latin America & Caribbean","Upper middle income",2014,-3.13911001991409,60.1819709806494,2.9294
"BLZ","Belize","Latin America & Caribbean","Upper middle income",2015,-6.79305689202805,58.3791884816306,2.3383
"BLZ","Belize","Latin America & Caribbean","Upper middle income",2016,-7.29074261570207,57.6341690305694,2.0759
"BLZ","Belize","Latin America & Caribbean","Upper middle income",2017,-2.51444992361587,59.1079704853635,3.198
"BLZ","Belize","Latin America & Caribbean","Upper middle income",2018,-3.66570064363109,59.0300784537028,3.4875
"BLZ","Belize","Latin America & Caribbean","Upper middle income",2019,-4.22968409629287,57.8656189052871,3.2588
"BLZ","Belize","Latin America & Caribbean","Upper middle income",2020,-9.14358015775999,74.6287648917986,2.93
"BLZ","Belize","Latin America & Caribbean","Upper middle income",2021,-8.50106545872424,59.7927821070213,3.226
"BLZ","Belize","Latin America & Caribbean","Upper middle income",2022,-7.18449461124926,51.6823822003925,2.6274
"BLZ","Belize","Latin America & Caribbean","Upper middle income",2023,-0.764150210931801,49.7419009140346,3.1651
"BLZ","Belize","Latin America & Caribbean","Upper middle income",2024,-2.1759179109564,48.661760402678,4.554
"BOL","Bolivia","Latin America & Caribbean","Lower middle income",1976,-1.31772367241663,49.8052950426345,6.9189
"BOL","Bolivia","Latin America & Caribbean","Lower middle income",1977,-2.03876991684861,55.8778145841873,7.1956
"BOL","Bolivia","Latin America & Caribbean","Lower middle income",1978,-6.5083987128002,59.5590418812479,7.9096
"BOL","Bolivia","Latin America & Caribbean","Lower middle income",1979,-6.01401877101577,59.5653134504644,6.3639
"BOL","Bolivia","Latin America & Caribbean","Lower middle income",1980,4.34602504067087,61.3704719376374,8.3807
"BOL","Bolivia","Latin America & Caribbean","Lower middle income",1981,-2.41190901413521,56.1870580499897,7.8625
"BOL","Bolivia","Latin America & Caribbean","Lower middle income",1982,3.43753407267908,61.1730366821674,9.5306
"BOL","Bolivia","Latin America & Caribbean","Lower middle income",1983,2.16683452091875,76.8058441821574,6.4184
"BOL","Bolivia","Latin America & Caribbean","Lower middle income",1984,2.46698134090704,71.5166160459598,6.7049
"BOL","Bolivia","Latin America & Caribbean","Lower middle income",1985,0.204564520489738,91.0903003902431,5.1392
"BOL","Bolivia","Latin America & Caribbean","Lower middle income",1986,-4.43756028160833,143.204525262113,3.9337
"BOL","Bolivia","Latin America & Caribbean","Lower middle income",1987,-6.12471651743049,136.490289689117,5.3568
"BOL","Bolivia","Latin America & Caribbean","Lower middle income",1988,-3.80414846269169,108.697695701935,4.081
"BOL","Bolivia","Latin America & Caribbean","Lower middle income",1989,-3.41180886903922,89.6920451231178,4.1037
"BOL","Bolivia","Latin America & Caribbean","Lower middle income",1990,-2.24957661850349,89.7771314704069,4.1512
"BOL","Bolivia","Latin America & Caribbean","Lower middle income",1991,-3.70747275827123,77.8336655608607,4.8499
"BOL","Bolivia","Latin America & Caribbean","Lower middle income",1992,-10.2553766888226,76.762490823556,3.0184
"BOL","Bolivia","Latin America & Caribbean","Lower middle income",1993,-9.35532892426501,76.7322951718073,3.2061
"BOL","Bolivia","Latin America & Caribbean","Lower middle income",1994,-2.87065043474513,83.0129051448439,3.3719
"BOL","Bolivia","Latin America & Caribbean","Lower middle income",1995,-5.06465835912535,79.808577458089,3.7982
"BOL","Bolivia","Latin America & Caribbean","Lower middle income",1996,-5.65760278800396,71.3197349850949,1.7824
"BOL","Bolivia","Latin America & Caribbean","Lower middle income",1997,-8.18220456481584,67.0358526278665,4.8323
"BOL","Bolivia","Latin America & Caribbean","Lower middle income",1998,-9.94175382962662,66.940058665141,1.6576
"BOL","Bolivia","Latin America & Caribbean","Lower middle income",1999,-8.18460743854597,68.2571759466913,2.0477
"BOL","Bolivia","Latin America & Caribbean","Lower middle income",2000,-7.23775141251688,70.169880859316,4.22
"BOL","Bolivia","Latin America & Caribbean","Lower middle income",2001,-5.63464442883278,58.8838961346378,3.2237
"BOL","Bolivia","Latin America & Caribbean","Lower middle income",2002,-6.53575171373958,64.6007892102298,3.9259
"BOL","Bolivia","Latin America & Caribbean","Lower middle income",2003,-1.0752721127817,72.5544220445345,3.0011
"BOL","Bolivia","Latin America & Caribbean","Lower middle income",2004,2.63364116789096,71.6305049539581,3.1716
"BOL","Bolivia","Latin America & Caribbean","Lower middle income",2005,4.34436204268895,72.9662958072513,4.8685
"BOL","Bolivia","Latin America & Caribbean","Lower middle income",2006,7.79315157671645,54.6267262341854,4.069
"BOL","Bolivia","Latin America & Caribbean","Lower middle income",2007,6.2082596531726,38.6032017303327,2.6838
"BOL","Bolivia","Latin America & Caribbean","Lower middle income",2008,7.46633781693825,34.1906304642582,3.3657
"BOL","Bolivia","Latin America & Caribbean","Lower middle income",2009,1.58114258032425,33.335227442544,2.8146
"BOL","Bolivia","Latin America & Caribbean","Lower middle income",2010,3.46777058248562,29.3973835835777,1.9933
"BOL","Bolivia","Latin America & Caribbean","Lower middle income",2011,1.44293743994696,25.7979245691167,1.6041
"BOL","Bolivia","Latin America & Caribbean","Lower middle income",2012,8.63624553829574,24.4313188831344,3.118
"BOL","Bolivia","Latin America & Caribbean","Lower middle income",2013,5.51861846490681,26.5556501327713,3.1682
"BOL","Bolivia","Latin America & Caribbean","Lower middle income",2014,3.28207446731081,26.9243661895862,1.7741
"BOL","Bolivia","Latin America & Caribbean","Lower middle income",2015,-5.99916759079005,29.9852867721043,2.2555
"BOL","Bolivia","Latin America & Caribbean","Lower middle income",2016,-7.40698518303165,32.3921277967754,2.4265
"BOL","Bolivia","Latin America & Caribbean","Lower middle income",2017,-4.7318555903549,28.2838709643059,2.5377
"BOL","Bolivia","Latin America & Caribbean","Lower middle income",2018,-4.11535772415603,27.3647439873087,2.5294
"BOL","Bolivia","Latin America & Caribbean","Lower middle income",2019,-3.43721561473353,29.1523237038303,2.5969
"BOL","Bolivia","Latin America & Caribbean","Lower middle income",2020,-1.47645724944058,36.4423328910182,1.7877
"BOL","Bolivia","Latin America & Caribbean","Lower middle income",2021,2.96208000107861,33.4718441433002,1.1197
"BOL","Bolivia","Latin America & Caribbean","Lower middle income",2022,2.39006228533452,31.2610319384813,4.2078
"BOL","Bolivia","Latin America & Caribbean","Lower middle income",2023,-2.13548472114537,31.1637865090729,5.5411
"BOL","Bolivia","Latin America & Caribbean","Lower middle income",2024,-2.33862544049171,28.6392262506223,6.9395
"BRA","Brazil","Latin America & Caribbean","Upper middle income",1975,-3.86521871690668,21.5021661656655,NA
"BRA","Brazil","Latin America & Caribbean","Upper middle income",1976,-2.59256201764635,22.0679966753267,NA
"BRA","Brazil","Latin America & Caribbean","Upper middle income",1977,-0.956085282465503,24.1007075187218,NA
"BRA","Brazil","Latin America & Caribbean","Upper middle income",1978,-1.43899514790093,27.4777641539192,NA
"BRA","Brazil","Latin America & Caribbean","Upper middle income",1979,-2.27751011707988,27.9189429239369,NA
"BRA","Brazil","Latin America & Caribbean","Upper middle income",1980,-2.50933587213959,30.3226234760504,NA
"BRA","Brazil","Latin America & Caribbean","Upper middle income",1981,-0.65422508642928,31.7478055345771,NA
"BRA","Brazil","Latin America & Caribbean","Upper middle income",1982,-1.03569989816251,34.8042045442946,NA
"BRA","Brazil","Latin America & Caribbean","Upper middle income",1983,2.14176675442692,52.2113437913786,NA
"BRA","Brazil","Latin America & Caribbean","Upper middle income",1984,6.01943376863181,55.4130491641798,NA
"BRA","Brazil","Latin America & Caribbean","Upper middle income",1985,5.10338008757047,49.3993365978111,NA
"BRA","Brazil","Latin America & Caribbean","Upper middle income",1986,2.23447479403755,42.7498505251741,NA
"BRA","Brazil","Latin America & Caribbean","Upper middle income",1987,3.10679653475328,42.562679115815,NA
"BRA","Brazil","Latin America & Caribbean","Upper middle income",1988,5.24389331993335,38.3391794369311,NA
"BRA","Brazil","Latin America & Caribbean","Upper middle income",1989,3.22694823839549,27.8287287227631,NA
"BRA","Brazil","Latin America & Caribbean","Upper middle income",1990,1.81473485544419,31.2531047169906,NA
"BRA","Brazil","Latin America & Caribbean","Upper middle income",1991,1.95221444448131,35.4232505172756,NA
"BRA","Brazil","Latin America & Caribbean","Upper middle income",1992,3.62501318337466,39.4695739464396,NA
"BRA","Brazil","Latin America & Caribbean","Upper middle income",1993,2.37284523807007,39.2622059739491,NA
"BRA","Brazil","Latin America & Caribbean","Upper middle income",1994,1.04973744066012,29.1039188753672,NA
"BRA","Brazil","Latin America & Caribbean","Upper middle income",1995,-1.38457589808933,20.9225676885991,23.39167
"BRA","Brazil","Latin America & Caribbean","Upper middle income",1996,-1.58884995524724,21.3767493502833,16.05917
"BRA","Brazil","Latin America & Caribbean","Upper middle income",1997,-2.19434545900606,22.529313999572,10.13083
"BRA","Brazil","Latin America & Caribbean","Upper middle income",1998,-2.15474287350138,28.0184556195798,11.67333
"BRA","Brazil","Latin America & Caribbean","Upper middle income",1999,-1.66631670664662,40.876882754199,13.2175
"BRA","Brazil","Latin America & Caribbean","Upper middle income",2000,-1.61272974649354,36.9993652722058,10.75
"BRA","Brazil","Latin America & Caribbean","Upper middle income",2001,-1.28940080863223,41.0654353291323,9.5
"BRA","Brazil","Latin America & Caribbean","Upper middle income",2002,1.16148143243429,45.4975149735185,9.875
"BRA","Brazil","Latin America & Caribbean","Upper middle income",2003,3.1280120095974,42.2597139649664,11.5
"BRA","Brazil","Latin America & Caribbean","Upper middle income",2004,3.85924384873412,32.9743134167209,9.8125
"BRA","Brazil","Latin America & Caribbean","Upper middle income",2005,3.7766881100439,21.1257735139634,9.75
"BRA","Brazil","Latin America & Caribbean","Upper middle income",2006,3.02019792515974,17.5422862082361,7.875
"BRA","Brazil","Latin America & Caribbean","Upper middle income",2007,1.59022430820597,17.0669229292981,6.375
"BRA","Brazil","Latin America & Caribbean","Upper middle income",2008,0.116760242731602,15.5058789528336,6.25
"BRA","Brazil","Latin America & Caribbean","Upper middle income",2009,0.13897145264805,16.8957252645409,6.125
"BRA","Brazil","Latin America & Caribbean","Upper middle income",2010,-0.876882287926871,15.9524806040726,6
"BRA","Brazil","Latin America & Caribbean","Upper middle income",2011,-0.643299066803149,15.4442652028265,6
"BRA","Brazil","Latin America & Caribbean","Upper middle income",2012,-1.28343659636351,17.8683932450899,5.75
"BRA","Brazil","Latin America & Caribbean","Upper middle income",2013,-2.20733301737203,19.5620758836693,5
"BRA","Brazil","Latin America & Caribbean","Upper middle income",2014,-2.59732784050755,22.6754770244614,5
"BRA","Brazil","Latin America & Caribbean","Upper middle income",2015,-1.56612672091118,30.151685481605,6.25
"BRA","Brazil","Latin America & Caribbean","Upper middle income",2016,0.439288132196541,30.2533385420639,7.5
"BRA","Brazil","Latin America & Caribbean","Upper middle income",2017,0.764257391637797,26.3143459614774,7.125
"BRA","Brazil","Latin America & Caribbean","Upper middle income",2018,0.261915172590172,29.096745660001,6.7225
"BRA","Brazil","Latin America & Caribbean","Upper middle income",2019,-0.475830770906443,30.3588569989463,6.2025
"BRA","Brazil","Latin America & Caribbean","Upper middle income",2020,0.745643754394687,37.2147090080512,4.8725
"BRA","Brazil","Latin America & Caribbean","Upper middle income",2021,0.919111920389377,34.1899742508332,4.8
"BRA","Brazil","Latin America & Caribbean","Upper middle income",2022,0.494043685355767,29.6762510976708,6.7775
"BRA","Brazil","Latin America & Caribbean","Upper middle income",2023,2.21663835965243,27.7202476362858,7.05
"BRA","Brazil","Latin America & Caribbean","Upper middle income",2024,0.526820704608121,27.6995971607154,6.885
"BTN","Bhutan","South Asia","Lower middle income",2006,-14.3885251306117,76.4797966329987,1.387
"BTN","Bhutan","South Asia","Lower middle income",2007,4.01368135434582,63.8046435461438,9.6945
"BTN","Bhutan","South Asia","Lower middle income",2008,-8.50090526271973,52.6046620394221,0.75
"BTN","Bhutan","South Asia","Lower middle income",2009,-8.10446226901157,59.079321330497,4.0431
"BTN","Bhutan","South Asia","Lower middle income",2010,-20.1744507269843,54.6924811999727,9.8816
"BTN","Bhutan","South Asia","Lower middle income",2011,-28.2642492102059,54.1273569000653,0.5078
"BTN","Bhutan","South Asia","Lower middle income",2012,-24.2643539205472,73.4599376572823,3.292
"BTN","Bhutan","South Asia","Lower middle income",2013,-22.279292466211,83.7656590249022,4.6705
"BTN","Bhutan","South Asia","Lower middle income",2014,-21.9816884772797,92.9191816642207,2.0596
"BTN","Bhutan","South Asia","Lower middle income",2015,-22.7045923873293,96.4936819429577,4.2397
"BTN","Bhutan","South Asia","Lower middle income",2016,-25.2372296909453,101.36439137469,1.3852
"BTN","Bhutan","South Asia","Lower middle income",2017,-20.0115747602859,104.499296017115,2
"BTN","Bhutan","South Asia","Lower middle income",2018,-17.917108834804,102.657082568098,3.7057
"BTN","Bhutan","South Asia","Lower middle income",2019,-16.5295465922672,102.490096510941,4.1897
"BTN","Bhutan","South Asia","Lower middle income",2020,-16.3490678252219,131.703732522775,7.61
"BTN","Bhutan","South Asia","Lower middle income",2021,-10.3655588605792,118.06069304649,2.7627
"BTN","Bhutan","South Asia","Lower middle income",2022,-27.2573980500571,109.040535589681,3.2825
"BTN","Bhutan","South Asia","Lower middle income",2023,-31.9570848778999,108.423884653531,1.9553
"BTN","Bhutan","South Asia","Lower middle income",2024,-16.8632409923194,101.598134999177,4.8496
"BWA","Botswana","Sub-Saharan Africa","Upper middle income",1975,-23.7578622772315,41.6645677458789,2.9698
"BWA","Botswana","Sub-Saharan Africa","Upper middle income",1976,-11.3137558089923,44.7155682310911,2.3537
"BWA","Botswana","Sub-Saharan Africa","Upper middle income",1977,-16.2261734386381,41.0876330539645,5.1167
"BWA","Botswana","Sub-Saharan Africa","Upper middle income",1978,-20.8405767712536,21.2628406306,8.9836
"BWA","Botswana","Sub-Saharan Africa","Upper middle income",1979,-11.4486727599449,15.8584442608016,1.5616
"BWA","Botswana","Sub-Saharan Africa","Upper middle income",1980,-16.3119277391367,12.7844676991495,6.0149
"BWA","Botswana","Sub-Saharan Africa","Upper middle income",1981,-37.2954776745625,14.8573713777801,7.3981
"BWA","Botswana","Sub-Saharan Africa","Upper middle income",1982,-19.5397381195369,20.1791844296514,6.9092
"BWA","Botswana","Sub-Saharan Africa","Upper middle income",1983,-6.08935816435581,19.4605730976913,9.9874
"BWA","Botswana","Sub-Saharan Africa","Upper middle income",1984,0.906241038850768,21.5111230847534,9.876
"BWA","Botswana","Sub-Saharan Africa","Upper middle income",1985,16.1154228024673,31.0071670570565,8.142
"BWA","Botswana","Sub-Saharan Africa","Upper middle income",1986,13.580953361232,29.2283988318541,6.8475
"BWA","Botswana","Sub-Saharan Africa","Upper middle income",1987,35.8448285317585,27.6508938053152,4.6635
"BWA","Botswana","Sub-Saharan Africa","Upper middle income",1988,13.3690429044995,20.1395406723751,3.6373
"BWA","Botswana","Sub-Saharan Africa","Upper middle income",1989,16.7681934833315,17.8298347578744,4.9404
"BWA","Botswana","Sub-Saharan Africa","Upper middle income",1990,0.475019007863217,14.5864807693087,6.8417
"BWA","Botswana","Sub-Saharan Africa","Upper middle income",1991,2.39751631289866,15.5358451397612,1.2833
"BWA","Botswana","Sub-Saharan Africa","Upper middle income",1992,0.396666628562282,14.6232669237564,5.1708
"BWA","Botswana","Sub-Saharan Africa","Upper middle income",1993,3.18442745532006,15.9606551891979,3.6638
"BWA","Botswana","Sub-Saharan Africa","Upper middle income",1994,9.02086481283977,16.4441201099023,4.0081
"BWA","Botswana","Sub-Saharan Africa","Upper middle income",1995,7.84035719778526,15.159880736372,NA
"BWA","Botswana","Sub-Saharan Africa","Upper middle income",1996,11.7408807359843,12.9241279947955,3.8939
"BWA","Botswana","Sub-Saharan Africa","Upper middle income",1997,13.2439615140532,11.4481461886671,2.4999
"BWA","Botswana","Sub-Saharan Africa","Upper middle income",1998,-3.9667407626951,11.1088843090316,4.2773
"BWA","Botswana","Sub-Saharan Africa","Upper middle income",1999,10.9012824628618,9.30282173065505,3.9999
"BWA","Botswana","Sub-Saharan Africa","Upper middle income",2000,11.7369755164382,7.81632453487473,NA
"BWA","Botswana","Sub-Saharan Africa","Upper middle income",2001,11.0141645669076,7.29292252826985,3.8819
"BWA","Botswana","Sub-Saharan Africa","Upper middle income",2002,13.9021073106662,9.03405697487574,NA
"BWA","Botswana","Sub-Saharan Africa","Upper middle income",2003,12.7199028813119,6.84444951054628,3.1861
"BWA","Botswana","Sub-Saharan Africa","Upper middle income",2004,9.23173701505148,5.75828247110144,3.125
"BWA","Botswana","Sub-Saharan Africa","Upper middle income",2005,18.4028147108854,4.64304136918524,NA
"BWA","Botswana","Sub-Saharan Africa","Upper middle income",2006,19.485060020669,3.6770406264479,4.5304
"BWA","Botswana","Sub-Saharan Africa","Upper middle income",2007,12.1116031148529,4.02364584632448,3.3318
"BWA","Botswana","Sub-Saharan Africa","Upper middle income",2008,-2.72199776484092,4.17962838690723,NA
"BWA","Botswana","Sub-Saharan Africa","Upper middle income",2009,-12.4798992478631,16.2406236349428,0.7878
"BWA","Botswana","Sub-Saharan Africa","Upper middle income",2010,-10.2929553250238,14.2984832672394,1.1441
"BWA","Botswana","Sub-Saharan Africa","Upper middle income",2011,-6.74393432487997,15.8510056234168,3.6447
"BWA","Botswana","Sub-Saharan Africa","Upper middle income",2012,-17.210667079661,18.1013946235351,1.9382
"BWA","Botswana","Sub-Saharan Africa","Upper middle income",2013,-3.02350854623353,16.6623177689119,3.75
"BWA","Botswana","Sub-Saharan Africa","Upper middle income",2014,3.06858098465436,16.0980562714987,3.2324
"BWA","Botswana","Sub-Saharan Africa","Upper middle income",2015,-6.71827760348034,16.4292482644284,3.75
"BWA","Botswana","Sub-Saharan Africa","Upper middle income",2016,8.6724355039712,14.0639922900437,3.75
"BWA","Botswana","Sub-Saharan Africa","Upper middle income",2017,3.86949327866539,10.7552029375226,2.3519
"BWA","Botswana","Sub-Saharan Africa","Upper middle income",2018,0.997790540971084,10.4155400139197,3.75
"BWA","Botswana","Sub-Saharan Africa","Upper middle income",2019,-8.77121165299565,9.35163908475592,NA
"BWA","Botswana","Sub-Saharan Africa","Upper middle income",2020,-18.6937076640275,10.7149753889352,5.3972
"BWA","Botswana","Sub-Saharan Africa","Upper middle income",2021,-7.49558087361209,10.6529974233603,0.7876
"BWA","Botswana","Sub-Saharan Africa","Upper middle income",2022,0.979256122864244,9.85533305866816,1.253
"BWA","Botswana","Sub-Saharan Africa","Upper middle income",2023,-3.65720973182068,11.2524297659539,3.7048
"BWA","Botswana","Sub-Saharan Africa","Upper middle income",2024,-13.268497283505,12.0188759592848,0.01
"CAF","Central African Republic","Sub-Saharan Africa","Low income",1977,-9.1203884135949,26.0123297992324,3.8529
"CAF","Central African Republic","Sub-Saharan Africa","Low income",1978,-10.2590605900976,23.3156791182362,1.863
"CAF","Central African Republic","Sub-Saharan Africa","Low income",1979,-12.6989170488646,22.5214608190948,0.75
"CAF","Central African Republic","Sub-Saharan Africa","Low income",1980,-15.8592646910188,24.4232967664731,0.6126
"CAF","Central African Republic","Sub-Saharan Africa","Low income",1981,-9.67637723716094,33.5899209371188,3.1672
"CAF","Central African Republic","Sub-Saharan Africa","Low income",1982,-12.046760581526,33.8725355387632,3.6642
"CAF","Central African Republic","Sub-Saharan Africa","Low income",1983,-12.4673146676583,39.1553043800717,1.7002
"CAF","Central African Republic","Sub-Saharan Africa","Low income",1984,-12.1076429103912,41.3316469151382,2.1273
"CAF","Central African Republic","Sub-Saharan Africa","Low income",1985,-11.3263586015133,39.7209679283932,3.5566
"CAF","Central African Republic","Sub-Saharan Africa","Low income",1986,-14.0034530229268,41.1545511066497,2.2731
"CAF","Central African Republic","Sub-Saharan Africa","Low income",1987,-12.9355962835104,51.4438361717989,4.0207
"CAF","Central African Republic","Sub-Saharan Africa","Low income",1988,-10.6041704333473,52.8766251908678,0.919
"CAF","Central African Republic","Sub-Saharan Africa","Low income",1989,-9.46437552219085,56.2055374704364,1.072
"CAF","Central African Republic","Sub-Saharan Africa","Low income",1990,-13.2245605559366,48.4833400160898,1.0341
"CAF","Central African Republic","Sub-Saharan Africa","Low income",1991,-10.1063651896874,57.6589666382608,3.3933
"CAF","Central African Republic","Sub-Saharan Africa","Low income",1992,-12.8003896054238,57.6440307508744,1.8845
"CAF","Central African Republic","Sub-Saharan Africa","Low income",1993,-8.46996571302691,68.4346079276227,0.7438
"CAF","Central African Republic","Sub-Saharan Africa","Low income",1994,-7.68130417594439,104.332413649971,NA
"CHN","China","East Asia & Pacific","Upper middle income",1982,2.30532357530278,4.06848889731333,NA
"CHN","China","East Asia & Pacific","Upper middle income",1983,1.07082469954413,4.1585626023307,NA
"CHN","China","East Asia & Pacific","Upper middle income",1984,-0.0122867643025616,4.64168435453349,NA
"CHN","China","East Asia & Pacific","Upper middle income",1985,-4.06108886670543,5.38572110565759,NA
"CHN","China","East Asia & Pacific","Upper middle income",1986,-2.51866726950901,7.87206017338195,NA
"CHN","China","East Asia & Pacific","Upper middle income",1987,0.106415985437968,12.923335261355,NA
"CHN","China","East Asia & Pacific","Upper middle income",1988,-1.29758522727273,13.5635872891193,NA
"CHN","China","East Asia & Pacific","Upper middle income",1989,-1.41425798954097,12.8975245593094,NA
"CHN","China","East Asia & Pacific","Upper middle income",1990,2.95054575453738,15.2952137417356,NA
"CHN","China","East Asia & Pacific","Upper middle income",1991,3.0170831275571,15.6716640568174,NA
"CHN","China","East Asia & Pacific","Upper middle income",1992,1.166387989273,16.9284706896364,NA
"CHN","China","East Asia & Pacific","Upper middle income",1993,-2.57458566375486,19.2792177765606,NA
"CHN","China","East Asia & Pacific","Upper middle income",1994,1.3424948727851,17.7565909691874,NA
"CHN","China","East Asia & Pacific","Upper middle income",1995,1.61985064582997,16.0276757206891,NA
"CHN","China","East Asia & Pacific","Upper middle income",1996,2.02078483525964,14.8570504485032,NA
"CHN","China","East Asia & Pacific","Upper middle income",1997,4.42509346473045,15.1799618929763,NA
"CHN","China","East Asia & Pacific","Upper middle income",1998,4.22674350741116,13.9050897550265,NA
"CHN","China","East Asia & Pacific","Upper middle income",1999,2.77584714031356,13.482492214892,NA
"CHN","China","East Asia & Pacific","Upper middle income",2000,2.3594212802579,11.9228834452532,NA
"CHN","China","East Asia & Pacific","Upper middle income",2001,2.07256395893982,13.6022484795032,NA
"CHN","China","East Asia & Pacific","Upper middle income",2002,2.50923235407385,12.4488553747473,NA
"CHN","China","East Asia & Pacific","Upper middle income",2003,2.12726757272157,12.3035867182607,NA
"CHN","China","East Asia & Pacific","Upper middle income",2004,2.57909845203644,12.466467037002,NA
"CHN","China","East Asia & Pacific","Upper middle income",2005,5.37752055896076,12.3344427011031,NA
"CHN","China","East Asia & Pacific","Upper middle income",2006,7.48411387417722,11.6933440244257,NA
"CHN","China","East Asia & Pacific","Upper middle income",2007,8.5469272383123,10.4812236855522,NA
"CHN","China","East Asia & Pacific","Upper middle income",2008,7.47389420396523,8.27928897729523,NA
"CHN","China","East Asia & Pacific","Upper middle income",2009,4.24177919196868,8.75785454187981,NA
"CHN","China","East Asia & Pacific","Upper middle income",2010,3.60147816348052,11.994020104992,NA
"CHN","China","East Asia & Pacific","Upper middle income",2011,2.37108310370553,13.7414355128942,NA
"CHN","China","East Asia & Pacific","Upper middle income",2012,2.67297485450939,13.237361679336,NA
"CHN","China","East Asia & Pacific","Upper middle income",2013,2.41585302240332,15.1950916601782,NA
"CHN","China","East Asia & Pacific","Upper middle income",2014,2.07315152296631,16.6600312600482,4.104116
"CHN","China","East Asia & Pacific","Upper middle income",2015,3.17238400792474,11.8233391044155,3.333883
"CHN","China","East Asia & Pacific","Upper middle income",2016,2.23233720831513,12.342015519317,2.850067
"CHN","China","East Asia & Pacific","Upper middle income",2017,1.73087838594344,13.6455584036155,3.591667
"CHN","China","East Asia & Pacific","Upper middle income",2018,0.621335904640572,13.8648214456965,3.579167
"CHN","China","East Asia & Pacific","Upper middle income",2019,0.818684221064496,14.520176692491,3.1813
"CHN","China","East Asia & Pacific","Upper middle income",2020,2.22355061650096,15.5119251315746,2.924433
"CHN","China","East Asia & Pacific","Upper middle income",2021,2.23064911995774,14.9675790818169,3.005533
"CHN","China","East Asia & Pacific","Upper middle income",2022,2.9392560844424,13.8152248448678,2.764183
"CHN","China","East Asia & Pacific","Upper middle income",2023,2.07561636047321,13.3962217057516,2.715
"CHN","China","East Asia & Pacific","Upper middle income",2024,2.95852184588292,12.9197985793508,2.181667
"CIV","Cote d'Ivoire","Sub-Saharan Africa","Lower middle income",2005,4.80806501320225,49.9676563369733,1.7049
"CIV","Cote d'Ivoire","Sub-Saharan Africa","Lower middle income",2006,6.81158606367632,53.9685370143766,0.2325
"CIV","Cote d'Ivoire","Sub-Saharan Africa","Lower middle income",2007,3.5293726715242,50.018923171887,2.7785
"CIV","Cote d'Ivoire","Sub-Saharan Africa","Lower middle income",2008,4.96770175160942,38.0523715024871,0.6264
"CIV","Cote d'Ivoire","Sub-Saharan Africa","Lower middle income",2009,7.86184290421721,43.9544269599046,4.197
"CIV","Cote d'Ivoire","Sub-Saharan Africa","Lower middle income",2010,5.20842086888675,33.4962293067091,1.0622
"CIV","Cote d'Ivoire","Sub-Saharan Africa","Lower middle income",2011,11.4179352197429,34.8560787172085,7.0582
"CIV","Cote d'Ivoire","Sub-Saharan Africa","Lower middle income",2012,3.08670408243168,26.2852151940679,2.1416
"CIV","Cote d'Ivoire","Sub-Saharan Africa","Lower middle income",2013,1.65550384873342,23.0428411226745,1.959
"CIV","Cote d'Ivoire","Sub-Saharan Africa","Lower middle income",2014,3.51183942593248,20.0723402309383,1.7661
"CIV","Cote d'Ivoire","Sub-Saharan Africa","Lower middle income",2015,2.51112138676942,24.852238006596,3.5133
"CIV","Cote d'Ivoire","Sub-Saharan Africa","Lower middle income",2016,2.22528204760773,23.6626421176276,0.8922
"CIV","Cote d'Ivoire","Sub-Saharan Africa","Lower middle income",2017,1.9174815004745,25.6048327554137,3.8534
"CIV","Cote d'Ivoire","Sub-Saharan Africa","Lower middle income",2018,-0.168591255963975,27.6711500359326,4.2853
"CIV","Cote d'Ivoire","Sub-Saharan Africa","Lower middle income",2019,1.50717341095131,32.8368135758955,3.3415
"CIV","Cote d'Ivoire","Sub-Saharan Africa","Lower middle income",2020,0.906891378328178,39.8415561769549,2.645
"CIV","Cote d'Ivoire","Sub-Saharan Africa","Lower middle income",2021,0.0544859570746959,40.8993071960808,2.2099
"CIV","Cote d'Ivoire","Sub-Saharan Africa","Lower middle income",2022,-3.85997223815076,44.5885747970062,3.0233
"CIV","Cote d'Ivoire","Sub-Saharan Africa","Lower middle income",2023,-3.95956488215694,45.0056489079217,4.0164
"CIV","Cote d'Ivoire","Sub-Saharan Africa","Lower middle income",2024,0.0420990522420779,46.5612280038495,5.3195
"CMR","Cameroon","Sub-Saharan Africa","Lower middle income",1977,-2.45803359250905,32.7833159456713,5.2075
"CMR","Cameroon","Sub-Saharan Africa","Lower middle income",1978,-2.42919594543506,32.793315182886,6.7088
"CMR","Cameroon","Sub-Saharan Africa","Lower middle income",1979,-0.505122687898883,36.6955486470321,8.643
"CMR","Cameroon","Sub-Saharan Africa","Lower middle income",1980,-4.17458522215694,38.5463095880101,6.7586
"CMR","Cameroon","Sub-Saharan Africa","Lower middle income",1981,-4.41661111526408,40.0301333191819,6.8418
"CMR","Cameroon","Sub-Saharan Africa","Lower middle income",1982,-2.78941305701237,42.3963870848791,8.2419
"CMR","Cameroon","Sub-Saharan Africa","Lower middle income",1983,-1.96524072843614,42.147075397036,6.9433
"CMR","Cameroon","Sub-Saharan Africa","Lower middle income",1984,2.50359932665339,39.6051782599531,4.5597
"CMR","Cameroon","Sub-Saharan Africa","Lower middle income",1985,0.619714117285533,36.9991353412002,7.5825
"CMR","Cameroon","Sub-Saharan Africa","Lower middle income",1986,-0.290051414706139,34.8925223642124,6.6997
"CMR","Cameroon","Sub-Saharan Africa","Lower middle income",1987,-2.96692933136236,35.1619332253292,5.8333
"CMR","Cameroon","Sub-Saharan Africa","Lower middle income",1988,1.45479973013462,39.3323216753861,4.2591
"CMR","Cameroon","Sub-Saharan Africa","Lower middle income",1989,1.45597904367799,48.7133283205439,6.7218
"CMR","Cameroon","Sub-Saharan Africa","Lower middle income",1990,0.262765449660588,53.2909526638246,6.5733
"CMR","Cameroon","Sub-Saharan Africa","Lower middle income",1991,1.13106997940694,57.1546790499651,6.1375
"CMR","Cameroon","Sub-Saharan Africa","Lower middle income",1992,3.25384162901644,62.2520857838102,4.2967
"CMR","Cameroon","Sub-Saharan Africa","Lower middle income",1993,0.940838192485604,47.8642636570474,4.8837
"CMR","Cameroon","Sub-Saharan Africa","Lower middle income",1994,2.69105022015711,105.12297152824,2.4439
"CMR","Cameroon","Sub-Saharan Africa","Lower middle income",1995,3.98183037610378,100.815908042558,2.5883
"CMR","Cameroon","Sub-Saharan Africa","Lower middle income",1996,1.92710680998308,99.8286466977633,1.3071
"CMR","Cameroon","Sub-Saharan Africa","Lower middle income",1997,0.951913050455835,99.6478166992456,2.4377
"CMR","Cameroon","Sub-Saharan Africa","Lower middle income",1998,0.743607170442319,100.175548487884,1.2622
"CMR","Cameroon","Sub-Saharan Africa","Lower middle income",1999,1.12090287725417,93.0792520731499,1.9824
"CMR","Cameroon","Sub-Saharan Africa","Lower middle income",2000,1.57743474581494,99.9498614127127,0.9177
"CMR","Cameroon","Sub-Saharan Africa","Lower middle income",2001,-0.929139164793358,89.0022125586629,2.423
"CMR","Cameroon","Sub-Saharan Africa","Lower middle income",2002,-0.912243964535029,82.835588293021,1.2254
"CMR","Cameroon","Sub-Saharan Africa","Lower middle income",2003,-1.93659539999775,71.4334538836912,1.7385
"CMR","Cameroon","Sub-Saharan Africa","Lower middle income",2004,-0.785870658662034,57.6631213795012,1.5143
"CMR","Cameroon","Sub-Saharan Africa","Lower middle income",2005,-0.571318430658415,39.4676993768475,0.3932
"CMR","Cameroon","Sub-Saharan Africa","Lower middle income",2006,1.01339341603843,16.3485170344605,1.3793
"CMR","Cameroon","Sub-Saharan Africa","Lower middle income",2007,1.42460392792457,12.8950176668152,0.9211
"CMR","Cameroon","Sub-Saharan Africa","Lower middle income",2008,-2.60340736737042,10.231062806868,0.674
"CMR","Cameroon","Sub-Saharan Africa","Lower middle income",2009,-3.30747339012573,11.5896049369115,1.3016
"CMR","Cameroon","Sub-Saharan Africa","Lower middle income",2010,-2.77898311912075,11.5974848950518,0.9175
"CMR","Cameroon","Sub-Saharan Africa","Lower middle income",2011,-2.29840099383346,10.1026097441119,1.8018
"CMR","Cameroon","Sub-Saharan Africa","Lower middle income",2012,-2.56839855654556,12.893025596318,1.8826
"CMR","Cameroon","Sub-Saharan Africa","Lower middle income",2013,-2.42342147475045,15.3519176853301,1.8089
"CMR","Cameroon","Sub-Saharan Africa","Lower middle income",2014,-2.96195231066836,15.8452560298657,1.0616
"CMR","Cameroon","Sub-Saharan Africa","Lower middle income",2015,-3.27153191505975,22.6788321039485,4.5707
"CMR","Cameroon","Sub-Saharan Africa","Lower middle income",2016,-2.45064360128068,23.3339888694112,1.0054
"CMR","Cameroon","Sub-Saharan Africa","Lower middle income",2017,-2.00174529107258,27.8400515554455,1.5317
"CMR","Cameroon","Sub-Saharan Africa","Lower middle income",2018,-2.80669157710653,27.5429260307176,1.1723
"CMR","Cameroon","Sub-Saharan Africa","Lower middle income",2019,-3.41486169981362,32.59231910497,1.3465
"CMR","Cameroon","Sub-Saharan Africa","Lower middle income",2020,-2.66844815039236,36.1106782655955,1.0485
"CMR","Cameroon","Sub-Saharan Africa","Lower middle income",2021,-3.506968441206,34.1640325896351,2.9263
"CMR","Cameroon","Sub-Saharan Africa","Lower middle income",2022,-2.5201956989139,34.1005993366517,1.2432
"CMR","Cameroon","Sub-Saharan Africa","Lower middle income",2023,-3.97631464259456,31.5521531795923,1.9891
"CMR","Cameroon","Sub-Saharan Africa","Lower middle income",2024,-2.97130075935962,29.5905583474828,5.6499
"COD","Congo, Dem. Rep.","Sub-Saharan Africa","Low income",2005,-8.8312765302128,84.7281548001688,1.4781
"COD","Congo, Dem. Rep.","Sub-Saharan Africa","Low income",2006,-4.26116056774807,73.1482294132298,1.858
"COD","Congo, Dem. Rep.","Sub-Saharan Africa","Low income",2007,-1.82042720740642,67.8073421329497,NA
"COD","Congo, Dem. Rep.","Sub-Saharan Africa","Low income",2008,-4.96138605178534,54.1132008359127,3.8054
"COD","Congo, Dem. Rep.","Sub-Saharan Africa","Low income",2009,-9.37913507265666,70.3652358741478,1
"COD","Congo, Dem. Rep.","Sub-Saharan Africa","Low income",2010,-7.60999606420945,23.5167049566364,1.0859
"COD","Congo, Dem. Rep.","Sub-Saharan Africa","Low income",2011,-6.03811517842893,19.4576257048588,1.2215
"COD","Congo, Dem. Rep.","Sub-Saharan Africa","Low income",2012,-6.58606592024695,17.5739923748806,0.7566
"COD","Congo, Dem. Rep.","Sub-Saharan Africa","Low income",2013,-4.28381578681252,18.0232677734447,7e-04
"COD","Congo, Dem. Rep.","Sub-Saharan Africa","Low income",2014,-8.21970615898853,14.7001501448591,0.8684
"COD","Congo, Dem. Rep.","Sub-Saharan Africa","Low income",2015,-5.74453361057894,13.6487496073994,1.2502
"COD","Congo, Dem. Rep.","Sub-Saharan Africa","Low income",2016,-5.76374873236098,13.5189385608372,0.7516
"COD","Congo, Dem. Rep.","Sub-Saharan Africa","Low income",2017,-3.74658997882772,14.096696767426,0.5095
"COD","Congo, Dem. Rep.","Sub-Saharan Africa","Low income",2018,-3.62792554736361,14.1575830344929,1.5941
"COD","Congo, Dem. Rep.","Sub-Saharan Africa","Low income",2019,-3.66844862935485,15.4024775512611,1.3203
"COD","Congo, Dem. Rep.","Sub-Saharan Africa","Low income",2020,-1.33714568419993,18.1533967191799,0.9794
"COD","Congo, Dem. Rep.","Sub-Saharan Africa","Low income",2021,0.272079983829054,17.7491359407182,0.733
"COD","Congo, Dem. Rep.","Sub-Saharan Africa","Low income",2022,-4.18247310608726,15.1704518939589,0.6909
"COD","Congo, Dem. Rep.","Sub-Saharan Africa","Low income",2023,-5.77030846818831,17.1927565447147,0.1122
"COD","Congo, Dem. Rep.","Sub-Saharan Africa","Low income",2024,-2.5013321716924,16.4890655132595,0.3413
"COG","Congo, Rep.","Sub-Saharan Africa","Lower middle income",2019,20.8218739411197,60.0806409559413,1.1413
"COG","Congo, Rep.","Sub-Saharan Africa","Lower middle income",2020,12.1314618500657,71.7072242574514,2.7438
"COG","Congo, Rep.","Sub-Saharan Africa","Lower middle income",2021,22.0216875663451,54.9771119458497,1.3733
"COL","Colombia","Latin America & Caribbean","Upper middle income",1970,-2.16716015908242,32.4667024084458,NA
"COL","Colombia","Latin America & Caribbean","Upper middle income",1971,-3.99883511013446,33.7059448284025,NA
"COL","Colombia","Latin America & Caribbean","Upper middle income",1972,-0.326857541865579,34.1898775035692,NA
"COL","Colombia","Latin America & Caribbean","Upper middle income",1973,1.17756316548347,32.2500297126973,NA
"COL","Colombia","Latin America & Caribbean","Upper middle income",1974,-1.75605400562428,28.4155915629196,NA
"COL","Colombia","Latin America & Caribbean","Upper middle income",1975,0.780073332574275,30.0388192370128,NA
"COL","Colombia","Latin America & Caribbean","Upper middle income",1976,3.05273578848865,26.8801828735254,NA
"COL","Colombia","Latin America & Caribbean","Upper middle income",1977,3.32298345548219,26.8731949745676,NA
"COL","Colombia","Latin America & Caribbean","Upper middle income",1978,2.26086242244172,22.7250457731101,NA
"COL","Colombia","Latin America & Caribbean","Upper middle income",1979,2.24500632571708,21.678159433107,NA
"COL","Colombia","Latin America & Caribbean","Upper middle income",1980,-0.376027167003044,21.3636227673073,NA
"COL","Colombia","Latin America & Caribbean","Upper middle income",1981,-4.72420377146149,24.5281067147757,NA
"COL","Colombia","Latin America & Caribbean","Upper middle income",1982,-5.78618897974088,26.996439160189,NA
"COL","Colombia","Latin America & Caribbean","Upper middle income",1983,-5.04004371775071,30.0530541341125,NA
"COL","Colombia","Latin America & Caribbean","Upper middle income",1984,-0.326770725076908,32.0866129821864,NA
"COL","Colombia","Latin America & Caribbean","Upper middle income",1985,-1.70514411032237,41.4811776567695,NA
"COL","Colombia","Latin America & Caribbean","Upper middle income",1986,3.85204377871631,44.5967484482032,NA
"COL","Colombia","Latin America & Caribbean","Upper middle income",1987,3.64278122113121,47.3897194637175,NA
"COL","Colombia","Latin America & Caribbean","Upper middle income",1988,1.44086523134426,43.8999185504759,NA
"COL","Colombia","Latin America & Caribbean","Upper middle income",1989,3.0348952099193,43.1848033083401,NA
"COL","Colombia","Latin America & Caribbean","Upper middle income",1990,3.80611267342936,36.3914830062058,NA
"COL","Colombia","Latin America & Caribbean","Upper middle income",1991,5.57187283813941,35.3495636008296,NA
"COL","Colombia","Latin America & Caribbean","Upper middle income",1992,2.03478371111626,30.0601288689598,NA
"COL","Colombia","Latin America & Caribbean","Upper middle income",1993,-2.19423643368854,28.9373011459762,NA
"COL","Colombia","Latin America & Caribbean","Upper middle income",1994,-4.01142241284342,27.1953193119238,NA
"COL","Colombia","Latin America & Caribbean","Upper middle income",1995,-4.01970873889783,27.4000935880376,NA
"COL","Colombia","Latin America & Caribbean","Upper middle income",1996,-3.38069761892853,30.0603029784475,NA
"COL","Colombia","Latin America & Caribbean","Upper middle income",1997,-3.87971365123154,30.2623261224043,NA
"COL","Colombia","Latin America & Caribbean","Upper middle income",1998,-3.97315712934855,33.9491373196239,NA
"COL","Colombia","Latin America & Caribbean","Upper middle income",1999,0.663187825610405,40.4304994934856,NA
"COL","Colombia","Latin America & Caribbean","Upper middle income",2000,1.33032882779176,34.372188023321,NA
"COL","Colombia","Latin America & Caribbean","Upper middle income",2001,-0.988321826982096,37.2850890153214,NA
"COL","Colombia","Latin America & Caribbean","Upper middle income",2002,-1.34117885188692,34.2857755329279,NA
"COL","Colombia","Latin America & Caribbean","Upper middle income",2003,-1.0911633654894,39.4359755923705,15.18833
"COL","Colombia","Latin America & Caribbean","Upper middle income",2004,-0.41260886022613,32.6561788789377,14.34083
"COL","Colombia","Latin America & Caribbean","Upper middle income",2005,-0.474321383968167,25.7535749227835,11.555
"COL","Colombia","Latin America & Caribbean","Upper middle income",2006,-1.20619864072718,23.8708183384604,9.155833
"COL","Colombia","Latin America & Caribbean","Upper middle income",2007,-1.66875802639785,21.4921998908183,10.04833
"COL","Colombia","Latin America & Caribbean","Upper middle income",2008,-0.949426036588446,19.397571737458,11.8925
"COL","Colombia","Latin America & Caribbean","Upper middle income",2009,-0.346596274832061,23.0905196035364,9.469167
"COL","Colombia","Latin America & Caribbean","Upper middle income",2010,-0.784000595633795,22.4895037668651,8.465834
"COL","Colombia","Latin America & Caribbean","Upper middle income",2011,0.157500509849303,22.7374408012212,8.088333
"COL","Colombia","Latin America & Caribbean","Upper middle income",2012,-0.395205657525202,21.3796483077944,6.813334
"COL","Colombia","Latin America & Caribbean","Upper middle income",2013,-0.850707007848423,24.2487547051744,6.495
"COL","Colombia","Latin America & Caribbean","Upper middle income",2014,-3.23477298132222,27.4524685590207,7.055833
"COL","Colombia","Latin America & Caribbean","Upper middle income",2015,-6.47525572690418,38.6448492196411,7.854167
"COL","Colombia","Latin America & Caribbean","Upper middle income",2016,-4.75775485923791,42.7582727939449,7.905833
"COL","Colombia","Latin America & Caribbean","Upper middle income",2017,-2.8093746484004,40.4762816255497,6.771667
"COL","Colombia","Latin America & Caribbean","Upper middle income",2018,-3.15866195994737,39.9218978193553,6.995833
"COL","Colombia","Latin America & Caribbean","Upper middle income",2019,-4.37980618994678,43.0538648997718,6.4975
"COL","Colombia","Latin America & Caribbean","Upper middle income",2020,-4.84735768352922,57.6539309807286,6.333333
"COL","Colombia","Latin America & Caribbean","Upper middle income",2021,-6.27916244869237,54.0770025636018,7.624166
"COL","Colombia","Latin America & Caribbean","Upper middle income",2022,-4.65616288749004,53.3792757411543,11.68417
"COL","Colombia","Latin America & Caribbean","Upper middle income",2023,-2.12678350928666,53.4655213988423,11.33917
"COL","Colombia","Latin America & Caribbean","Upper middle income",2024,-2.30259139269943,47.9813807663731,10.77333
"COM","Comoros","Sub-Saharan Africa","Lower middle income",2014,-18.2799246089218,11.8993638165311,NA
"COM","Comoros","Sub-Saharan Africa","Lower middle income",2015,-17.6276212239161,13.0019485725793,1
"COM","Comoros","Sub-Saharan Africa","Lower middle income",2016,-15.7870546961233,17.2788743064525,NA
"COM","Comoros","Sub-Saharan Africa","Lower middle income",2017,-16.4374756074223,16.8590599973899,0.7398
"COM","Comoros","Sub-Saharan Africa","Lower middle income",2018,-17.3502816351065,22.4811371304733,2.664
"COM","Comoros","Sub-Saharan Africa","Lower middle income",2019,-17.6719916952181,22.6549415447049,0.75
"COM","Comoros","Sub-Saharan Africa","Lower middle income",2020,-22.4213517878608,24.8825830914875,2.0155
"COM","Comoros","Sub-Saharan Africa","Lower middle income",2021,-22.1420619389848,27.0580007774024,0.7474
"COM","Comoros","Sub-Saharan Africa","Lower middle income",2022,-24.5584740262838,28.2992816449396,0.75
"COM","Comoros","Sub-Saharan Africa","Lower middle income",2023,-24.2556082927192,26.0393090757634,0.5139
"CPV","Cabo Verde","Sub-Saharan Africa","Upper middle income",1981,-56.9459013433428,28.2330304156925,7.4338
"CPV","Cabo Verde","Sub-Saharan Africa","Upper middle income",1982,-55.3939203443504,41.9658696285848,0.6883
"CPV","Cabo Verde","Sub-Saharan Africa","Upper middle income",1983,-57.7770432446123,51.7751928653473,3.8916
"CPV","Cabo Verde","Sub-Saharan Africa","Upper middle income",1984,-47.1589804042146,57.7576386053424,1.3983
"CPV","Cabo Verde","Sub-Saharan Africa","Upper middle income",1985,-46.7573384670409,68.9175499153345,2.7722
"CPV","Cabo Verde","Sub-Saharan Africa","Upper middle income",1986,-34.8560007973386,59.4289481414836,0.6359
"CPV","Cabo Verde","Sub-Saharan Africa","Upper middle income",1987,-28.1897802428739,55.0645737430823,0.881
"CPV","Cabo Verde","Sub-Saharan Africa","Upper middle income",1988,-29.5378625279031,47.0482535520254,1.7516
"CPV","Cabo Verde","Sub-Saharan Africa","Upper middle income",1989,-33.0716279195444,47.1274679963066,1.0324
"CPV","Cabo Verde","Sub-Saharan Africa","Upper middle income",1990,-30.0137028270936,43.5840351391343,1.5298
"CPV","Cabo Verde","Sub-Saharan Africa","Upper middle income",1991,-31.6476907376763,41.9727548352566,0.4988
"CPV","Cabo Verde","Sub-Saharan Africa","Upper middle income",1992,-40.0782899973149,39.7563655699495,1.9735
"CPV","Cabo Verde","Sub-Saharan Africa","Upper middle income",1993,-26.9568929967919,30.0909673891291,2.0338
"CPV","Cabo Verde","Sub-Saharan Africa","Upper middle income",1994,-41.4708672935222,43.2681501915105,3.2408
"CPV","Cabo Verde","Sub-Saharan Africa","Upper middle income",1995,-43.2414851609164,43.9532374370897,0.75
"CPV","Cabo Verde","Sub-Saharan Africa","Upper middle income",1996,-35.091580517182,40.3677298990847,0.75
"CPV","Cabo Verde","Sub-Saharan Africa","Upper middle income",1997,-31.0758715884279,42.0965771728355,0.75
"CPV","Cabo Verde","Sub-Saharan Africa","Upper middle income",1998,-36.4558930817418,47.2790037725712,1.1934
"CPV","Cabo Verde","Sub-Saharan Africa","Upper middle income",1999,-38.0669258579774,55.4573048503914,0.7986
"CPV","Cabo Verde","Sub-Saharan Africa","Upper middle income",2000,-34.4886020063543,59.2892426746813,2.8767
"CPV","Cabo Verde","Sub-Saharan Africa","Upper middle income",2001,-32.6235575891646,61.3828832499659,2.6504
"CPV","Cabo Verde","Sub-Saharan Africa","Upper middle income",2002,-36.3151032608597,62.5124370209284,0.8691
"CPV","Cabo Verde","Sub-Saharan Africa","Upper middle income",2003,-36.1863354670016,54.2755856449328,1.2823
"CPV","Cabo Verde","Sub-Saharan Africa","Upper middle income",2004,-37.4088499711543,50.1847904469131,2.6846
"CPV","Cabo Verde","Sub-Saharan Africa","Upper middle income",2005,-29.6283122525137,49.1114015929342,3.4945
"CPV","Cabo Verde","Sub-Saharan Africa","Upper middle income",2006,-29.9240357724539,47.3263634105331,2.8904
"CPV","Cabo Verde","Sub-Saharan Africa","Upper middle income",2007,-28.3188989027047,35.1948096343434,1.3129
"CPV","Cabo Verde","Sub-Saharan Africa","Upper middle income",2008,-24.096480051613,31.9521721226067,1.8307
"CPV","Cabo Verde","Sub-Saharan Africa","Upper middle income",2009,-27.5855310363923,39.1174281963323,1.4579
"CPV","Cabo Verde","Sub-Saharan Africa","Upper middle income",2010,-26.5177042924422,48.4940251399844,1.5473
"CPV","Cabo Verde","Sub-Saharan Africa","Upper middle income",2011,-28.9131571175021,50.8849202768744,1.071
"CPV","Cabo Verde","Sub-Saharan Africa","Upper middle income",2012,-22.3172754205851,84.0371767987828,0.7578
"CPV","Cabo Verde","Sub-Saharan Africa","Upper middle income",2013,-15.639618180014,97.0202524116462,0.99
"CPV","Cabo Verde","Sub-Saharan Africa","Upper middle income",2014,-16.7022215777875,90.7395295032444,0.4403
"CPV","Cabo Verde","Sub-Saharan Africa","Upper middle income",2015,-14.0377704532556,105.223373049532,1.235
"CPV","Cabo Verde","Sub-Saharan Africa","Upper middle income",2016,-15.4104444892102,99.3290820855515,1.6302
"CPV","Cabo Verde","Sub-Saharan Africa","Upper middle income",2017,-19.2359040682448,105.924235144226,0.9974
"CPV","Cabo Verde","Sub-Saharan Africa","Upper middle income",2018,-16.6142912282214,94.824286208507,0.7745
"CPV","Cabo Verde","Sub-Saharan Africa","Upper middle income",2019,-12.4904597826364,95.6084386189783,1.0081
"CPV","Cabo Verde","Sub-Saharan Africa","Upper middle income",2020,-32.082083720574,133.364097134224,0.8556
"CPV","Cabo Verde","Sub-Saharan Africa","Upper middle income",2021,-31.7817777541605,119.728699833227,0.8204
"CPV","Cabo Verde","Sub-Saharan Africa","Upper middle income",2022,-20.376919680197,106.923492452705,0.7371
"CPV","Cabo Verde","Sub-Saharan Africa","Upper middle income",2023,-18.3202859311599,98.3279905801116,3.1925
"CPV","Cabo Verde","Sub-Saharan Africa","Upper middle income",2024,-11.5456588642744,86.9500209011127,2.9284
"DJI","Djibouti","Middle East, North Africa, Afghanistan & Pakistan","Lower middle income",1991,-22.8188376787647,44.298621314094,1.3566
"DJI","Djibouti","Middle East, North Africa, Afghanistan & Pakistan","Lower middle income",1992,-26.1213968762138,46.0160666509719,1.187
"DJI","Djibouti","Middle East, North Africa, Afghanistan & Pakistan","Lower middle income",1993,-20.2241791888113,49.8857817694778,1.3667
"DJI","Djibouti","Middle East, North Africa, Afghanistan & Pakistan","Lower middle income",1994,-14.1010602688151,52.4157444634577,NA
"DJI","Djibouti","Middle East, North Africa, Afghanistan & Pakistan","Lower middle income",1995,-12.072668897531,54.7712168562063,NA
"DJI","Djibouti","Middle East, North Africa, Afghanistan & Pakistan","Lower middle income",1996,-11.8674184179053,58.2710362989915,6.9219
"DJI","Djibouti","Middle East, North Africa, Afghanistan & Pakistan","Lower middle income",1997,-11.5059998209009,52.3023532741042,0.8461
"DJI","Djibouti","Middle East, North Africa, Afghanistan & Pakistan","Lower middle income",1998,-13.0071053282303,54.3076274782132,0.75
"DJI","Djibouti","Middle East, North Africa, Afghanistan & Pakistan","Lower middle income",1999,-11.0398886564567,50.2919853788479,1.6023
"DJI","Djibouti","Middle East, North Africa, Afghanistan & Pakistan","Lower middle income",2000,-15.3258347598589,54.0399798546738,2.345
"DJI","Djibouti","Middle East, North Africa, Afghanistan & Pakistan","Lower middle income",2001,-8.47630899650645,52.3591650475517,1.9105
"DJI","Djibouti","Middle East, North Africa, Afghanistan & Pakistan","Lower middle income",2002,-5.17824982770896,60.6833229297092,1.6055
"DJI","Djibouti","Middle East, North Africa, Afghanistan & Pakistan","Lower middle income",2003,-8.39797956407214,63.6016416075878,1.0058
"DJI","Djibouti","Middle East, North Africa, Afghanistan & Pakistan","Lower middle income",2004,-13.1911298838437,69.1121276317576,2.1804
"DJI","Djibouti","Middle East, North Africa, Afghanistan & Pakistan","Lower middle income",2005,-10.3351622610946,68.70855530383,2.4987
"DJI","Djibouti","Middle East, North Africa, Afghanistan & Pakistan","Lower middle income",2006,-15.3939039115957,73.6974787234101,2.6899
"DJI","Djibouti","Middle East, North Africa, Afghanistan & Pakistan","Lower middle income",2007,-32.3658033219858,95.5292624793901,3.7484
"DJI","Djibouti","Middle East, North Africa, Afghanistan & Pakistan","Lower middle income",2008,-33.824241673331,84.5988690161032,2.5289
"DJI","Djibouti","Middle East, North Africa, Afghanistan & Pakistan","Lower middle income",2009,-17.051847958423,85.66093541747,2
"DJI","Djibouti","Middle East, North Africa, Afghanistan & Pakistan","Lower middle income",2010,-6.39352271934113,68.0961481662496,2.0567
"DJI","Djibouti","Middle East, North Africa, Afghanistan & Pakistan","Lower middle income",2011,-20.5560752331739,62.1009361375976,2.0398
"DJI","Djibouti","Middle East, North Africa, Afghanistan & Pakistan","Lower middle income",2012,-19.7249022110081,59.2764646521222,2.2015
"DJI","Djibouti","Middle East, North Africa, Afghanistan & Pakistan","Lower middle income",2013,-34.8921245343994,40.1381129904186,2.7346
"DJI","Djibouti","Middle East, North Africa, Afghanistan & Pakistan","Lower middle income",2014,20.0178988499979,42.4699566040665,2.0037
"DJI","Djibouti","Middle East, North Africa, Afghanistan & Pakistan","Lower middle income",2015,22.4793245816126,50.6311140374428,2.4453
"DJI","Djibouti","Middle East, North Africa, Afghanistan & Pakistan","Lower middle income",2016,-5.54404840547301,65.346263023827,1.8682
"DJI","Djibouti","Middle East, North Africa, Afghanistan & Pakistan","Lower middle income",2017,-5.77109760276001,82.0596376553396,2.3007
"DJI","Djibouti","Middle East, North Africa, Afghanistan & Pakistan","Lower middle income",2018,12.8409177776982,79.6776164164521,1.2907
"DJI","Djibouti","Middle East, North Africa, Afghanistan & Pakistan","Lower middle income",2019,12.4967263044672,82.6384772613895,4.2847
"DJI","Djibouti","Middle East, North Africa, Afghanistan & Pakistan","Lower middle income",2020,8.59073744465724,92.2469535962012,1.6919
"DJI","Djibouti","Middle East, North Africa, Afghanistan & Pakistan","Lower middle income",2021,-9.52317848529096,94.5104369561581,0.9426
"DJI","Djibouti","Middle East, North Africa, Afghanistan & Pakistan","Lower middle income",2022,16.21596001125,88.9783259889301,0.858
"DJI","Djibouti","Middle East, North Africa, Afghanistan & Pakistan","Lower middle income",2023,15.5807753506909,87.9531440032926,5.8513
"DJI","Djibouti","Middle East, North Africa, Afghanistan & Pakistan","Lower middle income",2024,11.6782601816392,83.2585470830738,0.3774
"DMA","Dominica","Latin America & Caribbean","Upper middle income",1981,-34.9542222833045,17.578639151338,2.28
"DMA","Dominica","Latin America & Caribbean","Upper middle income",1982,-20.552326651829,22.9216606369293,1.7311
"DMA","Dominica","Latin America & Caribbean","Upper middle income",1983,-13.8853427376882,39.6833667599467,0.2963
"DMA","Dominica","Latin America & Caribbean","Upper middle income",1984,-20.8873322133683,47.1633931275742,4
"DMA","Dominica","Latin America & Caribbean","Upper middle income",1985,-21.0892897747422,49.1149648723071,3.9949
"DMA","Dominica","Latin America & Caribbean","Upper middle income",1986,-5.29406027700845,45.4300447204505,3.217
"DMA","Dominica","Latin America & Caribbean","Upper middle income",1987,-7.37966637601367,49.6366013376215,1.4407
"DMA","Dominica","Latin America & Caribbean","Upper middle income",1988,-12.2492704589717,44.8028229457871,2.0352
"DMA","Dominica","Latin America & Caribbean","Upper middle income",1989,-26.4708529861879,43.5424836245006,3.358
"DMA","Dominica","Latin America & Caribbean","Upper middle income",1990,-22.092082521237,45.0553897988452,2.9551
"DMA","Dominica","Latin America & Caribbean","Upper middle income",1991,-15.405487393825,44.6388161032088,4.0455
"DMA","Dominica","Latin America & Caribbean","Upper middle income",1992,-11.6763719222736,41.7477476042788,2.9858
"DMA","Dominica","Latin America & Caribbean","Upper middle income",1993,-8.35847462740601,40.0166847266638,3.7434
"DMA","Dominica","Latin America & Caribbean","Upper middle income",1994,-8.39859346324652,37.7111547904905,NA
"DMA","Dominica","Latin America & Caribbean","Upper middle income",1995,-12.6792676839222,38.2017803335088,2.6016
"DMA","Dominica","Latin America & Caribbean","Upper middle income",1996,-14.5494633602392,39.8496844532864,2.7034
"DMA","Dominica","Latin America & Caribbean","Upper middle income",1997,-11.7813879007909,34.6932386812864,3.7091
"DMA","Dominica","Latin America & Caribbean","Upper middle income",1998,-6.38246545128719,35.32721143123,3.3393
"DMA","Dominica","Latin America & Caribbean","Upper middle income",1999,-7.1705274909294,40.4441841350824,7.0498
"DMA","Dominica","Latin America & Caribbean","Upper middle income",2000,-14.2723244070422,54.9762335095572,4.5188
"DMA","Dominica","Latin America & Caribbean","Upper middle income",2001,-9.98642844515508,61.6990522121376,5.8077
"DMA","Dominica","Latin America & Caribbean","Upper middle income",2002,-5.71462795693545,66.3334660181237,3.5285
"DMA","Dominica","Latin America & Caribbean","Upper middle income",2003,-3.34723505522184,82.3408735306956,1.6084
"DMA","Dominica","Latin America & Caribbean","Upper middle income",2004,-6.65035844304114,81.9116036578535,2.9204
"DMA","Dominica","Latin America & Caribbean","Upper middle income",2005,-14.7646568495857,75.1596949958842,2.3555
"DMA","Dominica","Latin America & Caribbean","Upper middle income",2006,-9.30151222610719,65.4772715596167,NA
"DMA","Dominica","Latin America & Caribbean","Upper middle income",2007,-18.0752990914397,59.7111140523883,0.75
"DMA","Dominica","Latin America & Caribbean","Upper middle income",2008,-25.4816803888497,54.2643283354295,1.9257
"DMA","Dominica","Latin America & Caribbean","Upper middle income",2009,-20.5402980886085,52.7295952987063,2.1403
"DMA","Dominica","Latin America & Caribbean","Upper middle income",2010,-17.9792908245458,52.2061247089668,2.5733
"DMA","Dominica","Latin America & Caribbean","Upper middle income",2011,-15.1141198709559,52.7078477941279,3.3422
"DMA","Dominica","Latin America & Caribbean","Upper middle income",2012,-18.8762401657546,58.5710079283395,3.1675
"DMA","Dominica","Latin America & Caribbean","Upper middle income",2013,-17.5333710956226,89.6617299406403,1.6146
"DMA","Dominica","Latin America & Caribbean","Upper middle income",2014,-11.5512825196336,84.2151539677301,0.8239
"DMA","Dominica","Latin America & Caribbean","Upper middle income",2015,-11.3506030639486,85.0526123766337,4.7713
"DMA","Dominica","Latin America & Caribbean","Upper middle income",2016,-11.1038069123957,87.4884351171478,2
"DMA","Dominica","Latin America & Caribbean","Upper middle income",2017,-20.4218675887641,92.490580728571,1.6937
"DMA","Dominica","Latin America & Caribbean","Upper middle income",2018,-44.6992593984068,80.4508202928797,0.75
"DMA","Dominica","Latin America & Caribbean","Upper middle income",2019,-35.975761943087,71.4324947272205,3.4434
"DMA","Dominica","Latin America & Caribbean","Upper middle income",2020,-38.0770465987467,90.9226072135281,1.0527
"DMA","Dominica","Latin America & Caribbean","Upper middle income",2021,-35.4359541010356,90.5977898701196,0.9222
"DMA","Dominica","Latin America & Caribbean","Upper middle income",2022,-29.2248919614569,96.1754649723291,0.75
"DMA","Dominica","Latin America & Caribbean","Upper middle income",2023,-41.1045325086791,89.8249565522936,NA
"DMA","Dominica","Latin America & Caribbean","Upper middle income",2024,-37.4793979505156,82.6746484424564,1.459
"DOM","Dominican Republic","Latin America & Caribbean","Upper middle income",1970,-7.21642544597779,26.2233591383373,2.3681
"DOM","Dominican Republic","Latin America & Caribbean","Upper middle income",1971,-7.08070807080708,26.3991164116412,2.0971
"DOM","Dominican Republic","Latin America & Caribbean","Upper middle income",1972,-1.54473181040555,24.2023598671631,4.0381
"DOM","Dominican Republic","Latin America & Caribbean","Upper middle income",1973,-2.14517229614466,22.0238705134766,4.0409
"DOM","Dominican Republic","Latin America & Caribbean","Upper middle income",1974,-6.36428888812934,21.3950536999692,4.5073
"DOM","Dominican Republic","Latin America & Caribbean","Upper middle income",1975,0.027783951989331,20.2764053234052,5.1937
"DOM","Dominican Republic","Latin America & Caribbean","Upper middle income",1976,-3.68973807414906,22.1569922232064,6.8471
"DOM","Dominican Republic","Latin America & Caribbean","Upper middle income",1977,-3.70168516055896,25.9259692114844,7.4822
"DOM","Dominican Republic","Latin America & Caribbean","Upper middle income",1978,-6.88577222034471,29.7112029697533,10.4672
"DOM","Dominican Republic","Latin America & Caribbean","Upper middle income",1979,-6.35411362479086,30.5990008583691,7.5857
"DOM","Dominican Republic","Latin America & Caribbean","Upper middle income",1980,-9.5750817150548,30.7865093280878,8.9472
"DOM","Dominican Republic","Latin America & Caribbean","Upper middle income",1981,-4.04427810032666,31.3707480314232,6.5707
"DOM","Dominican Republic","Latin America & Caribbean","Upper middle income",1982,-4.751191426567,31.4272889638822,5.4866
"DOM","Dominican Republic","Latin America & Caribbean","Upper middle income",1983,-3.64184543305208,32.5646573834675,5.8201
"DOM","Dominican Republic","Latin America & Caribbean","Upper middle income",1984,-1.61290322580645,27.4674260436433,7.2733
"DOM","Dominican Republic","Latin America & Caribbean","Upper middle income",1985,-4.71000560954795,70.83779502577,7.3582
"DOM","Dominican Republic","Latin America & Caribbean","Upper middle income",1986,-3.59025456478091,61.4526249068479,6.4359
"DOM","Dominican Republic","Latin America & Caribbean","Upper middle income",1987,-6.66889677908908,68.8587995300305,7.4937
"DOM","Dominican Republic","Latin America & Caribbean","Upper middle income",1988,-1.89606088887536,75.7806759712281,6.6729
"DOM","Dominican Republic","Latin America & Caribbean","Upper middle income",1989,-6.92430354067888,62.2089998795178,5.0507
"DOM","Dominican Republic","Latin America & Caribbean","Upper middle income",1990,-5.67597421535267,63.3993797425862,5.7369
"DOM","Dominican Republic","Latin America & Caribbean","Upper middle income",1991,-3.57372482451539,46.815220850338,5.0353
"DOM","Dominican Republic","Latin America & Caribbean","Upper middle income",1992,-7.05103859970112,40.6384269951849,7.3331
"DOM","Dominican Republic","Latin America & Caribbean","Upper middle income",1993,-5.57983054928405,37.8970139015833,3.9536
"DOM","Dominican Republic","Latin America & Caribbean","Upper middle income",1994,-3.98709854407891,29.8150072453733,3.68
"DOM","Dominican Republic","Latin America & Caribbean","Upper middle income",1995,-2.44028941787102,27.2456117359024,6.6288
"DOM","Dominican Republic","Latin America & Caribbean","Upper middle income",1996,-3.59397854159956,24.201598791348,5.482
"DOM","Dominican Republic","Latin America & Caribbean","Upper middle income",1997,-3.59536303832329,21.5311127531531,7.1421
"DOM","Dominican Republic","Latin America & Caribbean","Upper middle income",1998,-6.62045833248565,20.642620492338,6.5431
"DOM","Dominican Republic","Latin America & Caribbean","Upper middle income",1999,-5.88211925904444,21.6596085281664,4.7425
"DOM","Dominican Republic","Latin America & Caribbean","Upper middle income",2000,-7.76564237469406,18.9995013883787,6.5337
"DOM","Dominican Republic","Latin America & Caribbean","Upper middle income",2001,-6.54875223132536,20.3594124614248,7.0667
"DOM","Dominican Republic","Latin America & Caribbean","Upper middle income",2002,-7.05814529485793,24.2282391047349,2.6252
"DOM","Dominican Republic","Latin America & Caribbean","Upper middle income",2003,0.436384000082014,33.9989334832548,6.3581
"DOM","Dominican Republic","Latin America & Caribbean","Upper middle income",2004,1.51686284355741,35.0275883874855,3.2807
"DOM","Dominican Republic","Latin America & Caribbean","Upper middle income",2005,-3.54384137923987,21.6667246735477,1.416
"DOM","Dominican Republic","Latin America & Caribbean","Upper middle income",2006,-6.80707910849698,24.3396749528462,5.6607
"DOM","Dominican Republic","Latin America & Caribbean","Upper middle income",2007,-7.69763381256508,24.4462674636287,3.8934
"DOM","Dominican Republic","Latin America & Caribbean","Upper middle income",2008,-13.0659444637268,22.0607856373134,2.7391
"DOM","Dominican Republic","Latin America & Caribbean","Upper middle income",2009,-7.92347651506974,24.5809441418036,2.965
"DOM","Dominican Republic","Latin America & Caribbean","Upper middle income",2010,-10.2728471946231,25.0898788615867,4.165
"DOM","Dominican Republic","Latin America & Caribbean","Upper middle income",2011,-10.3821923768345,26.0531191293626,2.765
"DOM","Dominican Republic","Latin America & Caribbean","Upper middle income",2012,-9.14159591167873,36.4943000224873,0.9788
"DOM","Dominican Republic","Latin America & Caribbean","Upper middle income",2013,-5.98381427973245,38.2985632186275,4.1303
"DOM","Dominican Republic","Latin America & Caribbean","Upper middle income",2014,-4.90984546769394,39.1996962937207,3.7165
"DOM","Dominican Republic","Latin America & Caribbean","Upper middle income",2015,-4.36387262849189,37.6619102217551,4.6769
"DOM","Dominican Republic","Latin America & Caribbean","Upper middle income",2016,-3.46697467419608,37.4458485875949,6.3922
"DOM","Dominican Republic","Latin America & Caribbean","Upper middle income",2017,-2.59250395506837,37.2527009009108,4.7064
"DOM","Dominican Republic","Latin America & Caribbean","Upper middle income",2018,-4.77994330006392,37.4894795049185,6.4226
"DOM","Dominican Republic","Latin America & Caribbean","Upper middle income",2019,-4.50586017188163,39.3686424367638,6.0592
"DOM","Dominican Republic","Latin America & Caribbean","Upper middle income",2020,-6.89080750864427,51.6377472707216,5.0224
"DOM","Dominican Republic","Latin America & Caribbean","Upper middle income",2021,-8.52824316063802,46.2670762449699,4.3248
"DOM","Dominican Republic","Latin America & Caribbean","Upper middle income",2022,-10.2829529486025,42.5540319699515,4.8817
"DOM","Dominican Republic","Latin America & Caribbean","Upper middle income",2023,-7.18908382067912,43.3256137741372,9.1832
"DOM","Dominican Republic","Latin America & Caribbean","Upper middle income",2024,-6.05042173269717,42.8813856311279,8.1478
"DZA","Algeria","Middle East, North Africa, Afghanistan & Pakistan","Upper middle income",2005,22.6079070042102,15.9575805070562,2.2733
"DZA","Algeria","Middle East, North Africa, Afghanistan & Pakistan","Upper middle income",2006,25.9553905099124,4.79292234818897,1.7825
"DZA","Algeria","Middle East, North Africa, Afghanistan & Pakistan","Upper middle income",2007,21.1433376389641,4.30258270846097,1.7126
"DZA","Algeria","Middle East, North Africa, Afghanistan & Pakistan","Upper middle income",2008,18.0040001930765,3.45961973399303,3.8165
"DZA","Algeria","Middle East, North Africa, Afghanistan & Pakistan","Upper middle income",2009,-0.60525742891214,4.93246373456864,1.7888
"DZA","Algeria","Middle East, North Africa, Afghanistan & Pakistan","Upper middle income",2010,5.59275220529814,4.07965640956912,NA
"DZA","Algeria","Middle East, North Africa, Afghanistan & Pakistan","Upper middle income",2011,7.78631516835393,2.77309608601227,1.9848
"DZA","Algeria","Middle East, North Africa, Afghanistan & Pakistan","Upper middle income",2012,5.63769780861577,2.42883164142045,NA
"DZA","Algeria","Middle East, North Africa, Afghanistan & Pakistan","Upper middle income",2013,1.27264848162589,2.28428674176138,NA
"DZA","Algeria","Middle East, North Africa, Afghanistan & Pakistan","Upper middle income",2014,-3.21325489881677,2.3106950435816,NA
"DZA","Algeria","Middle East, North Africa, Afghanistan & Pakistan","Upper middle income",2015,-13.5390614693398,2.49151566957652,NA
"DZA","Algeria","Middle East, North Africa, Afghanistan & Pakistan","Upper middle income",2016,-15.1852772396885,3.02219839263292,0.7499
"DZA","Algeria","Middle East, North Africa, Afghanistan & Pakistan","Upper middle income",2017,-11.7982568545991,3.00547306994927,NA
"DZA","Algeria","Middle East, North Africa, Afghanistan & Pakistan","Upper middle income",2018,-8.07043572582639,2.93516362152353,NA
"DZA","Algeria","Middle East, North Africa, Afghanistan & Pakistan","Upper middle income",2019,-8.11933772416295,2.83903064811808,NA
"DZA","Algeria","Middle East, North Africa, Afghanistan & Pakistan","Upper middle income",2020,-10.5809263751837,3.14051817085672,NA
"DZA","Algeria","Middle East, North Africa, Afghanistan & Pakistan","Upper middle income",2021,-1.31080383621768,3.96216105067671,NA
"DZA","Algeria","Middle East, North Africa, Afghanistan & Pakistan","Upper middle income",2022,10.0320586264284,3.16038953373179,NA
"DZA","Algeria","Middle East, North Africa, Afghanistan & Pakistan","Upper middle income",2023,3.3725111269516,2.95061002273104,NA
"DZA","Algeria","Middle East, North Africa, Afghanistan & Pakistan","Upper middle income",2024,-0.524949823446396,2.56134446743858,NA
"ECU","Ecuador","Latin America & Caribbean","Upper middle income",1976,1.12737450820165,13.3536457935649,7.8085
"ECU","Ecuador","Latin America & Caribbean","Upper middle income",1977,-1.66238259002468,22.5429651289499,7.8443
"ECU","Ecuador","Latin America & Caribbean","Upper middle income",1978,-3.98741945626788,34.2956759242992,8.1238
"ECU","Ecuador","Latin America & Caribbean","Upper middle income",1979,-1.80244867599811,32.714917173336,10.7598
"ECU","Ecuador","Latin America & Caribbean","Upper middle income",1980,-0.328272085352704,34.1635757362917,10.6811
"ECU","Ecuador","Latin America & Caribbean","Upper middle income",1981,-1.19986652346994,35.6366064332859,11.3966
"ECU","Ecuador","Latin America & Caribbean","Upper middle income",1982,-1.01355522758191,39.1753767776201,8.6603
"ECU","Ecuador","Latin America & Caribbean","Upper middle income",1983,4.37837636162911,44.8503580639076,9.8764
"ECU","Ecuador","Latin America & Caribbean","Upper middle income",1984,4.78935440980838,49.6678703063962,8.7577
"ECU","Ecuador","Latin America & Caribbean","Upper middle income",1985,6.15193049665962,51.2699491155195,6.8915
"ECU","Ecuador","Latin America & Caribbean","Upper middle income",1986,2.7099141146587,61.5012017856472,7.4885
"ECU","Ecuador","Latin America & Caribbean","Upper middle income",1987,-1.86441048108556,75.6782822387148,7.3462
"ECU","Ecuador","Latin America & Caribbean","Upper middle income",1988,3.49374906386277,82.8150111268051,5.9046
"ECU","Ecuador","Latin America & Caribbean","Upper middle income",1989,3.97384641645845,81.8972756156281,7.3677
"ECU","Ecuador","Latin America & Caribbean","Upper middle income",1990,4.87556078913744,79.8110313871357,6.4278
"ECU","Ecuador","Latin America & Caribbean","Upper middle income",1991,1.76001047347295,73.7027536379477,6.777
"ECU","Ecuador","Latin America & Caribbean","Upper middle income",1992,3.87968808291823,67.7702652220727,6.8613
"ECU","Ecuador","Latin America & Caribbean","Upper middle income",1993,-1.26803729868192,74.555180260025,5.6537
"ECU","Ecuador","Latin America & Caribbean","Upper middle income",1994,-1.24485475575331,79.7296737932483,5.9826
"ECU","Ecuador","Latin America & Caribbean","Upper middle income",1995,-2.09443138492362,69.5867405475864,6.3922
"ECU","Ecuador","Latin America & Caribbean","Upper middle income",1996,1.95787006152985,69.2008863342145,5.9544
"ECU","Ecuador","Latin America & Caribbean","Upper middle income",1997,-0.184894190601014,65.2057309682352,9.2891
"ECU","Ecuador","Latin America & Caribbean","Upper middle income",1998,-6.05713044802139,66.1921009647988,6.7474
"ECU","Ecuador","Latin America & Caribbean","Upper middle income",1999,5.78475046408408,97.2757245260685,6.8624
"ECU","Ecuador","Latin America & Caribbean","Upper middle income",2000,5.58348337712092,97.9676002344157,10.1621
"ECU","Ecuador","Latin America & Caribbean","Upper middle income",2001,-4.0133649447247,77.0247619651529,5.5734
"ECU","Ecuador","Latin America & Caribbean","Upper middle income",2002,-5.98035834583318,72.3943835157998,4.7415
"ECU","Ecuador","Latin America & Caribbean","Upper middle income",2003,-2.14378090318199,64.5129946422449,1.7134
"ECU","Ecuador","Latin America & Caribbean","Upper middle income",2004,-1.90257500439399,58.6240794185597,4.5793
"ECU","Ecuador","Latin America & Caribbean","Upper middle income",2005,-0.922302476080694,50.7257652066969,7.9489
"ECU","Ecuador","Latin America & Caribbean","Upper middle income",2006,1.01479327881733,44.6352745666619,6.6455
"ECU","Ecuador","Latin America & Caribbean","Upper middle income",2007,0.905844715137882,42.3633056991929,5.3722
"ECU","Ecuador","Latin America & Caribbean","Upper middle income",2008,-0.0371913376839758,31.1308359882209,3.256
"ECU","Ecuador","Latin America & Caribbean","Upper middle income",2009,-1.89401264818518,22.2595699193034,3.2725
"ECU","Ecuador","Latin America & Caribbean","Upper middle income",2010,-4.44075188597009,22.5810888198527,4.8593
"ECU","Ecuador","Latin America & Caribbean","Upper middle income",2011,-2.36155784447306,20.4852114594102,5.3662
"ECU","Ecuador","Latin America & Caribbean","Upper middle income",2012,-1.53232950233469,18.5339360042295,5.6982
"ECU","Ecuador","Latin America & Caribbean","Upper middle income",2013,-2.01730843205866,19.7727081692603,2.6131
"ECU","Ecuador","Latin America & Caribbean","Upper middle income",2014,-1.20151539384772,24.3232022368977,2.5531
"ECU","Ecuador","Latin America & Caribbean","Upper middle income",2015,-2.52551321806427,29.2212113833498,5.0979
"ECU","Ecuador","Latin America & Caribbean","Upper middle income",2016,0.441815391105531,36.2389048107854,7.3069
"ECU","Ecuador","Latin America & Caribbean","Upper middle income",2017,-0.637827600295901,39.4099836317493,7.2513
"ECU","Ecuador","Latin America & Caribbean","Upper middle income",2018,-1.12074341683594,41.8433324254967,6.1892
"ECU","Ecuador","Latin America & Caribbean","Upper middle income",2019,-0.217438041352352,48.244267730636,7.0759
"ECU","Ecuador","Latin America & Caribbean","Upper middle income",2020,2.4292758690955,58.8296025783965,2.7802
"ECU","Ecuador","Latin America & Caribbean","Upper middle income",2021,0.842186075416798,54.2232581611034,1.7835
"ECU","Ecuador","Latin America & Caribbean","Upper middle income",2022,0.0313201144123759,52.2528655906871,3.0056
"ECU","Ecuador","Latin America & Caribbean","Upper middle income",2023,0.313272917386691,51.0444465572911,6.3788
"ECU","Ecuador","Latin America & Caribbean","Upper middle income",2024,3.62383177425215,48.758944207645,6.3588
"EGY","Egypt, Arab Rep.","Middle East, North Africa, Afghanistan & Pakistan","Lower middle income",1977,-13.2739254889079,81.4783566118482,4.7464
"EGY","Egypt, Arab Rep.","Middle East, North Africa, Afghanistan & Pakistan","Lower middle income",1978,-18.356098795307,86.8086917821951,4.0287
"EGY","Egypt, Arab Rep.","Middle East, North Africa, Afghanistan & Pakistan","Lower middle income",1979,-19.772640819723,82.7157191428845,8.1263
"EGY","Egypt, Arab Rep.","Middle East, North Africa, Afghanistan & Pakistan","Lower middle income",1980,-13.4327156503003,88.2824433411511,4.9798
"EGY","Egypt, Arab Rep.","Middle East, North Africa, Afghanistan & Pakistan","Lower middle income",1981,-17.4801879464717,99.7369729575536,7.7061
"EGY","Egypt, Arab Rep.","Middle East, North Africa, Afghanistan & Pakistan","Lower middle income",1982,-13.1693267021051,98.8011766550125,8.3527
"EGY","Egypt, Arab Rep.","Middle East, North Africa, Afghanistan & Pakistan","Lower middle income",1983,-13.5382459914134,97.5675866092635,9.2477
"EGY","Egypt, Arab Rep.","Middle East, North Africa, Afghanistan & Pakistan","Lower middle income",1984,-18.6115694504996,94.7492594976437,8.8419
"EGY","Egypt, Arab Rep.","Middle East, North Africa, Afghanistan & Pakistan","Lower middle income",1985,-13.7792653772501,92.5004779483184,7.9104
"EGY","Egypt, Arab Rep.","Middle East, North Africa, Afghanistan & Pakistan","Lower middle income",1986,-10.1615600907029,96.6979402077451,7.1224
"EGY","Egypt, Arab Rep.","Middle East, North Africa, Afghanistan & Pakistan","Lower middle income",1987,-10.1214976421637,109.135746146634,6.6702
"EGY","Egypt, Arab Rep.","Middle East, North Africa, Afghanistan & Pakistan","Lower middle income",1988,-15.1024536178106,131.927920670797,6.0851
"EGY","Egypt, Arab Rep.","Middle East, North Africa, Afghanistan & Pakistan","Lower middle income",1989,-12.0781317591499,114.890249794073,7.1016
"EGY","Egypt, Arab Rep.","Middle East, North Africa, Afghanistan & Pakistan","Lower middle income",1990,-9.76176356993737,76.8184136344756,5.2695
"EGY","Egypt, Arab Rep.","Middle East, North Africa, Afghanistan & Pakistan","Lower middle income",1991,-6.01265066666667,87.2055608421198,4.6656
"EGY","Egypt, Arab Rep.","Middle East, North Africa, Afghanistan & Pakistan","Lower middle income",1992,-5.69094219985621,74.4672115350474,4.4007
"EGY","Egypt, Arab Rep.","Middle East, North Africa, Afghanistan & Pakistan","Lower middle income",1993,-8.26559278350516,65.8053766352158,2.315
"EGY","Egypt, Arab Rep.","Middle East, North Africa, Afghanistan & Pakistan","Lower middle income",1994,-6.797952,62.6211992364343,2.2983
"EGY","Egypt, Arab Rep.","Middle East, North Africa, Afghanistan & Pakistan","Lower middle income",1995,-6.44954901960785,55.6443419312538,3.077
"EGY","Egypt, Arab Rep.","Middle East, North Africa, Afghanistan & Pakistan","Lower middle income",1996,-6.21472362685266,46.5958923811431,1.6025
"EGY","Egypt, Arab Rep.","Middle East, North Africa, Afghanistan & Pakistan","Lower middle income",1997,-7.67677547950358,38.1874303969056,5.9447
"EGY","Egypt, Arab Rep.","Middle East, North Africa, Afghanistan & Pakistan","Lower middle income",1998,-10.0968058455115,38.1323135646051,3.3142
"EGY","Egypt, Arab Rep.","Middle East, North Africa, Afghanistan & Pakistan","Lower middle income",1999,-7.5912760403121,34.3086477143685,0.75
"EGY","Egypt, Arab Rep.","Middle East, North Africa, Afghanistan & Pakistan","Lower middle income",2000,-6.04075316083505,29.2799908145592,5.0751
"EGY","Egypt, Arab Rep.","Middle East, North Africa, Afghanistan & Pakistan","Lower middle income",2001,-5.09791441315863,29.3031802980019,7.2768
"EGY","Egypt, Arab Rep.","Middle East, North Africa, Afghanistan & Pakistan","Lower middle income",2002,-3.60615597783056,34.8480540353392,2.5547
"EGY","Egypt, Arab Rep.","Middle East, North Africa, Afghanistan & Pakistan","Lower middle income",2003,0.495588023952096,37.9476778871952,2.5981
"EGY","Egypt, Arab Rep.","Middle East, North Africa, Afghanistan & Pakistan","Lower middle income",2004,-0.506584792911601,39.8607549656378,2.7259
"EGY","Egypt, Arab Rep.","Middle East, North Africa, Afghanistan & Pakistan","Lower middle income",2005,-4.02686406685237,34.1016961883369,3.7863
"EGY","Egypt, Arab Rep.","Middle East, North Africa, Afghanistan & Pakistan","Lower middle income",2006,-3.60489719928767,28.8834795268657,4.0169
"EGY","Egypt, Arab Rep.","Middle East, North Africa, Afghanistan & Pakistan","Lower middle income",2007,-7.12883686895813,26.5295340821695,5.1393
"EGY","Egypt, Arab Rep.","Middle East, North Africa, Afghanistan & Pakistan","Lower middle income",2008,-7.65387493020658,20.8363327840033,2.7631
"EGY","Egypt, Arab Rep.","Middle East, North Africa, Afghanistan & Pakistan","Lower middle income",2009,-4.88138840913453,18.7246410804346,1.4106
"EGY","Egypt, Arab Rep.","Middle East, North Africa, Afghanistan & Pakistan","Lower middle income",2010,-5.03736200895077,16.8067019116071,2.3686
"EGY","Egypt, Arab Rep.","Middle East, North Africa, Afghanistan & Pakistan","Lower middle income",2011,-6.07149449347239,14.9196201538608,1.0071
"EGY","Egypt, Arab Rep.","Middle East, North Africa, Afghanistan & Pakistan","Lower middle income",2012,-7.23693795903743,14.3530495438466,2.4394
"EGY","Egypt, Arab Rep.","Middle East, North Africa, Afghanistan & Pakistan","Lower middle income",2013,-7.11795151580305,16.1336630236027,0.272
"EGY","Egypt, Arab Rep.","Middle East, North Africa, Afghanistan & Pakistan","Lower middle income",2014,-8.77948399061034,13.6693071148908,0.9976
"EGY","Egypt, Arab Rep.","Middle East, North Africa, Afghanistan & Pakistan","Lower middle income",2015,-9.22054699455788,15.1423800851979,2.6884
"EGY","Egypt, Arab Rep.","Middle East, North Africa, Afghanistan & Pakistan","Lower middle income",2016,-10.4310314091681,20.8122246253739,1.9106
"EGY","Egypt, Arab Rep.","Middle East, North Africa, Afghanistan & Pakistan","Lower middle income",2017,-11.0118758171723,34.0578856698164,4.9869
"EGY","Egypt, Arab Rep.","Middle East, North Africa, Afghanistan & Pakistan","Lower middle income",2018,-9.40962019651967,37.8756546044223,4.435
"EGY","Egypt, Arab Rep.","Middle East, North Africa, Afghanistan & Pakistan","Lower middle income",2019,-7.97925427233739,36.05833053989,4.9321
"EGY","Egypt, Arab Rep.","Middle East, North Africa, Afghanistan & Pakistan","Lower middle income",2020,-8.43647415385366,34.5316717481816,4.0201
"EGY","Egypt, Arab Rep.","Middle East, North Africa, Afghanistan & Pakistan","Lower middle income",2021,-8.40639004142217,34.379099939275,3.8799
"EGY","Egypt, Arab Rep.","Middle East, North Africa, Afghanistan & Pakistan","Lower middle income",2022,-4.37302688810966,34.2133680868593,3.4502
"EGY","Egypt, Arab Rep.","Middle East, North Africa, Afghanistan & Pakistan","Lower middle income",2023,-3.54796034235383,42.478191881805,5.4363
"EGY","Egypt, Arab Rep.","Middle East, North Africa, Afghanistan & Pakistan","Lower middle income",2024,-9.21960834908909,40.0896396072853,7.3907
"ERI","Eritrea","Sub-Saharan Africa","Low income",1994,-61.7674756908893,5.46500636956521,1.2023
"ERI","Eritrea","Sub-Saharan Africa","Low income",1995,-62.8460592226987,6.3474861254832,2.0031
"ERI","Eritrea","Sub-Saharan Africa","Low income",1996,-58.1462431753684,6.38560325999524,0.9547
"ERI","Eritrea","Sub-Saharan Africa","Low income",1997,-59.2260095540418,10.9915080907572,1.1839
"ERI","Eritrea","Sub-Saharan Africa","Low income",1998,-78.5317129732909,19.6018324163638,1.4263
"ERI","Eritrea","Sub-Saharan Africa","Low income",1999,-79.3311369939008,39.6799671329134,NA
"ERI","Eritrea","Sub-Saharan Africa","Low income",2000,-56.9142504473536,46.674741272716,0.7343
"ETH","Ethiopia","Sub-Saharan Africa","Not classified",1977,-2.46339313936367,8.85954600647428,1.192
"ETH","Ethiopia","Sub-Saharan Africa","Not classified",1978,-3.35716811216111,9.43124632719283,2.2232
"ETH","Ethiopia","Sub-Saharan Africa","Not classified",1979,-2.75505529997643,11.2368738713967,4.3305
"ETH","Ethiopia","Sub-Saharan Africa","Not classified",1980,-4.46540151017013,11.7454771879849,3.5906
"ETH","Ethiopia","Sub-Saharan Africa","Not classified",1981,-4.39357823767762,24.5325068943886,2.3399
"ETH","Ethiopia","Sub-Saharan Africa","Not classified",1982,-4.42610544108126,41.5132889093973,3.5221
"ETH","Ethiopia","Sub-Saharan Africa","Not classified",1983,-4.81955008297138,43.7865718661984,2.6325
"ETH","Ethiopia","Sub-Saharan Africa","Not classified",1984,-5.39484765128561,50.8830809196668,4.1059
"ETH","Ethiopia","Sub-Saharan Africa","Not classified",1985,-5.03852774445606,53.6406089618731,3.3484
"ETH","Ethiopia","Sub-Saharan Africa","Not classified",1986,-4.78720992604426,60.8701424636189,2.2286
"ETH","Ethiopia","Sub-Saharan Africa","Not classified",1987,-5.45190717911107,68.3724204520623,4.3404
"ETH","Ethiopia","Sub-Saharan Africa","Not classified",1988,-5.49494282118734,69.0182103002029,3.0862
"ETH","Ethiopia","Sub-Saharan Africa","Not classified",1989,-3.47074070745044,66.7825523879647,3.2328
"ETH","Ethiopia","Sub-Saharan Africa","Not classified",1990,-5.40349826533999,69.2785477186637,6.5646
"ETH","Ethiopia","Sub-Saharan Africa","Not classified",1991,-2.31362322618106,66.1865306311568,4.6894
"ETH","Ethiopia","Sub-Saharan Africa","Not classified",1992,-8.58706015483188,86.9896760003043,0.963
"ETH","Ethiopia","Sub-Saharan Africa","Not classified",1993,-5.84374584401249,107.363180679944,1.6798
"ETH","Ethiopia","Sub-Saharan Africa","Not classified",1994,-8.02006917527197,141.950828503003,1.1029
"ETH","Ethiopia","Sub-Saharan Africa","Not classified",1995,-8.63208800904577,131.429734373923,0.9523
"ETH","Ethiopia","Sub-Saharan Africa","Not classified",1996,-6.36787103653217,115.186634819683,2.2252
"ETH","Ethiopia","Sub-Saharan Africa","Not classified",1997,-4.73513738992418,114.620006247184,2.4313
"ETH","Ethiopia","Sub-Saharan Africa","Not classified",1998,-10.7753683191409,129.292122642081,0.7627
"ETH","Ethiopia","Sub-Saharan Africa","Not classified",1999,-11.5609231340709,70.598420974673,NA
"ETH","Ethiopia","Sub-Saharan Africa","Not classified",2000,-7.62784972415066,66.9258651725292,0.8264
"ETH","Ethiopia","Sub-Saharan Africa","Not classified",2001,-14.2339241149483,69.8045973091059,0.9291
"ETH","Ethiopia","Sub-Saharan Africa","Not classified",2002,-12.3524655610813,83.4619797401656,1.0471
"ETH","Ethiopia","Sub-Saharan Africa","Not classified",2003,-15.6032888153659,84.4396347114786,1.288
"ETH","Ethiopia","Sub-Saharan Africa","Not classified",2004,-20.1655625483446,64.8312684111326,0.9388
"ETH","Ethiopia","Sub-Saharan Africa","Not classified",2005,-23.9107453061492,49.8003062808961,0.9412
"ETH","Ethiopia","Sub-Saharan Africa","Not classified",2006,-20.1404304656284,14.5344629945592,5.2267
"ETH","Ethiopia","Sub-Saharan Africa","Not classified",2007,-21.5900436292588,13.1553155477343,1.2476
"ETH","Ethiopia","Sub-Saharan Africa","Not classified",2008,-22.5465060309791,10.5207281287571,2.9837
"ETH","Ethiopia","Sub-Saharan Africa","Not classified",2009,-17.3038636716506,16.5285171834288,1.8906
"ETH","Ethiopia","Sub-Saharan Africa","Not classified",2010,-17.606921768126,24.3451015628297,1.881
"ETH","Ethiopia","Sub-Saharan Africa","Not classified",2011,-18.5368248879795,26.9382772332898,1.5642
"ETH","Ethiopia","Sub-Saharan Africa","Not classified",2012,-18.7828988506522,24.1628809403696,0.8746
"ETH","Ethiopia","Sub-Saharan Africa","Not classified",2013,-17.0725294899331,26.4132597498313,2.717
"ETH","Ethiopia","Sub-Saharan Africa","Not classified",2014,-21.2509483687435,30.4717829827694,2.988
"ETH","Ethiopia","Sub-Saharan Africa","Not classified",2015,-22.3073017617418,32.9190824315775,1.4322
"ETH","Ethiopia","Sub-Saharan Africa","Not classified",2016,-20.5783778949839,34.1678344076585,1.1845
"ETH","Ethiopia","Sub-Saharan Africa","Not classified",2017,-16.5945015509876,34.2699295148639,1.9681
"ETH","Ethiopia","Sub-Saharan Africa","Not classified",2018,-14.7646521383773,35.8090670389315,1.8658
"ETH","Ethiopia","Sub-Saharan Africa","Not classified",2019,-12.6739160880978,33.0783418402584,1.4648
"ETH","Ethiopia","Sub-Saharan Africa","Not classified",2020,-9.5818574011195,32.7980371029276,0.9984
"ETH","Ethiopia","Sub-Saharan Africa","Not classified",2021,-10.4183557452715,29.338879659958,0.6696
"ETH","Ethiopia","Sub-Saharan Africa","Not classified",2022,-10.7329944822975,24.8665685334333,1.1427
"ETH","Ethiopia","Sub-Saharan Africa","Not classified",2023,-8.89501208360987,24.4886066188821,1.4435
"ETH","Ethiopia","Sub-Saharan Africa","Not classified",2024,-7.97927611265762,24.4077646318857,1.4716
"FJI","Fiji","East Asia & Pacific","Upper middle income",1979,-5.67824285176734,13.8938839475872,10.5339
"FJI","Fiji","East Asia & Pacific","Upper middle income",1980,-3.5173336001835,17.9875716714624,8.0822
"FJI","Fiji","East Asia & Pacific","Upper middle income",1981,-14.438454025946,22.371701374362,10.8437
"FJI","Fiji","East Asia & Pacific","Upper middle income",1982,-6.07059675181197,25.3248101668439,12.3466
"FJI","Fiji","East Asia & Pacific","Upper middle income",1983,-5.35019914907988,29.5975835707294,10.7218
"FJI","Fiji","East Asia & Pacific","Upper middle income",1984,-1.0217206946585,26.7028863713599,9.1037
"FJI","Fiji","East Asia & Pacific","Upper middle income",1985,-0.387420181175095,29.4155089981909,7.0866
"FJI","Fiji","East Asia & Pacific","Upper middle income",1986,0.164192402905058,26.3216104030123,6.7201
"FJI","Fiji","East Asia & Pacific","Upper middle income",1987,2.73000199840744,30.9588384629885,NA
"FJI","Fiji","East Asia & Pacific","Upper middle income",1988,4.07533288744893,33.4150033216476,6.5317
"FJI","Fiji","East Asia & Pacific","Upper middle income",1989,2.26873781514684,26.7532343106984,6.0963
"FJI","Fiji","East Asia & Pacific","Upper middle income",1990,-4.97474635499611,23.7862492561114,6.6222
"FJI","Fiji","East Asia & Pacific","Upper middle income",1991,-3.4916760117708,20.3842325921187,2.8961
"FJI","Fiji","East Asia & Pacific","Upper middle income",1992,-2.57467899339083,16.7988624422064,11.755
"FJI","Fiji","East Asia & Pacific","Upper middle income",1993,-7.44499504459865,15.0509600650112,6.8927
"FJI","Fiji","East Asia & Pacific","Upper middle income",1994,-3.32946765927201,10.7825873578963,NA
"FJI","Fiji","East Asia & Pacific","Upper middle income",1995,-3.87238711492416,9.30908428401092,4.5
"FJI","Fiji","East Asia & Pacific","Upper middle income",1996,1.49973219068023,7.78746476142541,NA
"FJI","Fiji","East Asia & Pacific","Upper middle income",1997,-1.0007953340403,7.56526646863701,6.5076
"FJI","Fiji","East Asia & Pacific","Upper middle income",1998,-2.07946449867153,10.1845547349888,2.4764
"FJI","Fiji","East Asia & Pacific","Upper middle income",1999,1.01989984531082,11.9727816671476,3
"FJI","Fiji","East Asia & Pacific","Upper middle income",2000,-7.92441716017598,11.5913284575995,NA
"FJI","Fiji","East Asia & Pacific","Upper middle income",2001,-8.87632013031764,10.9769354771592,NA
"FJI","Fiji","East Asia & Pacific","Upper middle income",2002,-5.24236952442362,11.5300646375429,2.47
"FJI","Fiji","East Asia & Pacific","Upper middle income",2003,-6.92874870202732,11.2206979240762,NA
"FJI","Fiji","East Asia & Pacific","Upper middle income",2004,-12.8351297905063,9.73908594880144,2.5899
"FJI","Fiji","East Asia & Pacific","Upper middle income",2005,-9.53941884141543,10.1552180667092,4.8384
"FJI","Fiji","East Asia & Pacific","Upper middle income",2006,-17.8721418768066,12.1322303821425,6.2839
"FJI","Fiji","East Asia & Pacific","Upper middle income",2007,-13.2050097474599,11.7790325456308,NA
"FJI","Fiji","East Asia & Pacific","Upper middle income",2008,-16.7355697362652,19.5594684025759,NA
"FJI","Fiji","East Asia & Pacific","Upper middle income",2009,-10.1185786283625,37.2019126160292,0.688
"FJI","Fiji","East Asia & Pacific","Upper middle income",2010,-6.36370535256147,35.2669817779786,1.0472
"FJI","Fiji","East Asia & Pacific","Upper middle income",2011,-5.86861015936841,30.0383643838289,6.8774
"FJI","Fiji","East Asia & Pacific","Upper middle income",2012,-3.05482337403573,32.3174099084131,2
"FJI","Fiji","East Asia & Pacific","Upper middle income",2013,-12.6302012271486,31.6735722294441,NA
"FJI","Fiji","East Asia & Pacific","Upper middle income",2014,-6.12811694599794,29.5108735266984,0.5
"FJI","Fiji","East Asia & Pacific","Upper middle income",2015,-3.52731280924337,31.8733762620142,6.4465
"FJI","Fiji","East Asia & Pacific","Upper middle income",2016,-3.88844792851751,28.4174671537995,1.6252
"FJI","Fiji","East Asia & Pacific","Upper middle income",2017,-4.95170453979162,31.0563920238132,3.3228
"FJI","Fiji","East Asia & Pacific","Upper middle income",2018,-7.75187006108685,29.1755700858894,3.0515
"FJI","Fiji","East Asia & Pacific","Upper middle income",2019,-9.37499649488822,34.2700176898651,3.3756
"FJI","Fiji","East Asia & Pacific","Upper middle income",2020,-15.2764027095047,48.4267063621703,1.2062
"FJI","Fiji","East Asia & Pacific","Upper middle income",2021,-18.8880441733585,60.064544105851,0.5629
"FJI","Fiji","East Asia & Pacific","Upper middle income",2022,-19.3642040991671,60.0266564273698,1.3679
"FJI","Fiji","East Asia & Pacific","Upper middle income",2023,-11.2806851125696,61.1261873601376,0.75
"FJI","Fiji","East Asia & Pacific","Upper middle income",2024,-10.1249569232901,64.8263785670101,0.7987
"GAB","Gabon","Sub-Saharan Africa","Upper middle income",2007,33.1679650113647,41.1977174433254,6.5785
"GAB","Gabon","Sub-Saharan Africa","Upper middle income",2008,35.0650783569592,15.9718988882831,2.5826
"GAB","Gabon","Sub-Saharan Africa","Upper middle income",2009,19.731684603734,22.3831557596331,3.1097
"GAB","Gabon","Sub-Saharan Africa","Upper middle income",2010,30.7308168957379,20.2807165978007,2.1409
"GAB","Gabon","Sub-Saharan Africa","Upper middle income",2011,23.4035875571934,17.4788873917953,2.8947
"GAB","Gabon","Sub-Saharan Africa","Upper middle income",2012,23.2954692934884,18.8757187322876,1.7249
"GAB","Gabon","Sub-Saharan Africa","Upper middle income",2013,16.366244151473,27.4091919323304,4.4036
"GAB","Gabon","Sub-Saharan Africa","Upper middle income",2014,12.1101560284569,25.525312434297,2.2131
"GAB","Gabon","Sub-Saharan Africa","Upper middle income",2015,2.36872922345434,35.6777873604585,4.8354
"GEO","Georgia","Europe & Central Asia","Upper middle income",1997,-23.8739544227096,41.7534744157611,0.9228
"GEO","Georgia","Europe & Central Asia","Upper middle income",1998,-18.6661270484459,45.610579018559,4.0697
"GEO","Georgia","Europe & Central Asia","Upper middle income",1999,-19.3212499691287,66.1080207267238,0.774
"GEO","Georgia","Europe & Central Asia","Upper middle income",2000,-15.1462477201457,59.7066418685427,1.1464
"GEO","Georgia","Europe & Central Asia","Upper middle income",2001,-13.8454222818581,59.3106834279007,0.7254
"GEO","Georgia","Europe & Central Asia","Upper middle income",2002,-13.0664773174003,59.9105633633825,0.75
"GEO","Georgia","Europe & Central Asia","Upper middle income",2003,-14.3629947809897,53.8318062034636,0.7499
"GEO","Georgia","Europe & Central Asia","Upper middle income",2004,-16.5072530793081,45.1991240491891,2.6111
"GEO","Georgia","Europe & Central Asia","Upper middle income",2005,-17.3983563264206,33.6334281959674,1.7639
"GEO","Georgia","Europe & Central Asia","Upper middle income",2006,-24.2261089407354,33.2253297497495,2.1798
"GEO","Georgia","Europe & Central Asia","Upper middle income",2007,-26.7024330459025,29.3617430256396,0.75
"GEO","Georgia","Europe & Central Asia","Upper middle income",2008,-29.794192980512,60.3472253178785,5.1115
"GEO","Georgia","Europe & Central Asia","Upper middle income",2009,-19.1797796907091,80.5504004569331,0.9953
"GEO","Georgia","Europe & Central Asia","Upper middle income",2010,-16.7359412888262,70.7367507157171,4.1271
"GEO","Georgia","Europe & Central Asia","Upper middle income",2011,-17.7438057739832,76.1296734732171,4.4601
"GEO","Georgia","Europe & Central Asia","Upper middle income",2012,-18.4556785892502,80.0088450559013,4.5728
"GEO","Georgia","Europe & Central Asia","Upper middle income",2013,-11.9304369122511,77.6995900077787,0.9981
"GEO","Georgia","Europe & Central Asia","Upper middle income",2014,-16.5851419087746,78.4945525972347,0.9014
"GEO","Georgia","Europe & Central Asia","Upper middle income",2015,-16.7356408026667,94.329251659709,1.787
"GEO","Georgia","Europe & Central Asia","Upper middle income",2016,-14.9614860925864,102.502171624366,1.8379
"GEO","Georgia","Europe & Central Asia","Upper middle income",2017,-10.8350872880587,97.1474990387703,0.9666
"GEO","Georgia","Europe & Central Asia","Upper middle income",2018,-10.4564832209058,95.5841550136166,0.3839
"GEO","Georgia","Europe & Central Asia","Upper middle income",2019,-9.16100408881876,106.297313559238,0.4969
"GEO","Georgia","Europe & Central Asia","Upper middle income",2020,-18.9808070952438,125.436703319215,0.6427
"GEO","Georgia","Europe & Central Asia","Upper middle income",2021,-16.2383573182831,116.653124301921,2.313
"GEO","Georgia","Europe & Central Asia","Upper middle income",2022,-7.85860622628505,93.335732587194,1.0631
"GEO","Georgia","Europe & Central Asia","Upper middle income",2023,-8.56106460307923,78.3785850394921,3.7142
"GEO","Georgia","Europe & Central Asia","Upper middle income",2024,-7.81472231422553,73.5991416717126,2.5078
"GHA","Ghana","Sub-Saharan Africa","Lower middle income",1975,0.334199304945105,25.6427706354723,4.3123
"GHA","Ghana","Sub-Saharan Africa","Lower middle income",1976,-2.13520341833302,25.7007435597303,3.6731
"GHA","Ghana","Sub-Saharan Africa","Lower middle income",1977,-3.24170226437907,33.4424959052226,3.8171
"GHA","Ghana","Sub-Saharan Africa","Lower middle income",1978,-2.09783506817175,34.9120465874679,3.8936
"GHA","Ghana","Sub-Saharan Africa","Lower middle income",1979,2.45417259811496,31.8878565230033,4.8374
"GHA","Ghana","Sub-Saharan Africa","Lower middle income",1980,0.722122654718567,31.4576637604313,1.4384
"GHA","Ghana","Sub-Saharan Africa","Lower middle income",1981,-9.94211439429405,36.4441844873736,4.0122
"GHA","Ghana","Sub-Saharan Africa","Lower middle income",1982,-2.6265871939503,36.7747524754763,5.1409
"GHA","Ghana","Sub-Saharan Africa","Lower middle income",1983,-3.87205685782284,41.066486784338,2.0354
"GHA","Ghana","Sub-Saharan Africa","Lower middle income",1984,-1.95590495304201,44.4911558775389,2.4847
"GHA","Ghana","Sub-Saharan Africa","Lower middle income",1985,-3.68536181525617,50.0957917104918,3.395
"GHA","Ghana","Sub-Saharan Africa","Lower middle income",1986,-2.99389221205609,48.240011913535,4.4344
"GHA","Ghana","Sub-Saharan Africa","Lower middle income",1987,-5.81891420911528,65.2873649110054,2.8985
"GHA","Ghana","Sub-Saharan Africa","Lower middle income",1988,-5.84289590143037,60.2394066783877,1.2009
"GHA","Ghana","Sub-Saharan Africa","Lower middle income",1989,-7.58588611176577,64.7857611196701,3.286
"GHA","Ghana","Sub-Saharan Africa","Lower middle income",1990,-8.86891744078351,65.9001962757701,3.0104
"GHA","Ghana","Sub-Saharan Africa","Lower middle income",1991,-8.39824989773551,66.3341448567552,3.1062
"GHA","Ghana","Sub-Saharan Africa","Lower middle income",1992,-11.5506233777817,70.2616689366507,1.8362
"GHA","Ghana","Sub-Saharan Africa","Lower middle income",1993,-16.1670708401126,81.8663963605156,3.1053
"GHA","Ghana","Sub-Saharan Africa","Lower middle income",1994,-11.3010766570605,100.418052321903,4.1694
"GHA","Ghana","Sub-Saharan Africa","Lower middle income",1995,-8.31788611530374,91.8227973326251,3.256
"GHA","Ghana","Sub-Saharan Africa","Lower middle income",1996,-9.35598980041804,92.9323240384871,2.9364
"GHA","Ghana","Sub-Saharan Africa","Lower middle income",1997,-13.8964215953633,92.10447588015,2.5154
"GHA","Ghana","Sub-Saharan Africa","Lower middle income",1998,-14.9601664419519,93.1438778099432,3.9992
"GHA","Ghana","Sub-Saharan Africa","Lower middle income",1999,-18.8206698704555,92.0394396403645,3.519
"GHA","Ghana","Sub-Saharan Africa","Lower middle income",2000,-18.255096776046,135.33100067284,3.6767
"GHA","Ghana","Sub-Saharan Africa","Lower middle income",2001,-22.1220321660532,129.090498772096,1.5751
"GHA","Ghana","Sub-Saharan Africa","Lower middle income",2002,-12.2902552482548,123.906092762878,1.7543
"GHA","Ghana","Sub-Saharan Africa","Lower middle income",2003,-12.6068026639103,108.75542363305,1.0786
"GHA","Ghana","Sub-Saharan Africa","Lower middle income",2004,-22.2069078325766,81.5605251952367,1.0909
"GHA","Ghana","Sub-Saharan Africa","Lower middle income",2005,-25.2380125900192,75.3124139586078,1.0802
"GHA","Ghana","Sub-Saharan Africa","Lower middle income",2006,-15.2117178006153,29.0147387589983,2.0959
"GHA","Ghana","Sub-Saharan Africa","Lower middle income",2007,-16.3557634296864,33.4763671964135,3.1339
"GHA","Ghana","Sub-Saharan Africa","Lower middle income",2008,-19.1633625899718,35.0734668617082,2.2933
"GHA","Ghana","Sub-Saharan Africa","Lower middle income",2009,-12.975570389959,49.7628022960493,1.5255
"GHA","Ghana","Sub-Saharan Africa","Lower middle income",2010,-13.9387477784707,55.8570475236487,1.4253
"GHA","Ghana","Sub-Saharan Africa","Lower middle income",2011,-12.4785421802877,54.1934072764941,1.6565
"GHA","Ghana","Sub-Saharan Africa","Lower middle income",2012,-12.5681162872686,56.0956477301661,1.9475
"GHA","Ghana","Sub-Saharan Africa","Lower middle income",2013,-10.0119474665354,45.3627273969795,6.0346
"GHA","Ghana","Sub-Saharan Africa","Lower middle income",2014,-7.28922062436374,52.1543815478453,6.2744
"GHA","Ghana","Sub-Saharan Africa","Lower middle income",2015,-8.71913855134013,63.326492016581,6.3499
"GHA","Ghana","Sub-Saharan Africa","Lower middle income",2016,-5.46201996309508,62.0915248269422,4.8828
"GHA","Ghana","Sub-Saharan Africa","Lower middle income",2017,-2.79194927347271,55.8512096386186,2.1208
"GHA","Ghana","Sub-Saharan Africa","Lower middle income",2018,-1.04937349024337,52.1868171482107,5.9702
"GHA","Ghana","Sub-Saharan Africa","Lower middle income",2019,-1.92519322458251,47.818685879795,5.9147
"GHA","Ghana","Sub-Saharan Africa","Lower middle income",2020,-3.52572456215123,57.5579429849118,4.3014
"GHA","Ghana","Sub-Saharan Africa","Lower middle income",2021,-1.52871369436184,58.586159413591,4.6292
"GHA","Ghana","Sub-Saharan Africa","Lower middle income",2022,-0.191750746955158,58.9929574955402,3.2298
"GHA","Ghana","Sub-Saharan Africa","Lower middle income",2023,-0.866122783384262,51.7717981303814,1.8397
"GHA","Ghana","Sub-Saharan Africa","Lower middle income",2024,1.85946414315074,44.9216674270083,1.6292
"GIN","Guinea","Sub-Saharan Africa","Lower middle income",1986,0.0739052478734356,60.6031646442246,3.3191
"GIN","Guinea","Sub-Saharan Africa","Lower middle income",1987,2.14901396607853,69.5017550643778,2.203
"GIN","Guinea","Sub-Saharan Africa","Lower middle income",1988,-5.09020574173962,65.0520024683759,0.9979
"GIN","Guinea","Sub-Saharan Africa","Lower middle income",1989,-2.59695266719428,61.0860071863719,1.8696
"GIN","Guinea","Sub-Saharan Africa","Lower middle income",1990,-3.19778152821925,62.5012876496808,2.561
"GIN","Guinea","Sub-Saharan Africa","Lower middle income",1991,-4.79757568272851,58.2250066245971,2.6003
"GIN","Guinea","Sub-Saharan Africa","Lower middle income",1992,-5.30420356335779,54.177625177761,3.0414
"GIN","Guinea","Sub-Saharan Africa","Lower middle income",1993,-3.54641516039794,57.918326820587,2.4163
"GIN","Guinea","Sub-Saharan Africa","Lower middle income",1994,-7.7613113934665,61.6656062330585,1.6771
"GIN","Guinea","Sub-Saharan Africa","Lower middle income",1995,-5.77161296636629,59.3670609356433,2.1375
"GIN","Guinea","Sub-Saharan Africa","Lower middle income",1996,-3.31207141219867,56.8696497644771,2.4506
"GIN","Guinea","Sub-Saharan Africa","Lower middle income",1997,-1.6916515901457,63.174237464664,0.9359
"GIN","Guinea","Sub-Saharan Africa","Lower middle income",1998,-2.88442173250787,67.6761310451656,1.3953
"GIN","Guinea","Sub-Saharan Africa","Lower middle income",1999,-3.90822927245956,63.4973288175367,1.2387
"GIN","Guinea","Sub-Saharan Africa","Lower middle income",2000,-3.15207610796706,70.474986545548,1.2911
"GIN","Guinea","Sub-Saharan Africa","Lower middle income",2001,-1.13889391525295,70.5350002172417,0.9215
"GIN","Guinea","Sub-Saharan Africa","Lower middle income",2002,-4.65153879657377,73.515763346721,1.5185
"GIN","Guinea","Sub-Saharan Africa","Lower middle income",2003,-4.15111841417903,63.1385235362913,2.7875
"GIN","Guinea","Sub-Saharan Africa","Lower middle income",2004,-2.88109196889165,60.6299901172682,2.5865
"GIN","Guinea","Sub-Saharan Africa","Lower middle income",2005,-2.37853464056226,71.9255257973375,2.4486
"GIN","Guinea","Sub-Saharan Africa","Lower middle income",2006,-3.78955563868961,74.8008316084819,1.2978
"GIN","Guinea","Sub-Saharan Africa","Lower middle income",2007,-4.15239407138555,52.5836384218967,3.6232
"GIN","Guinea","Sub-Saharan Africa","Lower middle income",2008,-5.24814121523497,45.8954449902678,1.8019
"GIN","Guinea","Sub-Saharan Africa","Lower middle income",2009,-4.00243842070807,48.0240941080318,1
"GIN","Guinea","Sub-Saharan Africa","Lower middle income",2010,-3.89335783383741,47.2616867830493,2.5
"GIN","Guinea","Sub-Saharan Africa","Lower middle income",2011,-17.2061369580968,47.2353536289044,1.2202
"GIN","Guinea","Sub-Saharan Africa","Lower middle income",2012,-13.7350599645248,17.5247033470126,1.7047
"GIN","Guinea","Sub-Saharan Africa","Lower middle income",2013,-10.4156649451289,20.0381845148812,1.7404
"GIN","Guinea","Sub-Saharan Africa","Lower middle income",2014,-8.96831115959399,20.974149806053,1.3844
"GIN","Guinea","Sub-Saharan Africa","Lower middle income",2015,-9.50215626932672,23.1801139274327,1.2768
"GIN","Guinea","Sub-Saharan Africa","Lower middle income",2016,-31.0723758724486,25.7938833301167,0.8507
"GIN","Guinea","Sub-Saharan Africa","Lower middle income",2017,3.94618005441412,23.1474495164289,1.3563
"GIN","Guinea","Sub-Saharan Africa","Lower middle income",2018,-0.882092705884864,21.8491977911798,3.0996
"GIN","Guinea","Sub-Saharan Africa","Lower middle income",2019,-2.07820336521262,26.33268014653,1.3058
"GIN","Guinea","Sub-Saharan Africa","Lower middle income",2020,19.0403031604192,29.2221497401859,1.2287
"GIN","Guinea","Sub-Saharan Africa","Lower middle income",2021,28.7815729617036,27.1945038120131,1.1677
"GIN","Guinea","Sub-Saharan Africa","Lower middle income",2022,15.8186258869231,24.6287321123172,0.9264
"GIN","Guinea","Sub-Saharan Africa","Lower middle income",2023,15.0584518533829,23.04309890083,3.1562
"GIN","Guinea","Sub-Saharan Africa","Lower middle income",2024,5.94797526901744,21.5457189415742,2.2248
"GMB","Gambia, The","Sub-Saharan Africa","Low income",2003,-5.33863702682686,132.100684802871,2
"GMB","Gambia, The","Sub-Saharan Africa","Low income",2004,-7.18784030620975,70.6612755999467,1.1022
"GMB","Gambia, The","Sub-Saharan Africa","Low income",2005,-8.07189181799844,64.3987544912587,2.7972
"GMB","Gambia, The","Sub-Saharan Africa","Low income",2006,-10.9425527843172,67.2909352321797,0.1162
"GMB","Gambia, The","Sub-Saharan Africa","Low income",2007,-8.46068208533016,53.9830074021907,3.3217
"GMB","Gambia, The","Sub-Saharan Africa","Low income",2008,-2.61230093875007,25.0513487985194,1.9064
"GMB","Gambia, The","Sub-Saharan Africa","Low income",2009,-4.63728205758625,36.6221607916823,1.3045
"GMB","Gambia, The","Sub-Saharan Africa","Low income",2010,-3.37261404407905,35.236925219592,1.2812
"GMB","Gambia, The","Sub-Saharan Africa","Low income",2011,-8.4343433000514,36.597075287946,0.7422
"GMB","Gambia, The","Sub-Saharan Africa","Low income",2012,-8.81398703459806,39.9699165596431,1.1154
"GMB","Gambia, The","Sub-Saharan Africa","Low income",2013,-7.46516280789043,42.372561946522,0.9978
"GMB","Gambia, The","Sub-Saharan Africa","Low income",2014,-14.548147953963,45.4198168008201,1.4425
"GMB","Gambia, The","Sub-Saharan Africa","Low income",2015,-13.3809235068165,42.5203656992917,1.4049
"GMB","Gambia, The","Sub-Saharan Africa","Low income",2016,-12.4741088224205,41.9698976651105,0.6418
"GMB","Gambia, The","Sub-Saharan Africa","Low income",2017,-18.7728860464097,50.1435797173157,1.2071
"GMB","Gambia, The","Sub-Saharan Africa","Low income",2018,-19.7051247149988,46.5669710939964,1.1563
"GMB","Gambia, The","Sub-Saharan Africa","Low income",2019,-15.4575878839184,46.9669058024197,0.7798
"GMB","Gambia, The","Sub-Saharan Africa","Low income",2020,-28.4353818715129,53.1968683078553,0.6883
"GMB","Gambia, The","Sub-Saharan Africa","Low income",2021,-28.9737640315485,55.2458023873851,1.4956
"GMB","Gambia, The","Sub-Saharan Africa","Low income",2022,-25.4969041152669,53.5033175868914,0.4341
"GMB","Gambia, The","Sub-Saharan Africa","Low income",2023,-26.6845890280763,55.6123859804154,0.7437
"GMB","Gambia, The","Sub-Saharan Africa","Low income",2024,-29.1646009450914,68.3054964519685,0.2341
"GNB","Guinea-Bissau","Sub-Saharan Africa","Low income",2001,-5.97038301374547,219.647808160083,0.7499
"GNB","Guinea-Bissau","Sub-Saharan Africa","Low income",2002,-5.37752119104477,209.624623698263,0.75
"GNB","Guinea-Bissau","Sub-Saharan Africa","Low income",2003,-5.5099886972632,192.094716420172,NA
"GNB","Guinea-Bissau","Sub-Saharan Africa","Low income",2004,-7.5111651974798,190.588049275378,0.75
"GNB","Guinea-Bissau","Sub-Saharan Africa","Low income",2005,-8.26491367213914,159.533469915774,0.7499
"GNB","Guinea-Bissau","Sub-Saharan Africa","Low income",2006,-14.0298369303242,164.461512062926,NA
"GNB","Guinea-Bissau","Sub-Saharan Africa","Low income",2007,-12.7078201338376,144.42444524846,1.8002
"GNB","Guinea-Bissau","Sub-Saharan Africa","Low income",2008,-11.7639413694065,114.870721769563,2
"GNB","Guinea-Bissau","Sub-Saharan Africa","Low income",2009,-15.1028978843568,125.214573456385,1.8537
"GNB","Guinea-Bissau","Sub-Saharan Africa","Low income",2010,-13.6729139619843,114.294278131381,NA
"GNB","Guinea-Bissau","Sub-Saharan Africa","Low income",2011,-4.94984870361353,22.5460389944311,1.85
"GNB","Guinea-Bissau","Sub-Saharan Africa","Low income",2012,-9.64594544048045,26.3687769624485,1.6883
"GNB","Guinea-Bissau","Sub-Saharan Africa","Low income",2013,-7.13037791839377,28.0772837538154,2.7335
"GNB","Guinea-Bissau","Sub-Saharan Africa","Low income",2014,-10.3733712965312,34.4572454745979,1.4274
"GNB","Guinea-Bissau","Sub-Saharan Africa","Low income",2015,-4.27531562126524,50.0816956383935,0.7064
"GNB","Guinea-Bissau","Sub-Saharan Africa","Low income",2016,-4.53715178622405,47.835247629074,3.7877
"GNB","Guinea-Bissau","Sub-Saharan Africa","Low income",2017,-4.86711780398956,50.9275043175804,2.3753
"GNB","Guinea-Bissau","Sub-Saharan Africa","Low income",2018,-5.06421403699299,52.9763730108247,1.3036
"GNB","Guinea-Bissau","Sub-Saharan Africa","Low income",2019,-13.1811579456041,56.5071150220824,0.8323
"GNB","Guinea-Bissau","Sub-Saharan Africa","Low income",2020,-12.131518885171,65.5423907165663,2.3264
"GNB","Guinea-Bissau","Sub-Saharan Africa","Low income",2021,-9.60667578283281,65.9390902203606,1.506
"GNB","Guinea-Bissau","Sub-Saharan Africa","Low income",2022,-16.044968899088,67.380055830351,1.2437
"GNB","Guinea-Bissau","Sub-Saharan Africa","Low income",2023,-14.8114033497002,68.498495922379,0.8999
"GNB","Guinea-Bissau","Sub-Saharan Africa","Low income",2024,-15.0845451955947,65.2108917144384,NA
"GRD","Grenada","Latin America & Caribbean","Upper middle income",1977,-5.64145997938188,20.1358330633868,0.5
"GRD","Grenada","Latin America & Caribbean","Upper middle income",1978,-7.53133167115389,21.6476831093068,5.6202
"GRD","Grenada","Latin America & Caribbean","Upper middle income",1979,-14.1925782465854,21.8704331603136,NA
"GRD","Grenada","Latin America & Caribbean","Upper middle income",1980,-19.7107025915674,19.4195141078703,1.6201
"GRD","Grenada","Latin America & Caribbean","Upper middle income",1981,-27.4610741995311,29.413897604831,4.1215
"GRD","Grenada","Latin America & Caribbean","Upper middle income",1982,-31.5699874333911,36.2096649762639,10.1778
"GRD","Grenada","Latin America & Caribbean","Upper middle income",1983,-27.1616351732622,44.3857086653971,5.2659
"GRD","Grenada","Latin America & Caribbean","Upper middle income",1984,-20.4076989995155,38.2035253764316,1.972
"GRD","Grenada","Latin America & Caribbean","Upper middle income",1985,-20.1140808217596,35.6319688475131,1.1165
"GRD","Grenada","Latin America & Caribbean","Upper middle income",1986,-16.3438015276818,34.8168003187716,4.936
"GRD","Grenada","Latin America & Caribbean","Upper middle income",1987,-16.4247641980063,37.3649638657426,1.4453
"GRD","Grenada","Latin America & Caribbean","Upper middle income",1988,-14.2596280311154,38.3957013417372,2.5454
"GRD","Grenada","Latin America & Caribbean","Upper middle income",1989,-16.1959668429295,34.283155620628,5.1262
"GRD","Grenada","Latin America & Caribbean","Upper middle income",1990,-16.4356744778094,40.591089222153,4.5958
"GRD","Grenada","Latin America & Caribbean","Upper middle income",1991,-17.4497439370144,41.3961596019833,1.1082
"GRD","Grenada","Latin America & Caribbean","Upper middle income",1992,-12.5932432580892,37.8187234384785,2.9337
"GRD","Grenada","Latin America & Caribbean","Upper middle income",1993,-15.7813652692091,48.2037953125484,3.9281
"GRD","Grenada","Latin America & Caribbean","Upper middle income",1994,-10.8110953052163,40.0662217318053,4.5948
"GRD","Grenada","Latin America & Caribbean","Upper middle income",1995,-13.2811497081069,37.4507027784771,2.6124
"GRD","Grenada","Latin America & Caribbean","Upper middle income",1996,-17.0280264417421,38.3442369624157,4.2808
"GRD","Grenada","Latin America & Caribbean","Upper middle income",1997,-18.7824400570169,29.7407868018818,4.9064
"GRD","Grenada","Latin America & Caribbean","Upper middle income",1998,-19.612277923886,38.6088275716798,4.373
"GRD","Grenada","Latin America & Caribbean","Upper middle income",1999,-10.0144049758369,28.609548045516,6.9
"GRD","Grenada","Latin America & Caribbean","Upper middle income",2000,-16.5270194807097,38.3468968730446,4.5005
"GRD","Grenada","Latin America & Caribbean","Upper middle income",2001,-16.9163690727634,45.2791129784935,1.9399
"GRD","Grenada","Latin America & Caribbean","Upper middle income",2002,-16.9477808150858,68.8618758494786,3.3804
"GRD","Grenada","Latin America & Caribbean","Upper middle income",2003,-20.9785542408543,62.4475197344546,3.6235
"GRD","Grenada","Latin America & Caribbean","Upper middle income",2004,-24.6358835133869,71.7051852023114,4.193
"GRD","Grenada","Latin America & Caribbean","Upper middle income",2005,-32.8031779686146,52.0771988099042,2.7756
"GRD","Grenada","Latin America & Caribbean","Upper middle income",2006,-29.831510423382,64.7737965614268,2.5587
"GRD","Grenada","Latin America & Caribbean","Upper middle income",2007,-20.3563421203408,64.2786812528152,3.0626
"GRD","Grenada","Latin America & Caribbean","Upper middle income",2008,-18.8498773251492,65.2409300677856,2.6395
"GRD","Grenada","Latin America & Caribbean","Upper middle income",2009,-9.06997323272678,72.1675922944387,2.6099
"GRD","Grenada","Latin America & Caribbean","Upper middle income",2010,-11.000667558081,72.7080668267891,3.1063
"GRD","Grenada","Latin America & Caribbean","Upper middle income",2011,-9.2949830196764,68.3632972245609,1.3397
"GRD","Grenada","Latin America & Caribbean","Upper middle income",2012,-4.86349050578817,73.6691714263225,2.8455
"GRD","Grenada","Latin America & Caribbean","Upper middle income",2013,-6.29509606414066,69.6468199193872,2.3429
"GRD","Grenada","Latin America & Caribbean","Upper middle income",2014,0.877442547970329,70.0451670395443,0.5414
"GRD","Grenada","Latin America & Caribbean","Upper middle income",2015,2.20143265267812,60.4120987090998,1.4047
"GRD","Grenada","Latin America & Caribbean","Upper middle income",2016,1.70701205012723,58.7225753850609,0.6249
"GRD","Grenada","Latin America & Caribbean","Upper middle income",2017,-0.45885310683948,50.028738461842,2.8103
"GRD","Grenada","Latin America & Caribbean","Upper middle income",2018,-2.18389121099454,49.7354477570098,0.7804
"GRD","Grenada","Latin America & Caribbean","Upper middle income",2019,-1.2733197615683,45.1701482796718,0.75
"GRD","Grenada","Latin America & Caribbean","Upper middle income",2020,-11.1275197447119,79.949479042031,0.7932
"GRD","Grenada","Latin America & Caribbean","Upper middle income",2021,-7.48498346534655,80.0806565227724,2.3215
"GRD","Grenada","Latin America & Caribbean","Upper middle income",2022,-6.44007183447207,69.7485627483492,0.8266
"GRD","Grenada","Latin America & Caribbean","Upper middle income",2023,-7.23057683194163,65.9608761241349,1.6003
"GRD","Grenada","Latin America & Caribbean","Upper middle income",2024,-11.6194175302801,63.8864468968844,0.75
"GTM","Guatemala","Latin America & Caribbean","Upper middle income",1977,-1.91223421540975,13.5869930248338,6.5329
"GTM","Guatemala","Latin America & Caribbean","Upper middle income",1978,-6.07188725754004,14.9884410177432,5.8205
"GTM","Guatemala","Latin America & Caribbean","Upper middle income",1979,-4.85179483522746,16.5474438704997,5.6113
"GTM","Guatemala","Latin America & Caribbean","Upper middle income",1980,-2.9065708809829,16.1162966288855,7.8793
"GTM","Guatemala","Latin America & Caribbean","Upper middle income",1981,-6.71391205179511,15.9024404297726,8.3309
"GTM","Guatemala","Latin America & Caribbean","Upper middle income",1982,-3.99449365588483,18.9795244090693,6.5664
"GTM","Guatemala","Latin America & Caribbean","Upper middle income",1983,-1.56685075947621,21.2783176274777,8.3219
"GTM","Guatemala","Latin America & Caribbean","Upper middle income",1984,-2.10665256487167,26.2515547502476,9.0968
"GTM","Guatemala","Latin America & Caribbean","Upper middle income",1985,-0.986457848339054,28.6722289119959,7.9424
"GTM","Guatemala","Latin America & Caribbean","Upper middle income",1986,1.68280716199768,40.3155485098462,5.4943
"GTM","Guatemala","Latin America & Caribbean","Upper middle income",1987,-6.44373567712124,40.814814773357,3.796
"GTM","Guatemala","Latin America & Caribbean","Upper middle income",1988,-5.89165264224831,34.5324047586879,6.8077
"GTM","Guatemala","Latin America & Caribbean","Upper middle income",1989,-5.20169228276342,32.1171819812738,8.3151
"GTM","Guatemala","Latin America & Caribbean","Upper middle income",1990,-3.19207472619121,38.0516241725283,5.6814
"GTM","Guatemala","Latin America & Caribbean","Upper middle income",1991,-3.62104089306613,30.4816070392975,3.6203
"GTM","Guatemala","Latin America & Caribbean","Upper middle income",1992,-9.15065593499103,27.0376888744416,7.3012
"GTM","Guatemala","Latin America & Caribbean","Upper middle income",1993,-8.30261897829655,25.8333855188375,4.9167
"GTM","Guatemala","Latin America & Caribbean","Upper middle income",1994,-7.27014586742964,24.355943330253,5.7306
"GTM","Guatemala","Latin America & Caribbean","Upper middle income",1995,-6.1697376153393,22.7598313092349,4.1833
"GTM","Guatemala","Latin America & Caribbean","Upper middle income",1996,-4.74390939879154,21.7807243092522,6.0645
"GTM","Guatemala","Latin America & Caribbean","Upper middle income",1997,-5.62955887486682,19.7479208576528,7.2959
"GTM","Guatemala","Latin America & Caribbean","Upper middle income",1998,-8.04671518806412,19.032343350885,6.2785
"GTM","Guatemala","Latin America & Caribbean","Upper middle income",1999,-8.38664388004255,21.1439565632199,6.4431
"GTM","Guatemala","Latin America & Caribbean","Upper middle income",2000,-8.84082261562196,20.4678416279579,7.1796
"GTM","Guatemala","Latin America & Caribbean","Upper middle income",2001,-11.764371422574,23.8074911149688,8.7439
"GTM","Guatemala","Latin America & Caribbean","Upper middle income",2002,-14.1495261089137,22.1436539320108,4.4683
"GTM","Guatemala","Latin America & Caribbean","Upper middle income",2003,-14.7530869960428,23.9038465523142,8.0585
"GTM","Guatemala","Latin America & Caribbean","Upper middle income",2004,-16.4386944782206,34.3311358290638,7.3485
"GTM","Guatemala","Latin America & Caribbean","Upper middle income",2005,-16.1756973789092,35.4937387862906,5.3708
"GTM","Guatemala","Latin America & Caribbean","Upper middle income",2006,-17.1858444750674,36.8009716251953,5.6008
"GTM","Guatemala","Latin America & Caribbean","Upper middle income",2007,-17.2695000057536,37.7688385793118,5.8501
"GTM","Guatemala","Latin America & Caribbean","Upper middle income",2008,-15.5407473229587,35.9006315939575,4.3264
"GTM","Guatemala","Latin America & Caribbean","Upper middle income",2009,-10.2797950996579,39.9298726394407,1.6359
"GTM","Guatemala","Latin America & Caribbean","Upper middle income",2010,-11.6691669849479,36.9821507784784,3.7113
"GTM","Guatemala","Latin America & Caribbean","Upper middle income",2011,-11.589673954834,34.7327912897355,3.0719
"GTM","Guatemala","Latin America & Caribbean","Upper middle income",2012,-13.1164781804365,30.9858384695833,0.2435
"GTM","Guatemala","Latin America & Caribbean","Upper middle income",2013,-12.6703938445607,32.9909542794788,0.4426
"GTM","Guatemala","Latin America & Caribbean","Upper middle income",2014,-11.5949541815993,33.7270664851567,4.4899
"GTM","Guatemala","Latin America & Caribbean","Upper middle income",2015,-10.2248694168929,32.7697490345093,0.7823
"GTM","Guatemala","Latin America & Caribbean","Upper middle income",2016,-8.86378948342967,31.9890073477205,0.0931
"GTM","Guatemala","Latin America & Caribbean","Upper middle income",2017,-9.07135337847305,32.4684803556714,4.375
"GTM","Guatemala","Latin America & Caribbean","Upper middle income",2018,-10.6630768719102,33.1044241303856,3.614
"GTM","Guatemala","Latin America & Caribbean","Upper middle income",2019,-10.2743516309708,31.8720875728063,5.4839
"GTM","Guatemala","Latin America & Caribbean","Upper middle income",2020,-8.43285967816403,31.3401715954379,4.1761
"GTM","Guatemala","Latin America & Caribbean","Upper middle income",2021,-13.992252989737,30.4358165081577,4.175
"GTM","Guatemala","Latin America & Caribbean","Upper middle income",2022,-16.5285064466445,26.42982821247,3.3167
"GTM","Guatemala","Latin America & Caribbean","Upper middle income",2023,-15.0667351352308,24.6045784352477,6.7624
"GTM","Guatemala","Latin America & Caribbean","Upper middle income",2024,-15.5481271517105,23.9003126755643,6.452
"GUY","Guyana","Latin America & Caribbean","High income",1992,-25.4215277956092,512.222379554435,1.7463
"GUY","Guyana","Latin America & Caribbean","High income",1993,-22.2582453825858,433.328425893952,1.5495
"GUY","Guyana","Latin America & Caribbean","High income",1994,-14.8098664668753,376.299698027343,1.5988
"GUY","Guyana","Latin America & Caribbean","High income",1995,-12.7335246474982,340.794791681965,2.9806
"GUY","Guyana","Latin America & Caribbean","High income",1996,1.24750852448508,227.859640512575,1.6131
"GUY","Guyana","Latin America & Caribbean","High income",1997,-2.2692747908869,212.312401479206,1.5671
"GUY","Guyana","Latin America & Caribbean","High income",1998,-5.56073781036773,206.386088474775,1.4214
"GUY","Guyana","Latin America & Caribbean","High income",1999,-3.9582299464939,206.336994930224,1.6926
"GUY","Guyana","Latin America & Caribbean","High income",2000,-9.97659643804399,192.863067525761,2
"GUY","Guyana","Latin America & Caribbean","High income",2001,-10.6716475152882,186.417281763766,0.4838
"GUY","Guyana","Latin America & Caribbean","High income",2002,-6.51397222853226,191.448272576848,1.9732
"GUY","Guyana","Latin America & Caribbean","High income",2003,-4.38724015423701,195.697630234675,2.9554
"GUY","Guyana","Latin America & Caribbean","High income",2004,-6.91642618359529,173.698535626838,1.4233
"GUY","Guyana","Latin America & Caribbean","High income",2005,-27.2129097851073,150.18338642891,1.2853
"GUY","Guyana","Latin America & Caribbean","High income",2006,-13.7795411784694,48.8762550896539,1.875
"GUY","Guyana","Latin America & Caribbean","High income",2007,-14.9256404089744,31.0754998525359,1
"GUY","Guyana","Latin America & Caribbean","High income",2008,-21.0038172988965,32.7415744156923,1.59
"GUY","Guyana","Latin America & Caribbean","High income",2009,-16.2155073765789,45.1066490939507,1.6425
"GUY","Guyana","Latin America & Caribbean","High income",2010,-18.3484845601708,41.0263251701462,1.2196
"GUY","Guyana","Latin America & Caribbean","High income",2011,-21.0652550429131,54.3610215678433,1.2258
"GUY","Guyana","Latin America & Caribbean","High income",2012,-19.9319437677593,48.5887815543039,1.4217
"GUY","Guyana","Latin America & Caribbean","High income",2013,-20.1015431370504,55.2334324169167,1.3756
"GUY","Guyana","Latin America & Caribbean","High income",2014,-21.0640911735208,56.7379224395153,0.3652
"GUY","Guyana","Latin America & Caribbean","High income",2015,-11.2160195078016,38.2471539570055,0.7273
"GUY","Guyana","Latin America & Caribbean","High income",2016,-3.88207123906801,36.6712289048016,1.8713
"GUY","Guyana","Latin America & Caribbean","High income",2017,-7.53050902002703,33.319721987133,2.2634
"GUY","Guyana","Latin America & Caribbean","High income",2018,-35.6919906560943,33.5656329922363,1.723
"GUY","Guyana","Latin America & Caribbean","High income",2019,-67.0471066341336,29.5811765708023,1.703
"GUY","Guyana","Latin America & Caribbean","High income",2020,-21.4477194302988,27.5382306882272,1.6286
"GUY","Guyana","Latin America & Caribbean","High income",2021,-24.8012823075845,23.4998132166783,2.135
"GUY","Guyana","Latin America & Caribbean","High income",2022,30.4709517213641,14.0647760936449,2.2827
"GUY","Guyana","Latin America & Caribbean","High income",2023,16.4478451348597,17.451748615653,3.6713
"HND","Honduras","Latin America & Caribbean","Lower middle income",1974,-9.97184231490853,28.2771887932422,4.2171
"HND","Honduras","Latin America & Caribbean","Lower middle income",1975,-7.65008834254351,33.9120540806737,5.8934
"HND","Honduras","Latin America & Caribbean","Lower middle income",1976,-3.83187566853332,27.8521727993456,5.5794
"HND","Honduras","Latin America & Caribbean","Lower middle income",1977,-3.93802283369285,44.0465382543274,4.2966
"HND","Honduras","Latin America & Caribbean","Lower middle income",1978,-3.76830363670545,42.7950778935935,7.6507
"HND","Honduras","Latin America & Caribbean","Lower middle income",1979,-3.3700385044442,46.0044320738422,8.1022
"HND","Honduras","Latin America & Caribbean","Lower middle income",1980,-5.85353598794121,49.3890746639869,6.7766
"HND","Honduras","Latin America & Caribbean","Lower middle income",1981,-5.10308983951111,51.5936110543149,9.2704
"HND","Honduras","Latin America & Caribbean","Lower middle income",1982,-1.60243127503799,53.8335903384445,7.0242
"HND","Honduras","Latin America & Caribbean","Lower middle income",1983,-2.95790967439559,58.2603169858484,5.7369
"HND","Honduras","Latin America & Caribbean","Lower middle income",1984,-5.47408124271074,59.7422908484081,8.4692
"HND","Honduras","Latin America & Caribbean","Lower middle income",1985,-4.10322759512973,65.9848736848185,6.3545
"HND","Honduras","Latin America & Caribbean","Lower middle income",1986,-1.41093474426808,65.8485433862434,6.2848
"HND","Honduras","Latin America & Caribbean","Lower middle income",1987,-2.46139149816908,68.0589135667091,5.5183
"HND","Honduras","Latin America & Caribbean","Lower middle income",1988,-2.35148115334345,70.0290694301529,7.0544
"HND","Honduras","Latin America & Caribbean","Lower middle income",1989,-2.86341321187382,79.8086032866565,5.9614
"HND","Honduras","Latin America & Caribbean","Lower middle income",1990,-2.5251307298077,102.202992997566,6.4122
"HND","Honduras","Latin America & Caribbean","Lower middle income",1991,-3.34109932124971,94.163187946457,4.047
"HND","Honduras","Latin America & Caribbean","Lower middle income",1992,-4.65940172938633,96.3001572047156,4.3335
"HND","Honduras","Latin America & Caribbean","Lower middle income",1993,-6.54533087979493,105.7633462127,3.7961
"HND","Honduras","Latin America & Caribbean","Lower middle income",1994,-7.75022566975342,116.727732715206,4.8839
"HND","Honduras","Latin America & Caribbean","Lower middle income",1995,-4.65504889773656,105.091850260495,2.3078
"HND","Honduras","Latin America & Caribbean","Lower middle income",1996,-6.91626274679592,100.160216596457,2.7461
"HND","Honduras","Latin America & Caribbean","Lower middle income",1997,-5.74411447032623,88.7655644769898,6.3282
"HND","Honduras","Latin America & Caribbean","Lower middle income",1998,-6.36467577159865,82.7491219448432,1.9982
"HND","Honduras","Latin America & Caribbean","Lower middle income",1999,-12.2237867717579,87.3283868623032,1.2583
"HND","Honduras","Latin America & Caribbean","Lower middle income",2000,-11.5623933444862,78.1558301654945,1.5097
"HND","Honduras","Latin America & Caribbean","Lower middle income",2001,-12.2317564636618,67.4349620216296,1.5188
"HND","Honduras","Latin America & Caribbean","Lower middle income",2002,-10.5197914255194,69.8818678623365,2.3895
"HND","Honduras","Latin America & Caribbean","Lower middle income",2003,-14.3632761639174,68.7323666229701,2.0275
"HND","Honduras","Latin America & Caribbean","Lower middle income",2004,-16.8844387070426,69.9665474942496,1.2575
"HND","Honduras","Latin America & Caribbean","Lower middle income",2005,-17.6882630092095,52.9898478590863,1.3355
"HND","Honduras","Latin America & Caribbean","Lower middle income",2006,-21.2268238622194,36.5257917863329,1.6965
"HND","Honduras","Latin America & Caribbean","Lower middle income",2007,-27.4421399212935,24.3557816033081,1.6823
"HND","Honduras","Latin America & Caribbean","Lower middle income",2008,-33.0109520165974,25.3368483686466,2.7156
"HND","Honduras","Latin America & Caribbean","Lower middle income",2009,-17.571078598729,26.2961400821239,2.6841
"HND","Honduras","Latin America & Caribbean","Lower middle income",2010,-17.9040521019006,25.304146142059,2.4505
"HND","Honduras","Latin America & Caribbean","Lower middle income",2011,-20.1708814371402,24.9542809423429,1.3349
"HND","Honduras","Latin America & Caribbean","Lower middle income",2012,-19.4453603189318,27.4508321953449,1.1049
"HND","Honduras","Latin America & Caribbean","Lower middle income",2013,-20.6207957120666,37.1431601218475,4.9878
"HND","Honduras","Latin America & Caribbean","Lower middle income",2014,-17.2305021745191,37.3293849326042,2.3921
"HND","Honduras","Latin America & Caribbean","Lower middle income",2015,-16.1778428094167,36.3892435552971,1.124
"HND","Honduras","Latin America & Caribbean","Lower middle income",2016,-14.6320664631616,35.0945229139262,2.1446
"HND","Honduras","Latin America & Caribbean","Lower middle income",2017,-15.2499798679559,37.8181651798329,0.4008
"HND","Honduras","Latin America & Caribbean","Lower middle income",2018,-20.2761368524352,38.1299635533941,2.1258
"HND","Honduras","Latin America & Caribbean","Lower middle income",2019,-18.4144497254072,39.207383570621,2.9065
"HND","Honduras","Latin America & Caribbean","Lower middle income",2020,-15.7204071626676,47.4234116896701,3.4228
"HND","Honduras","Latin America & Caribbean","Lower middle income",2021,-24.2222215807021,44.4415009532567,1.5369
"HND","Honduras","Latin America & Caribbean","Lower middle income",2022,-27.3368740151843,40.2168597378556,2.5713
"HND","Honduras","Latin America & Caribbean","Lower middle income",2023,-23.672570976123,37.6762910244045,3.2592
"HND","Honduras","Latin America & Caribbean","Lower middle income",2024,-23.9450264177907,38.6688792538581,6.6143
"HTI","Haiti","Latin America & Caribbean","Lower middle income",1971,-2.98787210644101,13.7918963616318,3.4289
"HTI","Haiti","Latin America & Caribbean","Lower middle income",1972,-4.28494244455886,14.4344490184946,0.5466
"HTI","Haiti","Latin America & Caribbean","Lower middle income",1973,-3.8517651122395,10.9912409758783,2.2489
"HTI","Haiti","Latin America & Caribbean","Lower middle income",1974,-6.87301280688278,21.2983391412802,1.9112
"HTI","Haiti","Latin America & Caribbean","Lower middle income",1975,-7.85148224401233,21.7825792486058,0.9202
"HTI","Haiti","Latin America & Caribbean","Lower middle income",1976,-8.0500568844314,20.64354407281,2.0589
"HTI","Haiti","Latin America & Caribbean","Lower middle income",1977,-9.3938753978661,24.8197946462513,2.7116
"HTI","Haiti","Latin America & Caribbean","Lower middle income",1978,-10.0451652658152,28.9276913364812,1.6945
"HTI","Haiti","Latin America & Caribbean","Lower middle income",1979,-10.6440866206741,30.9705836294651,2.6253
"HTI","Haiti","Latin America & Caribbean","Lower middle income",1980,-12.6665703161625,27.6525900274606,5.2166
"HTI","Haiti","Latin America & Caribbean","Lower middle income",1981,-18.5940246082882,33.8035563268893,5.3273
"HTI","Haiti","Latin America & Caribbean","Lower middle income",1982,-13.3089133115751,41.3696586216253,2.4931
"HTI","Haiti","Latin America & Caribbean","Lower middle income",1983,-12.7728504583319,39.6944571446169,1.4963
"HTI","Haiti","Latin America & Caribbean","Lower middle income",1984,-11.4480784064159,40.2801210053959,3.4376
"HTI","Haiti","Latin America & Caribbean","Lower middle income",1985,-10.9435652433562,38.9561509306261,1.8903
"HTI","Haiti","Latin America & Caribbean","Lower middle income",1986,-7.82657463330457,33.3907041544435,2.2244
"HTI","Haiti","Latin America & Caribbean","Lower middle income",1987,-8.85599843688941,44.2204553194607,1.6707
"HTI","Haiti","Latin America & Caribbean","Lower middle income",1988,-7.88545417568694,33.5555353921923,NA
"HTI","Haiti","Latin America & Caribbean","Lower middle income",1989,-7.72445788639156,31.4049608554618,1.4302
"HTI","Haiti","Latin America & Caribbean","Lower middle income",1990,-6.34953485297145,30.3267561679788,1.3669
"HTI","Haiti","Latin America & Caribbean","Lower middle income",1991,-8.85891613232283,23.1721232736524,1.3244
"HTI","Haiti","Latin America & Caribbean","Lower middle income",1992,-6.01826268496328,36.7857296635846,NA
"HTI","Haiti","Latin America & Caribbean","Lower middle income",1993,-9.29746571198514,45.0327883814128,NA
"HTI","Haiti","Latin America & Caribbean","Lower middle income",1994,-7.76861066094059,34.9794729011181,NA
"HTI","Haiti","Latin America & Caribbean","Lower middle income",1995,-21.6577373230737,29.7657120380837,1.2051
"HTI","Haiti","Latin America & Caribbean","Lower middle income",1996,-20.3028865323172,31.7878590039314,1.7659
"HTI","Haiti","Latin America & Caribbean","Lower middle income",1997,-15.3341658334259,32.0998325651841,1.5458
"HTI","Haiti","Latin America & Caribbean","Lower middle income",1998,-15.2189756250298,28.6938884890449,NA
"HTI","Haiti","Latin America & Caribbean","Lower middle income",1999,-17.3545395184683,29.4131488684153,1.5247
"HTI","Haiti","Latin America & Caribbean","Lower middle income",2000,-12.6955545370548,17.6874115362337,NA
"HTI","Haiti","Latin America & Caribbean","Lower middle income",2001,-13.766173171302,20.0729658210844,NA
"HTI","Haiti","Latin America & Caribbean","Lower middle income",2002,-13.357402647276,20.483071771524,0.75
"HTI","Haiti","Latin America & Caribbean","Lower middle income",2003,-18.6742852582705,26.832097667951,NA
"HTI","Haiti","Latin America & Caribbean","Lower middle income",2004,-17.231605853517,21.719805020108,1
"HTI","Haiti","Latin America & Caribbean","Lower middle income",2005,-17.7492663437227,19.1439899507731,0.9984
"HTI","Haiti","Latin America & Caribbean","Lower middle income",2006,-19.0142636981672,19.9623521095786,NA
"HTI","Haiti","Latin America & Caribbean","Lower middle income",2007,-17.3943331660507,18.5341398639392,1.7862
"HTI","Haiti","Latin America & Caribbean","Lower middle income",2008,-18.5621125610031,20.0442154772952,1
"HTI","Haiti","Latin America & Caribbean","Lower middle income",2009,-15.2643903536001,13.4201111258908,1.1495
"HTI","Haiti","Latin America & Caribbean","Lower middle income",2010,-27.5811667810186,8.81187517792892,1.2468
"HTI","Haiti","Latin America & Caribbean","Lower middle income",2011,-23.9973123759162,6.52570651438938,1.0188
"HTI","Haiti","Latin America & Caribbean","Lower middle income",2012,-20.9170974360363,9.23095192552532,1
"HTI","Haiti","Latin America & Caribbean","Lower middle income",2013,-19.2965030610366,11.3364136082553,1
"HTI","Haiti","Latin America & Caribbean","Lower middle income",2014,-20.4080881802081,13.8253681044502,1
"HTI","Haiti","Latin America & Caribbean","Lower middle income",2015,-18.4729254569574,15.0842173743851,1
"HTI","Haiti","Latin America & Caribbean","Lower middle income",2016,-18.6468670192095,16.3547660404772,1.315
"HTI","Haiti","Latin America & Caribbean","Lower middle income",2017,-20.9477187910704,15.68602233898,1.0614
"HTI","Haiti","Latin America & Caribbean","Lower middle income",2018,-22.1771575322168,15.0574441087064,NA
"HTI","Haiti","Latin America & Caribbean","Lower middle income",2019,-20.6396084951069,16.4511589607176,NA
"HTI","Haiti","Latin America & Caribbean","Lower middle income",2020,-21.775370305894,18.0548064423167,1.0001
"HTI","Haiti","Latin America & Caribbean","Lower middle income",2021,-18.1942019285461,14.3101503813593,NA
"HTI","Haiti","Latin America & Caribbean","Lower middle income",2022,-20.3622380564547,14.7430468777447,NA
"HTI","Haiti","Latin America & Caribbean","Lower middle income",2023,-21.5020765565901,16.1275846007063,1
"HTI","Haiti","Latin America & Caribbean","Lower middle income",2024,-16.1602280645067,3.89493054570997,NA
"IDN","Indonesia","East Asia & Pacific","Upper middle income",1981,2.63920325498362,26.6155396449411,NA
"IDN","Indonesia","East Asia & Pacific","Upper middle income",1982,-2.73407541863846,27.876788790439,NA
"IDN","Indonesia","East Asia & Pacific","Upper middle income",1983,-3.45702783811142,37.2961529602922,NA
"IDN","Indonesia","East Asia & Pacific","Upper middle income",1984,2.40178094689552,37.741729343404,NA
"IDN","Indonesia","East Asia & Pacific","Upper middle income",1985,1.79506294288055,43.0470897029919,NA
"IDN","Indonesia","East Asia & Pacific","Upper middle income",1986,-1.19318499938662,53.6736829195289,NA
"IDN","Indonesia","East Asia & Pacific","Upper middle income",1987,1.71079486738094,69.1776788903861,NA
"IDN","Indonesia","East Asia & Pacific","Upper middle income",1988,2.89560492002452,64.1207206918734,NA
"IDN","Indonesia","East Asia & Pacific","Upper middle income",1989,3.28211025464651,62.8684537065339,NA
"IDN","Indonesia","East Asia & Pacific","Upper middle income",1990,1.68078742704701,65.8074497915797,NA
"IDN","Indonesia","East Asia & Pacific","Upper middle income",1991,0.908061973170394,68.1931367514326,NA
"IDN","Indonesia","East Asia & Pacific","Upper middle income",1992,1.80665063133815,68.7256396388524,NA
"IDN","Indonesia","East Asia & Pacific","Upper middle income",1993,1.48348139384394,56.4261682696091,NA
"IDN","Indonesia","East Asia & Pacific","Upper middle income",1994,0.724735407410974,60.9522723228168,NA
"IDN","Indonesia","East Asia & Pacific","Upper middle income",1995,-0.760888815946525,61.5436873916727,NA
"IDN","Indonesia","East Asia & Pacific","Upper middle income",1996,-1.13999369094651,56.7373430365138,NA
"IDN","Indonesia","East Asia & Pacific","Upper middle income",1997,0.189572142923371,63.1936668627074,NA
"IDN","Indonesia","East Asia & Pacific","Upper middle income",1998,11.3359026879536,158.71336340886,NA
"IDN","Indonesia","East Asia & Pacific","Upper middle income",1999,9.18988097260304,108.432169479972,NA
"IDN","Indonesia","East Asia & Pacific","Upper middle income",2000,8.85890699766196,87.2913059591942,NA
"IDN","Indonesia","East Asia & Pacific","Upper middle income",2001,7.67630750309775,82.7127543301152,NA
"IDN","Indonesia","East Asia & Pacific","Upper middle income",2002,6.71124875578588,65.6464271183653,NA
"IDN","Indonesia","East Asia & Pacific","Upper middle income",2003,5.30536693327989,57.2352608899415,NA
"IDN","Indonesia","East Asia & Pacific","Upper middle income",2004,4.41579873425291,53.746882612944,NA
"IDN","Indonesia","East Asia & Pacific","Upper middle income",2005,2.94233776059179,49.7192716849792,NA
"IDN","Indonesia","East Asia & Pacific","Upper middle income",2006,5.4272084394363,37.2959427962182,NA
"IDN","Indonesia","East Asia & Pacific","Upper middle income",2007,4.83824760904604,34.2021316354718,NA
"IDN","Indonesia","East Asia & Pacific","Upper middle income",2008,1.94378712736048,30.9500846840547,NA
"IDN","Indonesia","East Asia & Pacific","Upper middle income",2009,3.92731993691421,33.2489486055408,NA
"IDN","Indonesia","East Asia & Pacific","Upper middle income",2010,2.80920580320545,26.2587586851354,NA
"IDN","Indonesia","East Asia & Pacific","Upper middle income",2011,2.69009584270682,24.595406730767,NA
"IDN","Indonesia","East Asia & Pacific","Upper middle income",2012,-0.205303115612992,27.5227491276039,5.795833
"IDN","Indonesia","East Asia & Pacific","Upper middle income",2013,-0.683500797482259,28.8917140950836,6.9875
"IDN","Indonesia","East Asia & Pacific","Upper middle income",2014,-0.339815324743576,32.8424524574555,8.131667
"IDN","Indonesia","East Asia & Pacific","Upper middle income",2015,0.621696311526607,35.760941477535,8.221666
"IDN","Indonesia","East Asia & Pacific","Upper middle income",2016,0.883627532736046,34.237618049406,7.638333
"IDN","Indonesia","East Asia & Pacific","Upper middle income",2017,1.12589185602591,34.8249685812784,6.878334
"IDN","Indonesia","East Asia & Pacific","Upper middle income",2018,-0.644109821170677,36.4445909471408,7.4575
"IDN","Indonesia","East Asia & Pacific","Upper middle income",2019,-0.369343664791784,35.9556552952889,7.4653
"IDN","Indonesia","East Asia & Pacific","Upper middle income",2020,1.75116467706771,39.378169118616,6.904896
"IDN","Indonesia","East Asia & Pacific","Upper middle income",2021,2.46163202832842,35.2163233332796,6.362951
"IDN","Indonesia","East Asia & Pacific","Upper middle income",2022,3.23819607689397,30.0193803855895,6.972653
"IDN","Indonesia","East Asia & Pacific","Upper middle income",2023,2.08532361720249,29.1440433771078,6.6
"IDN","Indonesia","East Asia & Pacific","Upper middle income",2024,1.52929064287883,30.1553154177137,6.793334
"IND","India","South Asia","Lower middle income",1975,-0.507766977249055,14.0805061961645,NA
"IND","India","South Asia","Lower middle income",1976,0.683922756830211,14.2006368060548,NA
"IND","India","South Asia","Lower middle income",1977,0.79220981878412,12.688356009123,NA
"IND","India","South Asia","Lower middle income",1978,-0.606317972048,12.0320248018208,NA
"IND","India","South Asia","Lower middle income",1979,-1.47608263924376,11.8894946137839,NA
"IND","India","South Asia","Lower middle income",1980,-3.0341821324248,11.1219442417388,NA
"IND","India","South Asia","Lower middle income",1981,-3.18501270017767,11.6181279246177,NA
"IND","India","South Asia","Lower middle income",1982,-2.66980137996255,13.4233997098625,NA
"IND","India","South Asia","Lower middle income",1983,-2.06751688326038,14.0425139946082,NA
"IND","India","South Asia","Lower middle income",1984,-2.09004631111818,15.4432150148371,NA
"IND","India","South Asia","Lower middle income",1985,-2.6385489804549,16.745323984492,NA
"IND","India","South Asia","Lower middle income",1986,-2.47223396045421,18.0369353185299,NA
"IND","India","South Asia","Lower middle income",1987,-2.52393805911779,19.1464037070328,NA
"IND","India","South Asia","Lower middle income",1988,-2.73493371428062,19.990075892462,NA
"IND","India","South Asia","Lower middle income",1989,-2.64970722067725,24.9022273162593,NA
"IND","India","South Asia","Lower middle income",1990,-2.06105588700921,26.0052888315415,NA
"IND","India","South Asia","Lower middle income",1991,-1.48518410159331,31.4145346389486,NA
"IND","India","South Asia","Lower middle income",1992,-1.63498894752932,30.4555802676967,NA
"IND","India","South Asia","Lower middle income",1993,-1.24672640653892,32.7002332833381,NA
"IND","India","South Asia","Lower middle income",1994,-1.92856815873701,29.9132759377322,NA
"IND","India","South Asia","Lower middle income",1995,-2.83440937445121,26.0376592410446,NA
"IND","India","South Asia","Lower middle income",1996,-3.55928384370335,23.9162193563508,NA
"IND","India","South Asia","Lower middle income",1997,-3.21259288390826,22.6176071286705,NA
"IND","India","South Asia","Lower middle income",1998,-3.22795153552467,23.3376862192183,NA
"IND","India","South Asia","Lower middle income",1999,-2.49361461840565,21.7469337506302,NA
"IND","India","South Asia","Lower middle income",2000,-2.80606744903943,21.5910457090591,NA
"IND","India","South Asia","Lower middle income",2001,-1.89126066578962,20.4968822208687,NA
"IND","India","South Asia","Lower middle income",2002,-0.994720888533794,20.534776466311,NA
"IND","India","South Asia","Lower middle income",2003,-1.34343954723211,19.5630225316947,NA
"IND","India","South Asia","Lower middle income",2004,-2.1095954030067,17.4355228140996,NA
"IND","India","South Asia","Lower middle income",2005,-3.32482643905113,14.7730225578519,NA
"IND","India","South Asia","Lower middle income",2006,-3.37884925606327,16.9661091378764,NA
"IND","India","South Asia","Lower middle income",2007,-3.18094463216513,16.7708907850978,NA
"IND","India","South Asia","Lower middle income",2008,-6.20238093366053,18.943422243159,NA
"IND","India","South Asia","Lower middle income",2009,-5.02352043819313,19.1008666958216,NA
"IND","India","South Asia","Lower middle income",2010,-5.43225229297819,17.3325886031701,NA
"IND","India","South Asia","Lower middle income",2011,-5.85209816087039,18.3428300276269,NA
"IND","India","South Asia","Lower middle income",2012,-7.44476912381847,21.479972420109,8.259434
"IND","India","South Asia","Lower middle income",2013,-4.96224400449608,23.0107249822937,8.109995
"IND","India","South Asia","Lower middle income",2014,-3.3332806139594,22.4364409836459,8.586742
"IND","India","South Asia","Lower middle income",2015,-3.00672758017631,22.7625812692209,7.775971
"IND","India","South Asia","Lower middle income",2016,-1.81189047818489,19.8510769883347,7.206195
"IND","India","South Asia","Lower middle income",2017,-2.72345138852287,19.294009923444,6.923907
"IND","India","South Asia","Lower middle income",2018,-3.91862530598477,19.2818813105358,7.704654
"IND","India","South Asia","Lower middle income",2019,-2.59033394191142,19.7847424755739,6.996999
"IND","India","South Asia","Lower middle income",2020,-0.31187406175271,21.1218942276975,6.191779
"IND","India","South Asia","Lower middle income",2021,-2.33763966628415,19.3222255765977,6.257547
"IND","India","South Asia","Lower middle income",2022,-4.14349273236322,18.9392785641049,7.192354
"IND","India","South Asia","Lower middle income",2023,-2.46613132664889,18.4968236761339,7.220377
"IND","India","South Asia","Lower middle income",2024,-2.69743366531496,19.050559925669,6.975958
"IRN","Iran, Islamic Rep.","Middle East, North Africa, Afghanistan & Pakistan","Upper middle income",1980,-3.22374591043034,4.89490380007099,NA
"IRN","Iran, Islamic Rep.","Middle East, North Africa, Afghanistan & Pakistan","Upper middle income",1981,-4.04579881070193,3.94949124137472,2
"IRN","Iran, Islamic Rep.","Middle East, North Africa, Afghanistan & Pakistan","Upper middle income",1982,4.24617134077824,6.56596405123967,2.0205
"IRN","Iran, Islamic Rep.","Middle East, North Africa, Afghanistan & Pakistan","Upper middle income",1983,-0.161800752464111,4.52663877367568,2.1063
"IRN","Iran, Islamic Rep.","Middle East, North Africa, Afghanistan & Pakistan","Upper middle income",1984,-0.533040077501264,3.17958719891237,7
"IRN","Iran, Islamic Rep.","Middle East, North Africa, Afghanistan & Pakistan","Upper middle income",1985,-0.426786829474185,3.34393743504131,7
"IRN","Iran, Islamic Rep.","Middle East, North Africa, Afghanistan & Pakistan","Upper middle income",1986,-2.60838921499235,2.77097797747329,7
"IRN","Iran, Islamic Rep.","Middle East, North Africa, Afghanistan & Pakistan","Upper middle income",1987,-1.66405497189815,4.58974897187994,NA
"IRN","Iran, Islamic Rep.","Middle East, North Africa, Afghanistan & Pakistan","Upper middle income",1988,-1.6333779721281,4.74821283416046,11.765
"IRN","Iran, Islamic Rep.","Middle East, North Africa, Afghanistan & Pakistan","Upper middle income",1989,-2.43907776871424,5.41664347440537,8.6112
"IRN","Iran, Islamic Rep.","Middle East, North Africa, Afghanistan & Pakistan","Upper middle income",1990,-2.04385328910864,7.23174945856333,8.3041
"IRN","Iran, Islamic Rep.","Middle East, North Africa, Afghanistan & Pakistan","Upper middle income",1991,-8.79383571844136,8.63615113875347,7.3331
"IRN","Iran, Islamic Rep.","Middle East, North Africa, Afghanistan & Pakistan","Upper middle income",1992,-7.20555590307649,13.4214253174231,5.3759
"IRN","Iran, Islamic Rep.","Middle East, North Africa, Afghanistan & Pakistan","Upper middle income",1993,-8.97815296624983,36.697687932261,4.5839
"IRN","Iran, Islamic Rep.","Middle East, North Africa, Afghanistan & Pakistan","Upper middle income",1994,5.6081821475213,30.3341296532714,6.3481
"IRN","Iran, Islamic Rep.","Middle East, North Africa, Afghanistan & Pakistan","Upper middle income",1995,3.98260820949597,22.4868557266159,6.5549
"IRN","Iran, Islamic Rep.","Middle East, North Africa, Afghanistan & Pakistan","Upper middle income",1996,4.30135454789598,13.8568388356073,5.9501
"IRN","Iran, Islamic Rep.","Middle East, North Africa, Afghanistan & Pakistan","Upper middle income",1997,1.82497828948586,10.2681053784212,6.6176
"IRN","Iran, Islamic Rep.","Middle East, North Africa, Afghanistan & Pakistan","Upper middle income",1998,-1.93603532679748,11.1914978186141,5.7483
"IRN","Iran, Islamic Rep.","Middle East, North Africa, Afghanistan & Pakistan","Upper middle income",1999,5.58286036838225,8.55725738237067,6.312
"IRN","Iran, Islamic Rep.","Middle East, North Africa, Afghanistan & Pakistan","Upper middle income",2000,11.1541285788347,8.02985340312587,6.0264
"IRQ","Iraq","Middle East, North Africa, Afghanistan & Pakistan","Upper middle income",2015,-1.0727170279635,11.4739651936328,1.0269
"IRQ","Iraq","Middle East, North Africa, Afghanistan & Pakistan","Upper middle income",2016,1.62743318941682,14.0056060010068,4.1451
"IRQ","Iraq","Middle East, North Africa, Afghanistan & Pakistan","Upper middle income",2017,8.09210840254025,14.9993415241911,3.1627
"IRQ","Iraq","Middle East, North Africa, Afghanistan & Pakistan","Upper middle income",2018,15.4176409443838,12.2257807054797,2.8802
"IRQ","Iraq","Middle East, North Africa, Afghanistan & Pakistan","Upper middle income",2019,7.113797977487,11.7646540786645,0.8428
"IRQ","Iraq","Middle East, North Africa, Afghanistan & Pakistan","Upper middle income",2020,-2.32102150906136,14.5541584233273,0.0762
"IRQ","Iraq","Middle East, North Africa, Afghanistan & Pakistan","Upper middle income",2021,13.1400373563696,12.0940201813938,0.8035
"IRQ","Iraq","Middle East, North Africa, Afghanistan & Pakistan","Upper middle income",2022,20.1541045107661,7.90707129034433,0.0104
"IRQ","Iraq","Middle East, North Africa, Afghanistan & Pakistan","Upper middle income",2023,9.91988324587094,7.55666241827104,NA
"IRQ","Iraq","Middle East, North Africa, Afghanistan & Pakistan","Upper middle income",2024,2.38809539656161,6.26409939734024,NA
"JAM","Jamaica","Latin America & Caribbean","Upper middle income",1976,-7.93312879888475,49.4962997688657,7.1732
"JAM","Jamaica","Latin America & Caribbean","Upper middle income",1977,0.963156008636767,52.2643636652415,3.9505
"JAM","Jamaica","Latin America & Caribbean","Upper middle income",1978,2.52218938507547,54.5692318700974,6.543
"JAM","Jamaica","Latin America & Caribbean","Upper middle income",1979,-2.1442731032549,71.1535680719584,7.2702
"JAM","Jamaica","Latin America & Caribbean","Upper middle income",1980,-1.66829678825082,72.1591787171412,7.2041
"JAM","Jamaica","Latin America & Caribbean","Upper middle income",1981,-10.0334741186003,78.4141263360067,8.8404
"JAM","Jamaica","Latin America & Caribbean","Upper middle income",1982,-11.4923462530945,87.4806395004223,7.8671
"JAM","Jamaica","Latin America & Caribbean","Upper middle income",1983,-8.33595293376489,96.5197395209246,8.1283
"JAM","Jamaica","Latin America & Caribbean","Upper middle income",1984,-7.85316750874965,153.216552580232,7.461
"JAM","Jamaica","Latin America & Caribbean","Upper middle income",1985,-11.4748844221963,197.579781210913,7.6271
"JAM","Jamaica","Latin America & Caribbean","Upper middle income",1986,3.41979685601448,154.931797419997,6.5954
"JAM","Jamaica","Latin America & Caribbean","Upper middle income",1987,0.924853431281913,145.14853895505,6.0474
"JAM","Jamaica","Latin America & Caribbean","Upper middle income",1988,-3.63603800736152,121.012996249306,6.2077
"JAM","Jamaica","Latin America & Caribbean","Upper middle income",1989,-9.86393030869135,105.795973834426,7.1366
"JAM","Jamaica","Latin America & Caribbean","Upper middle income",1990,-3.76725088963918,104.191319806814,7.6274
"JAM","Jamaica","Latin America & Caribbean","Upper middle income",1991,-1.69986532502943,112.329435688938,6.2429
"JAM","Jamaica","Latin America & Caribbean","Upper middle income",1992,-0.989970162607853,131.001618240657,7.24
"JAM","Jamaica","Latin America & Caribbean","Upper middle income",1993,-6.94677836349303,81.2202740653681,6.3891
"JAM","Jamaica","Latin America & Caribbean","Upper middle income",1994,-0.482342332389151,85.1766451975611,3.7726
"JAM","Jamaica","Latin America & Caribbean","Upper middle income",1995,-5.09614516171457,70.1755822269676,5.8355
"JAM","Jamaica","Latin America & Caribbean","Upper middle income",1996,-7.32361259536979,55.3860837264569,4.5043
"JAM","Jamaica","Latin America & Caribbean","Upper middle income",1997,-7.91781781435042,45.4589007992075,6.581
"JAM","Jamaica","Latin America & Caribbean","Upper middle income",1998,-7.4392334948252,44.8989249826977,7.7869
"JAM","Jamaica","Latin America & Caribbean","Upper middle income",1999,-5.97610593019234,45.3226846994302,6.1586
"JAM","Jamaica","Latin America & Caribbean","Upper middle income",2000,-9.3092059733033,53.5389807371419,9.1735
"JAM","Jamaica","Latin America & Caribbean","Upper middle income",2001,-13.4326977664965,59.5775164457546,9.7542
"JAM","Jamaica","Latin America & Caribbean","Upper middle income",2002,-16.0061063920626,57.6331747321513,6.9657
"JAM","Jamaica","Latin America & Caribbean","Upper middle income",2003,-14.7510257717205,60.6583347708106,6.301
"JAM","Jamaica","Latin America & Caribbean","Upper middle income",2004,-13.4183113477043,64.0492302266997,9.4047
"JAM","Jamaica","Latin America & Caribbean","Upper middle income",2005,-17.5522064827144,58.6155735811396,7.5723
"JAM","Jamaica","Latin America & Caribbean","Upper middle income",2006,-19.4112727396291,67.7634236032042,5.551
"JAM","Jamaica","Latin America & Caribbean","Upper middle income",2007,-26.6917848632215,82.2210835628019,7.2065
"JAM","Jamaica","Latin America & Caribbean","Upper middle income",2008,-31.9108681197407,76.0865044317062,5.8479
"JAM","Jamaica","Latin America & Caribbean","Upper middle income",2009,-19.1247939608477,91.7204424566775,3.4785
"JAM","Jamaica","Latin America & Caribbean","Upper middle income",2010,-18.5272406597007,107.307183125172,1.382
"JAM","Jamaica","Latin America & Caribbean","Upper middle income",2011,-24.5152932501613,98.9129615068822,5.4806
"JAM","Jamaica","Latin America & Caribbean","Upper middle income",2012,-22.4714310954456,96.218874880425,0.275
"JAM","Jamaica","Latin America & Caribbean","Upper middle income",2013,-22.3014675674536,90.3624423926572,2.2444
"JAM","Jamaica","Latin America & Caribbean","Upper middle income",2014,-21.9543823633914,101.283375401306,5.1967
"JAM","Jamaica","Latin America & Caribbean","Upper middle income",2015,-15.34724923871,93.9344439034278,6.339
"JAM","Jamaica","Latin America & Caribbean","Upper middle income",2016,-12.3354902471149,94.0066355180938,6.8669
"JAM","Jamaica","Latin America & Caribbean","Upper middle income",2017,-14.9379060147988,92.4025976713029,5.707
"JAM","Jamaica","Latin America & Caribbean","Upper middle income",2018,-12.4049454566366,104.004263281697,3.4114
"JAM","Jamaica","Latin America & Caribbean","Upper middle income",2019,-13.3770909034742,84.9550460301486,7.8009
"JAM","Jamaica","Latin America & Caribbean","Upper middle income",2020,-17.7585671999666,96.59425645608,1.8533
"JAM","Jamaica","Latin America & Caribbean","Upper middle income",2021,-18.8212858275038,100.45449026309,1.1245
"JAM","Jamaica","Latin America & Caribbean","Upper middle income",2022,-17.5557889085111,84.046279944948,1.32
"JAM","Jamaica","Latin America & Caribbean","Upper middle income",2023,-12.0957079806326,71.8771005243291,9.3582
"JAM","Jamaica","Latin America & Caribbean","Upper middle income",2024,-10.9054501545543,67.396619935171,6.275
"JOR","Jordan","Middle East, North Africa, Afghanistan & Pakistan","Lower middle income",1972,-27.237196744745,22.8877020832428,2.7181
"JOR","Jordan","Middle East, North Africa, Afghanistan & Pakistan","Lower middle income",1973,-25.8626353535046,22.7594612092712,2.5149
"JOR","Jordan","Middle East, North Africa, Afghanistan & Pakistan","Lower middle income",1974,-29.2455579691897,22.6058697068266,3.2916
"JOR","Jordan","Middle East, North Africa, Afghanistan & Pakistan","Lower middle income",1975,-41.2480357825011,25.1499782117363,5.0279
"JOR","Jordan","Middle East, North Africa, Afghanistan & Pakistan","Lower middle income",1976,-43.5472060542305,25.3122707154131,4.2065
"JOR","Jordan","Middle East, North Africa, Afghanistan & Pakistan","Lower middle income",1977,-45.7735599598442,37.9789855055118,6.6113
"JOR","Jordan","Middle East, North Africa, Afghanistan & Pakistan","Lower middle income",1978,-43.0361851512212,42.7060957148481,7.4052
"JOR","Jordan","Middle East, North Africa, Afghanistan & Pakistan","Lower middle income",1979,-49.2558204159587,43.3442005831198,6.9289
"JOR","Jordan","Middle East, North Africa, Afghanistan & Pakistan","Lower middle income",1980,-42.2596300737406,47.7448459724631,7.2533
"JOR","Jordan","Middle East, North Africa, Afghanistan & Pakistan","Lower middle income",1981,-52.6501309513249,49.8717168438251,6.8806
"JOR","Jordan","Middle East, North Africa, Afghanistan & Pakistan","Lower middle income",1982,-51.0937346478986,56.5753973898821,7.1646
"JOR","Jordan","Middle East, North Africa, Afghanistan & Pakistan","Lower middle income",1983,-43.7958018655168,61.4010304211529,8.5818
"JOR","Jordan","Middle East, North Africa, Afghanistan & Pakistan","Lower middle income",1984,-38.6529613538287,66.056078061133,8.8775
"JOR","Jordan","Middle East, North Africa, Afghanistan & Pakistan","Lower middle income",1985,-35.1986182646496,78.9775805110651,8.3716
"JOR","Jordan","Middle East, North Africa, Afghanistan & Pakistan","Lower middle income",1986,-23.7123447803776,75.4702919789965,8.5453
"JOR","Jordan","Middle East, North Africa, Afghanistan & Pakistan","Lower middle income",1987,-21.8110820441576,92.679100444321,7.2317
"JOR","Jordan","Middle East, North Africa, Afghanistan & Pakistan","Lower middle income",1988,-21.2049774617915,94.2777864851027,7.9052
"JOR","Jordan","Middle East, North Africa, Afghanistan & Pakistan","Lower middle income",1989,-14.1446408831715,173.310576621048,5.9098
"JOR","Jordan","Middle East, North Africa, Afghanistan & Pakistan","Lower middle income",1990,-25.4219764260759,200.305942550646,4.5481
"JOR","Jordan","Middle East, North Africa, Afghanistan & Pakistan","Lower middle income",1991,-21.7279597497474,223.278446138785,2.1176
"JOR","Jordan","Middle East, North Africa, Afghanistan & Pakistan","Lower middle income",1992,-31.1667446811378,150.013016415499,4.0415
"JOR","Jordan","Middle East, North Africa, Afghanistan & Pakistan","Lower middle income",1993,-29.829131686375,136.104661571881,6.1262
"JOR","Jordan","Middle East, North Africa, Afghanistan & Pakistan","Lower middle income",1994,-22.6115100458573,121.111754521394,4.8805
"JOR","Jordan","Middle East, North Africa, Afghanistan & Pakistan","Lower middle income",1995,-21.1666704322927,113.867809259441,4.6768
"JOR","Jordan","Middle East, North Africa, Afghanistan & Pakistan","Lower middle income",1996,-25.2992914732471,106.528443262475,5.0178
"JOR","Jordan","Middle East, North Africa, Afghanistan & Pakistan","Lower middle income",1997,-22.2665602553871,100.938355298439,4.5406
"JOR","Jordan","Middle East, North Africa, Afghanistan & Pakistan","Lower middle income",1998,-19.7190630682021,95.5603110111716,3.9228
"JOR","Jordan","Middle East, North Africa, Afghanistan & Pakistan","Lower middle income",1999,-17.8703078760189,99.4633827034266,4.9743
"JOR","Jordan","Middle East, North Africa, Afghanistan & Pakistan","Lower middle income",2000,-26.6732630816677,130.751843709145,4.7934
"JOR","Jordan","Middle East, North Africa, Afghanistan & Pakistan","Lower middle income",2001,-25.0151255726439,132.41937891249,2.1561
"JOR","Jordan","Middle East, North Africa, Afghanistan & Pakistan","Lower middle income",2002,-19.1142347620935,135.829063461752,2.326
"JOR","Jordan","Middle East, North Africa, Afghanistan & Pakistan","Lower middle income",2003,-20.9639677950392,122.529251712655,2.2879
"JOR","Jordan","Middle East, North Africa, Afghanistan & Pakistan","Lower middle income",2004,-29.8674497073256,112.999729909529,4.193
"JOR","Jordan","Middle East, North Africa, Afghanistan & Pakistan","Lower middle income",2005,-40.8728517104732,101.41127613188,2.9386
"JOR","Jordan","Middle East, North Africa, Afghanistan & Pakistan","Lower middle income",2006,-33.4046550012179,92.0289040913139,3.4323
"JOR","Jordan","Middle East, North Africa, Afghanistan & Pakistan","Lower middle income",2007,-36.8959572319629,86.8621627735297,4.9165
"JOR","Jordan","Middle East, North Africa, Afghanistan & Pakistan","Lower middle income",2008,-25.4543508309779,53.8715402872605,3.4004
"JOR","Jordan","Middle East, North Africa, Afghanistan & Pakistan","Lower middle income",2009,-19.6544867491324,51.9609439904581,2.1229
"JOR","Jordan","Middle East, North Africa, Afghanistan & Pakistan","Lower middle income",2010,-18.17573959209,55.9359723334101,3.2642
"JOR","Jordan","Middle East, North Africa, Afghanistan & Pakistan","Lower middle income",2011,-23.1533591918085,53.5471027892123,1.8899
"JOR","Jordan","Middle East, North Africa, Afghanistan & Pakistan","Lower middle income",2012,-24.8699275994721,52.4987268944244,2.2162
"JOR","Jordan","Middle East, North Africa, Afghanistan & Pakistan","Lower middle income",2013,-26.2568872172179,60.737067252421,3.175
"JOR","Jordan","Middle East, North Africa, Afghanistan & Pakistan","Lower middle income",2014,-23.3381468746264,59.516899988075,2.0711
"JOR","Jordan","Middle East, North Africa, Afghanistan & Pakistan","Lower middle income",2015,-20.4170961410841,60.3822510466141,3.0102
"JOR","Jordan","Middle East, North Africa, Afghanistan & Pakistan","Lower middle income",2016,-18.9800815240828,62.0540099435781,3.4469
"JOR","Jordan","Middle East, North Africa, Afghanistan & Pakistan","Lower middle income",2017,-19.1838697672896,65.9962942257096,4.7118
"JOR","Jordan","Middle East, North Africa, Afghanistan & Pakistan","Lower middle income",2018,-16.4919539164261,67.3026646922582,3.0531
"JOR","Jordan","Middle East, North Africa, Afghanistan & Pakistan","Lower middle income",2019,-11.9107523092844,68.8597161633582,3.4137
"JOR","Jordan","Middle East, North Africa, Afghanistan & Pakistan","Lower middle income",2020,-16.6481478746547,79.3589115886774,3.0926
"JOR","Jordan","Middle East, North Africa, Afghanistan & Pakistan","Lower middle income",2021,-18.6415833127729,82.3565399977479,1.6867
"JOR","Jordan","Middle East, North Africa, Afghanistan & Pakistan","Lower middle income",2022,-17.3316221395086,76.929292166701,4.338
"JOR","Jordan","Middle East, North Africa, Afghanistan & Pakistan","Lower middle income",2023,-12.1196561348342,79.3951009954279,6.3112
"JOR","Jordan","Middle East, North Africa, Afghanistan & Pakistan","Lower middle income",2024,-13.1567154312426,80.1216950269014,5.3724
"KAZ","Kazakhstan","Europe & Central Asia","Upper middle income",1995,-0.621370960076514,18.4067453874873,5.5492
"KAZ","Kazakhstan","Europe & Central Asia","Upper middle income",1996,-2.80004743331395,13.8919436206821,7.1343
"KAZ","Kazakhstan","Europe & Central Asia","Upper middle income",1997,-2.52143694392075,18.397391534522,6.5286
"KAZ","Kazakhstan","Europe & Central Asia","Upper middle income",1998,-4.74808377277892,27.4440475475123,5.2719
"KAZ","Kazakhstan","Europe & Central Asia","Upper middle income",1999,1.01951196641355,39.1229230100853,9.0569
"KAZ","Kazakhstan","Europe & Central Asia","Upper middle income",2000,6.86833309272999,70.4688331672565,8.345
"KAZ","Kazakhstan","Europe & Central Asia","Upper middle income",2001,-2.40835218521551,69.2465993610897,3.7911
"KAZ","Kazakhstan","Europe & Central Asia","Upper middle income",2002,-0.62189696609677,74.8367890829654,4.8686
"KAZ","Kazakhstan","Europe & Central Asia","Upper middle income",2003,4.85215334770927,75.3292532034585,1.8056
"KAZ","Kazakhstan","Europe & Central Asia","Upper middle income",2004,8.21333531832554,77.0147308444339,1.7699
"KAZ","Kazakhstan","Europe & Central Asia","Upper middle income",2005,11.0672228514396,76.783918865765,5.0473
"KAZ","Kazakhstan","Europe & Central Asia","Upper middle income",2006,12.0176060594725,91.8947659191251,6.19
"KAZ","Kazakhstan","Europe & Central Asia","Upper middle income",2007,9.90804839868595,91.7889077173952,NA
"KAZ","Kazakhstan","Europe & Central Asia","Upper middle income",2008,16.278911257987,79.9889675857483,2.9843
"KAZ","Kazakhstan","Europe & Central Asia","Upper middle income",2009,11.2847964850274,95.1717781315901,1.4087
"KAZ","Kazakhstan","Europe & Central Asia","Upper middle income",2010,15.2268952839904,80.4815296774021,1.0347
"KAZ","Kazakhstan","Europe & Central Asia","Upper middle income",2011,21.8442223976863,64.5447348074214,0.8203
"KAZ","Kazakhstan","Europe & Central Asia","Upper middle income",2012,15.0505669273768,65.2992050161839,3.8991
"KAZ","Kazakhstan","Europe & Central Asia","Upper middle income",2013,12.8554030834832,64.1794158206647,4.7833
"KAZ","Kazakhstan","Europe & Central Asia","Upper middle income",2014,9.39820452054599,72.3647006035164,3.9235
"KAZ","Kazakhstan","Europe & Central Asia","Upper middle income",2015,1.59385358439157,84.6835999342444,4.7119
"KAZ","Kazakhstan","Europe & Central Asia","Upper middle income",2016,4.84988917132384,121.635532505073,2.592
"KAZ","Kazakhstan","Europe & Central Asia","Upper middle income",2017,8.8816685893155,97.7578598147414,2.0126
"KAZ","Kazakhstan","Europe & Central Asia","Upper middle income",2018,10.7487042543033,89.8672388327452,2.0797
"KAZ","Kazakhstan","Europe & Central Asia","Upper middle income",2019,8.05544708862451,93.9609992322567,1.7436
"KAZ","Kazakhstan","Europe & Central Asia","Upper middle income",2020,1.62004280297408,101.056249136127,1.6193
"KAZ","Kazakhstan","Europe & Central Asia","Upper middle income",2021,11.2263856732491,87.9653374727951,3.7406
"KAZ","Kazakhstan","Europe & Central Asia","Upper middle income",2022,14.8040028771305,75.1987629990764,0.4799
"KAZ","Kazakhstan","Europe & Central Asia","Upper middle income",2023,7.00810516712478,65.4917276759129,NA
"KAZ","Kazakhstan","Europe & Central Asia","Upper middle income",2024,5.62318811167269,57.4773747534188,2.5339
"KEN","Kenya","Sub-Saharan Africa","Lower middle income",1975,-5.39817807941642,39.5852462485623,6.9008
"KEN","Kenya","Sub-Saharan Africa","Lower middle income",1976,0.0928728673730366,42.9790415269445,6.8135
"KEN","Kenya","Sub-Saharan Africa","Lower middle income",1977,2.65605683102575,36.9102679366844,5.7924
"KEN","Kenya","Sub-Saharan Africa","Lower middle income",1978,-10.6331073179882,40.9848603463525,5.2126
"KEN","Kenya","Sub-Saharan Africa","Lower middle income",1979,-6.44579850104243,43.6449224660208,7.581
"KEN","Kenya","Sub-Saharan Africa","Lower middle income",1980,-11.5488765541279,46.6160535524132,3.4956
"KEN","Kenya","Sub-Saharan Africa","Lower middle income",1981,-8.39460753455399,47.0956279563224,8.8766
"KEN","Kenya","Sub-Saharan Africa","Lower middle income",1982,-4.01151352804,52.3637243153328,5.4946
"KEN","Kenya","Sub-Saharan Africa","Lower middle income",1983,-0.723689022864122,60.6817883502814,5.7094
"KEN","Kenya","Sub-Saharan Africa","Lower middle income",1984,-1.63262836365029,56.7155875186111,6.2957
"KEN","Kenya","Sub-Saharan Africa","Lower middle income",1985,-0.992941308654881,68.1555435551014,6.749
"KEN","Kenya","Sub-Saharan Africa","Lower middle income",1986,-0.0612973598545503,63.5931632119847,4.8912
"KEN","Kenya","Sub-Saharan Africa","Lower middle income",1987,-5.34555097222394,72.560685716615,4.6528
"KEN","Kenya","Sub-Saharan Africa","Lower middle income",1988,-5.51172892948911,69.5317695607581,4.0619
"KEN","Kenya","Sub-Saharan Africa","Lower middle income",1989,-7.7709399096375,71.0992653490986,3.3673
"KEN","Kenya","Sub-Saharan Africa","Lower middle income",1990,-5.55913021139789,82.3012533362865,4.2789
"KEN","Kenya","Sub-Saharan Africa","Lower middle income",1991,-1.59782318874547,91.4372762650428,4.4008
"KEN","Kenya","Sub-Saharan Africa","Lower middle income",1992,-0.264300315051142,84.0308711604023,0.8932
"KEN","Kenya","Sub-Saharan Africa","Lower middle income",1993,-22.5378193710192,123.640173098222,2.2574
"KEN","Kenya","Sub-Saharan Africa","Lower middle income",1994,-20.3332636462714,99.6680436461302,0.6882
"KEN","Kenya","Sub-Saharan Africa","Lower middle income",1995,-26.4844785077172,80.7974755993504,2.9362
"KEN","Kenya","Sub-Saharan Africa","Lower middle income",1996,-16.6076995379125,56.5648163177031,1.2125
"KEN","Kenya","Sub-Saharan Africa","Lower middle income",1997,-22.6517390970055,49.2919820644411,1.8218
"KEN","Kenya","Sub-Saharan Africa","Lower middle income",1998,-28.840999111198,48.411823458704,3.2683
"KEN","Kenya","Sub-Saharan Africa","Lower middle income",1999,-31.9437984674872,50.5963037038216,3.3523
"KEN","Kenya","Sub-Saharan Africa","Lower middle income",2000,-7.7687375747853,48.3823747498488,1.3492
"KEN","Kenya","Sub-Saharan Africa","Lower middle income",2001,-7.98520279882661,42.3169062343919,3.3162
"KEN","Kenya","Sub-Saharan Africa","Lower middle income",2002,-4.95637062760333,46.3644015312423,3.37
"KEN","Kenya","Sub-Saharan Africa","Lower middle income",2003,-4.35658500557342,45.0540219311872,1.8612
"KEN","Kenya","Sub-Saharan Africa","Lower middle income",2004,-6.25842175603369,42.9726533229837,0.7926
"KEN","Kenya","Sub-Saharan Africa","Lower middle income",2005,-7.45311941016443,34.6944682474117,1.4661
"KEN","Kenya","Sub-Saharan Africa","Lower middle income",2006,-8.61650092346257,26.0194552194339,1.7354
"KEN","Kenya","Sub-Saharan Africa","Lower middle income",2007,-9.37552743744198,23.7081443585726,0.7143
"KEN","Kenya","Sub-Saharan Africa","Lower middle income",2008,-11.8919616622611,21.4284543616429,1.2676
"KEN","Kenya","Sub-Saharan Africa","Lower middle income",2009,-9.24863528542017,20.2745815950781,1.33
"KEN","Kenya","Sub-Saharan Africa","Lower middle income",2010,-10.0169655737015,19.568583137623,0.9864
"KEN","Kenya","Sub-Saharan Africa","Lower middle income",2011,-13.5699392286525,21.4256634251697,1.4519
"KEN","Kenya","Sub-Saharan Africa","Lower middle income",2012,-11.8980775393348,20.9802604817141,1.7268
"KEN","Kenya","Sub-Saharan Africa","Lower middle income",2013,-11.8662197611913,22.3369207004107,1.3814
"KEN","Kenya","Sub-Saharan Africa","Lower middle income",2014,-13.2319392809102,24.7661203353775,4.5001
"KEN","Kenya","Sub-Saharan Africa","Lower middle income",2015,-10.0699136570642,28.2139680752558,2.8664
"KEN","Kenya","Sub-Saharan Africa","Lower middle income",2016,-8.36552810332401,28.1462680833311,2.6783
"KEN","Kenya","Sub-Saharan Africa","Lower middle income",2017,-10.5217401873512,32.8528714973308,3.8403
"KEN","Kenya","Sub-Saharan Africa","Lower middle income",2018,-9.33082528748642,34.0919588723881,5.8477
"KEN","Kenya","Sub-Saharan Africa","Lower middle income",2019,-8.90347322680159,34.8382590038119,4.1393
"KEN","Kenya","Sub-Saharan Africa","Lower middle income",2020,-7.51704740814096,37.7899797838911,1.3981
"KEN","Kenya","Sub-Saharan Africa","Lower middle income",2021,-8.78257378143139,37.5731314916276,3.395
"KEN","Kenya","Sub-Saharan Africa","Lower middle income",2022,-8.36126297636941,36.3098913686915,2.0218
"KEN","Kenya","Sub-Saharan Africa","Lower middle income",2023,-7.3297598239217,39.9159748126075,4.2116
"KEN","Kenya","Sub-Saharan Africa","Lower middle income",2024,-6.05191034090855,35.6204354210238,5.2766
"KGZ","Kyrgyz Republic","Europe & Central Asia","Lower middle income",1993,-7.36064081364034,14.4166980507898,4.491
"KGZ","Kyrgyz Republic","Europe & Central Asia","Lower middle income",1994,-7.40809958632853,26.564607997991,2.1284
"KGZ","Kyrgyz Republic","Europe & Central Asia","Lower middle income",1995,-16.7342802354151,36.6897578823009,3.6586
"KGZ","Kyrgyz Republic","Europe & Central Asia","Lower middle income",1996,-25.6755062459134,62.2131860189383,2.4557
"KGZ","Kyrgyz Republic","Europe & Central Asia","Lower middle income",1997,-8.00021931225294,75.8512162817037,3.7249
"KGZ","Kyrgyz Republic","Europe & Central Asia","Lower middle income",1998,-20.2620171744692,91.4397829936481,2.0984
"KGZ","Kyrgyz Republic","Europe & Central Asia","Lower middle income",1999,-14.2659608607701,148.287878759838,1.3023
"KGZ","Kyrgyz Republic","Europe & Central Asia","Lower middle income",2000,-5.94526203860651,141.47859988119,0.9675
"KGZ","Kyrgyz Republic","Europe & Central Asia","Lower middle income",2001,-0.713024156949353,119.588095206524,1.3005
"KGZ","Kyrgyz Republic","Europe & Central Asia","Lower middle income",2002,-4.86993540092575,121.914161536471,1.2417
"KGZ","Kyrgyz Republic","Europe & Central Asia","Lower middle income",2003,-6.99240221689618,111.952259088405,1.2316
"KGZ","Kyrgyz Republic","Europe & Central Asia","Lower middle income",2004,-8.2953435918547,115.795871367576,1.1601
"KGZ","Kyrgyz Republic","Europe & Central Asia","Lower middle income",2005,-18.2724828914071,91.7224791108722,1.021
"KGZ","Kyrgyz Republic","Europe & Central Asia","Lower middle income",2006,-34.13412100135,91.6020213965131,1.3688
"KGZ","Kyrgyz Republic","Europe & Central Asia","Lower middle income",2007,-31.4393804903746,75.7052924596271,0.5779
"KGZ","Kyrgyz Republic","Europe & Central Asia","Lower middle income",2008,-38.5707186410007,70.5862586356602,1.6172
"KGZ","Kyrgyz Republic","Europe & Central Asia","Lower middle income",2009,-26.1824836804994,87.8200082654538,1.2924
"KGZ","Kyrgyz Republic","Europe & Central Asia","Lower middle income",2010,-32.0018355106372,85.9029377772351,1.1613
"KGZ","Kyrgyz Republic","Europe & Central Asia","Lower middle income",2011,-26.7291960371045,88.6325866260342,1.7721
"KGZ","Kyrgyz Republic","Europe & Central Asia","Lower middle income",2012,-44.1721029805135,91.3808336120934,1.6757
"KGZ","Kyrgyz Republic","Europe & Central Asia","Lower middle income",2013,-38.5029387994473,92.9129651829456,1.9049
"KGZ","Kyrgyz Republic","Europe & Central Asia","Lower middle income",2014,-42.4409214280681,97.5502488440479,1.0484
"KGZ","Kyrgyz Republic","Europe & Central Asia","Lower middle income",2015,-36.2686003915336,115.602108918446,1.2136
"KGZ","Kyrgyz Republic","Europe & Central Asia","Lower middle income",2016,-34.3430793632382,117.033954778297,1.2085
"KGZ","Kyrgyz Republic","Europe & Central Asia","Lower middle income",2017,-32.4834847893782,105.533891522727,1.044
"KGZ","Kyrgyz Republic","Europe & Central Asia","Lower middle income",2018,-37.8040392403781,98.7020077960572,1.2255
"KGZ","Kyrgyz Republic","Europe & Central Asia","Lower middle income",2019,-27.3440586578671,90.2153123262328,1.0601
"KGZ","Kyrgyz Republic","Europe & Central Asia","Lower middle income",2020,-19.5325323419403,104.898491820184,1.0241
"KGZ","Kyrgyz Republic","Europe & Central Asia","Lower middle income",2021,-28.5003141669982,97.9616011287042,1.3736
"KGZ","Kyrgyz Republic","Europe & Central Asia","Lower middle income",2022,-57.9092052016528,80.3122620061602,0.8974
"KGZ","Kyrgyz Republic","Europe & Central Asia","Lower middle income",2023,-58.8694239948094,66.9792758683522,1.7188
"KGZ","Kyrgyz Republic","Europe & Central Asia","Lower middle income",2024,-36.58441752661,64.3660077853289,1.0137
"KHM","Cambodia","East Asia & Pacific","Lower middle income",1992,-7.73835189198539,67.2073870437556,NA
"KHM","Cambodia","East Asia & Pacific","Lower middle income",1993,-9.63000129794494,65.4248891438346,0.8767
"KHM","Cambodia","East Asia & Pacific","Lower middle income",1994,-12.1657845114302,62.4484435307929,1.0084
"KHM","Cambodia","East Asia & Pacific","Lower middle income",1995,-11.7836606174017,53.8769170182508,1.7541
"KHM","Cambodia","East Asia & Pacific","Lower middle income",1996,-13.6938028959789,54.6582838739603,3.3232
"KHM","Cambodia","East Asia & Pacific","Lower middle income",1997,-10.3269622279855,56.0925785548318,1.355
"KHM","Cambodia","East Asia & Pacific","Lower middle income",1998,-13.0418175749739,64.1526315046456,0.75
"KHM","Cambodia","East Asia & Pacific","Lower middle income",1999,-13.0584930753205,58.7893956607133,1.1318
"KHM","Cambodia","East Asia & Pacific","Lower middle income",2000,-11.8482208281474,57.0707549925876,1.4096
"KHM","Cambodia","East Asia & Pacific","Lower middle income",2001,-8.33440521455822,52.557241835321,0.8642
"KHM","Cambodia","East Asia & Pacific","Lower middle income",2002,-8.04390139370883,53.1261438558189,1.129
"KHM","Cambodia","East Asia & Pacific","Lower middle income",2003,-9.25754251765405,53.1381632633981,1.062
"KHM","Cambodia","East Asia & Pacific","Lower middle income",2004,-6.63006163731282,49.1310258967463,0.9404
"KHM","Cambodia","East Asia & Pacific","Lower middle income",2005,-7.5568309436625,41.5297278838579,1.2763
"KHM","Cambodia","East Asia & Pacific","Lower middle income",2006,-6.68433885545594,36.3248261284124,0.9468
"KHM","Cambodia","East Asia & Pacific","Lower middle income",2007,-6.43880281604124,22.2008092108866,1.5442
"KHM","Cambodia","East Asia & Pacific","Lower middle income",2008,-7.85593992920513,21.7536929823657,1.0189
"KHM","Cambodia","East Asia & Pacific","Lower middle income",2009,-6.87171382696561,26.4230749859579,1.1379
"KHM","Cambodia","East Asia & Pacific","Lower middle income",2010,-12.1265228131939,29.0430969256471,1.4832
"KHM","Cambodia","East Asia & Pacific","Lower middle income",2011,-11.0081166791761,29.0363472492625,1.1529
"KHM","Cambodia","East Asia & Pacific","Lower middle income",2012,-10.8126644918209,37.8606518582777,1.6484
"KHM","Cambodia","East Asia & Pacific","Lower middle income",2013,-9.75715292290256,38.4699414666635,1.2861
"KHM","Cambodia","East Asia & Pacific","Lower middle income",2014,-9.64725900815991,37.7477714557286,1.3282
"KHM","Cambodia","East Asia & Pacific","Lower middle income",2015,-9.25163764841419,39.0448534687879,0.8937
"KHM","Cambodia","East Asia & Pacific","Lower middle income",2016,-8.45020241591806,37.8955935035387,1.0726
"KHM","Cambodia","East Asia & Pacific","Lower middle income",2017,-8.22604261134952,38.950773964172,0.736
"KHM","Cambodia","East Asia & Pacific","Lower middle income",2018,-10.4048804511586,40.8760026390665,1.6515
"KHM","Cambodia","East Asia & Pacific","Lower middle income",2019,-12.111422462798,41.8765199786007,0.9254
"KHM","Cambodia","East Asia & Pacific","Lower middle income",2020,-6.51380006969574,50.5307027697175,0.9153
"KHM","Cambodia","East Asia & Pacific","Lower middle income",2021,-34.3506688420544,54.4987967086537,0.9865
"KHM","Cambodia","East Asia & Pacific","Lower middle income",2022,-23.1580909535054,56.1920575219554,0.9872
"KHM","Cambodia","East Asia & Pacific","Lower middle income",2023,-3.94032200888631,53.2261399807176,1.5942
"KHM","Cambodia","East Asia & Pacific","Lower middle income",2024,-5.63242079928232,45.2559379990671,2.2859
"LAO","Lao PDR","East Asia & Pacific","Lower middle income",1984,-9.13414634782866,29.6442100962677,0.1939
"LAO","Lao PDR","East Asia & Pacific","Lower middle income",1985,-6.81126775273159,26.2545787529157,0.151
"LAO","Lao PDR","East Asia & Pacific","Lower middle income",1986,-7.8847749174593,49.0149625670364,0.083
"LAO","Lao PDR","East Asia & Pacific","Lower middle income",1987,-15.056014854361,107.056633714452,0.3774
"LAO","Lao PDR","East Asia & Pacific","Lower middle income",1988,-16.7790481875079,221.728163401417,0.2312
"LAO","Lao PDR","East Asia & Pacific","Lower middle income",1989,-18.7382670221879,206.439767204897,0.4201
"LAO","Lao PDR","East Asia & Pacific","Lower middle income",1990,-12.6507712067076,204.322713112016,0.9049
"LAO","Lao PDR","East Asia & Pacific","Lower middle income",1991,-10.8064682198624,182.195597725916,0.601
"LAO","Lao PDR","East Asia & Pacific","Lower middle income",1992,-9.76230910136594,169.999428931897,0.8589
"LAO","Lao PDR","East Asia & Pacific","Lower middle income",1993,-10.5592271390282,149.630603542765,0.9435
"LAO","Lao PDR","East Asia & Pacific","Lower middle income",1994,-18.0615997648608,134.19360646922,0.8965
"LAO","Lao PDR","East Asia & Pacific","Lower middle income",1995,-19.3191372994693,122.382692896328,2.5355
"LAO","Lao PDR","East Asia & Pacific","Lower middle income",1996,-18.2796178944323,120.524062394103,2.0058
"LAO","Lao PDR","East Asia & Pacific","Lower middle income",1997,-16.4681194802835,133.13942033876,2.6157
"LAO","Lao PDR","East Asia & Pacific","Lower middle income",1998,-8.9987497452127,192.108759987661,1.8248
"LAO","Lao PDR","East Asia & Pacific","Lower middle income",1999,-7.65247903554518,176.013747770632,0.9946
"LAO","Lao PDR","East Asia & Pacific","Lower middle income",2000,-4.18034211342528,146.20120498938,1.377
"LAO","Lao PDR","East Asia & Pacific","Lower middle income",2001,-3.09741927646374,143.350226830098,1.0679
"LAO","Lao PDR","East Asia & Pacific","Lower middle income",2002,0.0633893777915227,176.52887398814,1.438
"LAO","Lao PDR","East Asia & Pacific","Lower middle income",2003,-1.36502057321815,120.668936276867,1.3638
"LAO","Lao PDR","East Asia & Pacific","Lower middle income",2004,-8.53585266975986,117.764179704516,1.4364
"LAO","Lao PDR","East Asia & Pacific","Lower middle income",2005,-5.98142068929163,113.436534182013,3.3366
"LAO","Lao PDR","East Asia & Pacific","Lower middle income",2006,0.226644931121258,104.671553406855,1.9428
"LAO","Lao PDR","East Asia & Pacific","Lower middle income",2007,2.18709793397766,113.517248741261,1.5459
"LAO","Lao PDR","East Asia & Pacific","Lower middle income",2008,-0.322128004996732,100.050322257148,1.538
"LAO","Lao PDR","East Asia & Pacific","Lower middle income",2009,-2.51491131878241,105.87935511772,2.0493
"LAO","Lao PDR","East Asia & Pacific","Lower middle income",2010,-0.927509102638524,89.0073210190269,2.1748
"LAO","Lao PDR","East Asia & Pacific","Lower middle income",2011,-3.99942660718362,78.5493296298504,1.9726
"LAO","Lao PDR","East Asia & Pacific","Lower middle income",2012,-9.32499838933624,70.7720695613133,4.0418
"LAO","Lao PDR","East Asia & Pacific","Lower middle income",2013,-8.87042336130925,66.5902619229063,2.1137
"LAO","Lao PDR","East Asia & Pacific","Lower middle income",2014,-15.701635027808,71.0099743387365,2.2472
"LAO","Lao PDR","East Asia & Pacific","Lower middle income",2015,-15.6410382497212,79.6373698303843,2.5821
"LAO","Lao PDR","East Asia & Pacific","Lower middle income",2016,-8.26622395579207,85.0155565920494,2.9823
"LAO","Lao PDR","East Asia & Pacific","Lower middle income",2017,-6.61907800706232,88.3018003979658,3.0782
"LAO","Lao PDR","East Asia & Pacific","Lower middle income",2018,-6.45392799051851,87.9503524880899,2.463
"LAO","Lao PDR","East Asia & Pacific","Lower middle income",2019,-2.84401746791512,101.590736556878,3.5055
"LAO","Lao PDR","East Asia & Pacific","Lower middle income",2020,3.40123616243731,107.655802494017,4.2743
"LAO","Lao PDR","East Asia & Pacific","Lower middle income",2021,6.86646373297295,99.3880546571065,1.6304
"LAO","Lao PDR","East Asia & Pacific","Lower middle income",2022,4.01991861242014,119.561243752435,3.6203
"LAO","Lao PDR","East Asia & Pacific","Lower middle income",2023,6.95106221171652,113.970372783614,2.6691
"LAO","Lao PDR","East Asia & Pacific","Lower middle income",2024,7.19908792777919,108.081883921214,1.7384
"LBN","Lebanon","Middle East, North Africa, Afghanistan & Pakistan","Lower middle income",2002,-19.5832825415205,91.4208916862611,7.0194
"LBN","Lebanon","Middle East, North Africa, Afghanistan & Pakistan","Lower middle income",2003,-10.1043871094356,94.8332131156447,3.422
"LBN","Lebanon","Middle East, North Africa, Afghanistan & Pakistan","Lower middle income",2004,-25.0654756250593,107.770401345317,6.993
"LBN","Lebanon","Middle East, North Africa, Afghanistan & Pakistan","Lower middle income",2005,-16.8592372318773,105.999246825441,6.9571
"LBN","Lebanon","Middle East, North Africa, Afghanistan & Pakistan","Lower middle income",2006,-14.8435823884949,110.001331996614,7.292
"LBN","Lebanon","Middle East, North Africa, Afghanistan & Pakistan","Lower middle income",2007,-20.5963069879181,104.427197087301,5.9527
"LBN","Lebanon","Middle East, North Africa, Afghanistan & Pakistan","Lower middle income",2008,-23.6968229554136,151.146173610248,8.1404
"LBN","Lebanon","Middle East, North Africa, Afghanistan & Pakistan","Lower middle income",2009,-23.5596688135686,130.33981569824,7.5507
"LBN","Lebanon","Middle East, North Africa, Afghanistan & Pakistan","Lower middle income",2010,-24.6927952620256,124.41240380093,5.9806
"LBN","Lebanon","Middle East, North Africa, Afghanistan & Pakistan","Lower middle income",2011,-19.1023781888348,124.400992829192,5.6553
"LBN","Lebanon","Middle East, North Africa, Afghanistan & Pakistan","Lower middle income",2012,-27.0506556499599,126.622384152103,5.218
"LBN","Lebanon","Middle East, North Africa, Afghanistan & Pakistan","Lower middle income",2013,-28.4607947600743,132.506897383744,5.1275
"LBN","Lebanon","Middle East, North Africa, Afghanistan & Pakistan","Lower middle income",2014,-29.9362925126988,134.044215679896,5.509
"LBN","Lebanon","Middle East, North Africa, Afghanistan & Pakistan","Lower middle income",2015,-22.8850608090674,136.657481941185,5.7433
"LBN","Lebanon","Middle East, North Africa, Afghanistan & Pakistan","Lower middle income",2016,-23.6710143485083,135.928560368489,6.1206
"LBN","Lebanon","Middle East, North Africa, Afghanistan & Pakistan","Lower middle income",2017,-24.7609568905576,139.906089343676,6.7506
"LBN","Lebanon","Middle East, North Africa, Afghanistan & Pakistan","Lower middle income",2018,-24.8094909317763,145.117960290244,7.2074
"LBN","Lebanon","Middle East, North Africa, Afghanistan & Pakistan","Lower middle income",2019,-25.0712819992561,143.228641698487,11.109
"LBN","Lebanon","Middle East, North Africa, Afghanistan & Pakistan","Lower middle income",2020,-20.2837610754069,217.266849670843,NA
"LBN","Lebanon","Middle East, North Africa, Afghanistan & Pakistan","Lower middle income",2021,-34.5120656015664,289.314726772565,1.0576
"LBN","Lebanon","Middle East, North Africa, Afghanistan & Pakistan","Lower middle income",2022,-57.5988570629332,319.643422475175,0.991
"LBN","Lebanon","Middle East, North Africa, Afghanistan & Pakistan","Lower middle income",2023,-57.4872086658163,330.346646482105,6.4699
"LBR","Liberia","Sub-Saharan Africa","Low income",2004,-82.6642177221039,430.599559587514,NA
"LBR","Liberia","Sub-Saharan Africa","Low income",2005,-86.0235891760188,416.288760474183,NA
"LBR","Liberia","Sub-Saharan Africa","Low income",2006,-109.43724068225,374.601255504915,NA
"LBR","Liberia","Sub-Saharan Africa","Low income",2007,-87.7595488924814,275.161490910415,NA
"LBR","Liberia","Sub-Saharan Africa","Low income",2008,-80.0327326945452,183.130191431054,NA
"LBR","Liberia","Sub-Saharan Africa","Low income",2009,-70.7066179580888,104.653807884615,NA
"LBR","Liberia","Sub-Saharan Africa","Low income",2010,-27.1762821960291,20.9635501001001,0.5556
"LBR","Liberia","Sub-Saharan Africa","Low income",2011,-42.6454083755038,18.7037282235196,0.75
"LBR","Liberia","Sub-Saharan Africa","Low income",2012,-54.6503679458342,17.4505874773518,0.9055
"LBR","Liberia","Sub-Saharan Africa","Low income",2013,-37.0003740568122,16.715272698923,1.1767
"LBR","Liberia","Sub-Saharan Africa","Low income",2014,-55.7755946727821,21.1328792659593,0.7694
"LBR","Liberia","Sub-Saharan Africa","Low income",2015,-42.2799840201623,25.9483122258334,0.7928
"LBR","Liberia","Sub-Saharan Africa","Low income",2016,-31.1150838904913,27.95365902433,1.2144
"LBR","Liberia","Sub-Saharan Africa","Low income",2017,-23.6707574388906,32.9759994017761,0.7895
"LBR","Liberia","Sub-Saharan Africa","Low income",2018,-20.9814004256115,33.8123800805129,0.1405
"LBR","Liberia","Sub-Saharan Africa","Low income",2019,-20.7791075480031,38.1495089026633,1.2227
"LBR","Liberia","Sub-Saharan Africa","Low income",2020,-17.9680137184001,45.9632595183636,0.7874
"LBR","Liberia","Sub-Saharan Africa","Low income",2021,-19.496659546085,52.6082971532283,1.0078
"LBR","Liberia","Sub-Saharan Africa","Low income",2022,-19.6981403427967,48.0358527880327,0.5099
"LBR","Liberia","Sub-Saharan Africa","Low income",2023,-23.0514524091569,47.9647119931663,0.5069
"LBR","Liberia","Sub-Saharan Africa","Low income",2024,-8.62606170760073,46.7587734201879,1.8359
"LCA","St. Lucia","Latin America & Caribbean","Upper middle income",1981,-31.2171428571429,7.97981538857145,4.9841
"LCA","St. Lucia","Latin America & Caribbean","Upper middle income",1982,-26.6181818181819,9.33938329090911,8.7312
"LCA","St. Lucia","Latin America & Caribbean","Upper middle income",1983,-12.890977443609,9.5960170150376,3.9999
"LCA","St. Lucia","Latin America & Caribbean","Upper middle income",1984,-13.59941089838,8.06838645949928,3.8725
"LCA","St. Lucia","Latin America & Caribbean","Upper middle income",1985,-10.58203125,8.12572530468751,4
"LCA","St. Lucia","Latin America & Caribbean","Upper middle income",1986,-3.84640522875818,9.35407508823529,5.0853
"LCA","St. Lucia","Latin America & Caribbean","Upper middle income",1987,-6.14497041420118,12.4424137278106,7.1335
"LCA","St. Lucia","Latin America & Caribbean","Upper middle income",1988,-3.41724137931032,13.3740454887931,4.8183
"LCA","St. Lucia","Latin America & Caribbean","Upper middle income",1989,-12.2747336377473,13.4958411369863,4
"LCA","St. Lucia","Latin America & Caribbean","Upper middle income",1990,-6.63130990415334,13.6597062939297,4.3498
"LCA","St. Lucia","Latin America & Caribbean","Upper middle income",1991,-9.10380205190103,13.4173884242607,5.4324
"LCA","St. Lucia","Latin America & Caribbean","Upper middle income",1992,-5.38296703296704,14.5356764736264,1.1456
"LCA","St. Lucia","Latin America & Caribbean","Upper middle income",1993,-3.78961600865332,14.7269803482964,3.5927
"LCA","St. Lucia","Latin America & Caribbean","Upper middle income",1994,-4.50856253243384,15.916763106383,0.0474
"LCA","St. Lucia","Latin America & Caribbean","Upper middle income",1995,-2.11699029126216,16.812823823301,4.6838
"LCA","St. Lucia","Latin America & Caribbean","Upper middle income",1996,-4.65492957746479,17.9456255366197,5.7341
"LCA","St. Lucia","Latin America & Caribbean","Upper middle income",1997,-6.90165441176472,18.9771012421875,6.0505
"LCA","St. Lucia","Latin America & Caribbean","Upper middle income",1998,-4.25833685099199,21.0118299257071,4.4702
"LCA","St. Lucia","Latin America & Caribbean","Upper middle income",1999,-9.5002008838891,20.4196208015267,2.727
"LCA","St. Lucia","Latin America & Caribbean","Upper middle income",2000,-12.0491820529714,24.3422091600477,3.49
"LCA","St. Lucia","Latin America & Caribbean","Upper middle income",2001,-12.2965612692676,28.9655594775934,5.2631
"LCA","St. Lucia","Latin America & Caribbean","Upper middle income",2002,-12.2580727381204,32.5822438,5.1506
"LCA","St. Lucia","Latin America & Caribbean","Upper middle income",2003,-14.5563193967596,34.3096163912228,1.2219
"LCA","St. Lucia","Latin America & Caribbean","Upper middle income",2004,-7.4019009563261,34.0044167249999,1.6786
"LCA","St. Lucia","Latin America & Caribbean","Upper middle income",2005,-7.80085007005763,37.231734733855,2.4535
"LCA","St. Lucia","Latin America & Caribbean","Upper middle income",2006,-23.9252686885173,29.6215704523262,7.18
"LCA","St. Lucia","Latin America & Caribbean","Upper middle income",2007,-11.7092258246449,36.0018040392526,0.8677
"LCA","St. Lucia","Latin America & Caribbean","Upper middle income",2008,-17.7496023246319,58.2773524843929,2.3574
"LCA","St. Lucia","Latin America & Caribbean","Upper middle income",2009,-3.22070824411609,31.3102887596224,4.456
"LCA","St. Lucia","Latin America & Caribbean","Upper middle income",2010,-7.38008661853611,39.4488064603091,1.6079
"LCA","St. Lucia","Latin America & Caribbean","Upper middle income",2011,-9.49797158883162,29.0641371076371,2.3463
"LCA","St. Lucia","Latin America & Caribbean","Upper middle income",2012,-4.19439676694349,27.0742630583802,1.6416
"LCA","St. Lucia","Latin America & Caribbean","Upper middle income",2013,-0.265987208711221,28.8688373784871,2.5
"LCA","St. Lucia","Latin America & Caribbean","Upper middle income",2014,3.60502625144797,30.7062506731177,1.9836
"LCA","St. Lucia","Latin America & Caribbean","Upper middle income",2015,7.64800787912985,29.3189306124414,2.9145
"LCA","St. Lucia","Latin America & Caribbean","Upper middle income",2016,-0.327412417636562,29.0955111191719,0.5
"LCA","St. Lucia","Latin America & Caribbean","Upper middle income",2017,3.92075398600324,31.1180857081966,2.2219
"LCA","St. Lucia","Latin America & Caribbean","Upper middle income",2018,6.19992817765833,29.8645707492748,1.891
"LCA","St. Lucia","Latin America & Caribbean","Upper middle income",2019,9.16151231570743,30.5695870364333,3.6163
"LCA","St. Lucia","Latin America & Caribbean","Upper middle income",2020,-17.3090659576022,48.2235602854918,1.5622
"LCA","St. Lucia","Latin America & Caribbean","Upper middle income",2021,-9.73334841646875,47.7116462832542,0.75
"LCA","St. Lucia","Latin America & Caribbean","Upper middle income",2022,4.09846060635086,39.1965857009435,2.8963
"LCA","St. Lucia","Latin America & Caribbean","Upper middle income",2023,5.34701421549293,44.4960604687926,2.476
"LCA","St. Lucia","Latin America & Caribbean","Upper middle income",2024,7.83488136026956,45.8210410163636,2.5543
"LKA","Sri Lanka","South Asia","Lower middle income",1975,-4.52830052575482,21.5715255886518,2.9002
"LKA","Sri Lanka","South Asia","Lower middle income",1976,-1.41674085573018,26.2219617637917,3.1876
"LKA","Sri Lanka","South Asia","Lower middle income",1977,2.10276457224606,27.8140480550059,2.4576
"LKA","Sri Lanka","South Asia","Lower middle income",1978,-4.75900091205567,50.5528677996883,2.4401
"LKA","Sri Lanka","South Asia","Lower middle income",1979,-11.9796518809864,46.4301391397007,3.8151
"LKA","Sri Lanka","South Asia","Lower middle income",1980,-22.4575299194665,45.9429409901724,3.9202
"LKA","Sri Lanka","South Asia","Lower middle income",1981,-16.1195069676666,50.7680474034174,4.9695
"LKA","Sri Lanka","South Asia","Lower middle income",1982,-18.4631078640575,55.1931013777605,7.9932
"LKA","Sri Lanka","South Asia","Lower middle income",1983,-14.9717376142513,55.9266072069711,3.0927
"LKA","Sri Lanka","South Asia","Lower middle income",1984,-5.69940667003225,49.6130971387822,5.2702
"LKA","Sri Lanka","South Asia","Lower middle income",1985,-12.2841289642717,59.2901611700866,3.1995
"LKA","Sri Lanka","South Asia","Lower middle income",1986,-11.7118983731713,63.8025814926931,2.9327
"LKA","Sri Lanka","South Asia","Lower middle income",1987,-10.1347382879982,71.151003053772,2.9546
"LKA","Sri Lanka","South Asia","Lower middle income",1988,-10.7245660487295,74.653993444364,2.073
"LKA","Sri Lanka","South Asia","Lower middle income",1989,-11.0245442279634,74.2167398215398,3.9645
"LKA","Sri Lanka","South Asia","Lower middle income",1990,-8.36642015481137,73.0466446494257,1.8296
"LKA","Sri Lanka","South Asia","Lower middle income",1991,-11.3393663134818,73.1163900337461,2.4497
"LKA","Sri Lanka","South Asia","Lower middle income",1992,-9.44930523402163,66.7430898862578,3.1492
"LKA","Sri Lanka","South Asia","Lower middle income",1993,-9.49918807648163,66.7650962616516,2.7186
"LKA","Sri Lanka","South Asia","Lower middle income",1994,-11.8064220581892,67.9372247750643,3.8711
"LKA","Sri Lanka","South Asia","Lower middle income",1995,-10.4729132978043,64.4335922427304,3.7371
"LKA","Sri Lanka","South Asia","Lower middle income",1996,-8.91194188167488,59.7130470500128,3.5236
"LKA","Sri Lanka","South Asia","Lower middle income",1997,-7.06943827802566,53.7129779222391,3.6279
"LKA","Sri Lanka","South Asia","Lower middle income",1998,-6.03066131374391,57.4677020578375,5.0658
"LKA","Sri Lanka","South Asia","Lower middle income",1999,-7.75614227023901,63.2834304994608,3.8082
"LKA","Sri Lanka","South Asia","Lower middle income",2000,-10.4046734337978,55.7358013879525,4.2394
"LKA","Sri Lanka","South Asia","Lower middle income",2001,-6.0575550057624,56.839776284961,2.5696
"LKA","Sri Lanka","South Asia","Lower middle income",2002,-6.72383879991277,61.2156152282441,1.883
"LKA","Sri Lanka","South Asia","Lower middle income",2003,-6.0373591854562,56.8060946719503,1.7959
"LKA","Sri Lanka","South Asia","Lower middle income",2004,-8.82684917217524,56.1423178451482,1.5062
"LKA","Sri Lanka","South Asia","Lower middle income",2005,-8.92703262927566,46.3010364579792,2.0971
"LKA","Sri Lanka","South Asia","Lower middle income",2006,-11.0151971483795,41.9332686401235,3.2793
"LKA","Sri Lanka","South Asia","Lower middle income",2007,-10.3668477529223,43.775014065505,4.8875
"LKA","Sri Lanka","South Asia","Lower middle income",2008,-13.7029616684449,40.0866816076433,2.3057
"LKA","Sri Lanka","South Asia","Lower middle income",2009,-6.4933329741238,46.3654667100073,3.5036
"LKA","Sri Lanka","South Asia","Lower middle income",2010,-7.0238360691381,36.9810224996179,2.9855
"LKA","Sri Lanka","South Asia","Lower middle income",2011,-12.7095680864236,38.0725147794481,3.243
"LKA","Sri Lanka","South Asia","Lower middle income",2012,-11.5762863719487,50.7272113000886,2.4014
"LKA","Sri Lanka","South Asia","Lower middle income",2013,-8.35148641104059,51.0757824276505,3.6165
"LKA","Sri Lanka","South Asia","Lower middle income",2014,-7.76265490365616,51.2102086759259,2.7404
"LKA","Sri Lanka","South Asia","Lower middle income",2015,-7.12574124940852,51.6237848835052,4.792
"LKA","Sri Lanka","South Asia","Lower middle income",2016,-6.81119789921856,53.0257122688329,3.2315
"LKA","Sri Lanka","South Asia","Lower middle income",2017,-6.6939615069806,53.795714119343,3.5314
"LKA","Sri Lanka","South Asia","Lower middle income",2018,-6.96325372628307,56.0303268469895,5.1676
"LKA","Sri Lanka","South Asia","Lower middle income",2019,-5.78398013036754,63.0556758148391,5.2615
"LKA","Sri Lanka","South Asia","Lower middle income",2020,-6.15225100781953,67.4390220894503,1.8898
"LKA","Sri Lanka","South Asia","Lower middle income",2021,-7.39921064963193,66.3325126464728,1.5578
"LKA","Sri Lanka","South Asia","Lower middle income",2022,-4.1473286033596,79.1965999820472,1.5322
"LKA","Sri Lanka","South Asia","Lower middle income",2023,-2.19726589344859,72.00818944957,2.5938
"LKA","Sri Lanka","South Asia","Lower middle income",2024,-2.64465264717748,57.046523571063,2.5768
"LSO","Lesotho","Sub-Saharan Africa","Lower middle income",1975,-96.9258910240138,9.41806932570886,0.8601
"LSO","Lesotho","Sub-Saharan Africa","Lower middle income",1976,-122.19623102692,10.9725004398622,0.7499
"LSO","Lesotho","Sub-Saharan Africa","Lower middle income",1977,-106.722162399762,12.7200020446321,1.2756
"LSO","Lesotho","Sub-Saharan Africa","Lower middle income",1978,-83.7359582856847,12.7558858082892,4.7048
"LSO","Lesotho","Sub-Saharan Africa","Lower middle income",1979,-101.432712708603,18.3116902186653,2.9965
"LSO","Lesotho","Sub-Saharan Africa","Lower middle income",1980,-89.0806608142196,16.6708365660024,5.9075
"LSO","Lesotho","Sub-Saharan Africa","Lower middle income",1981,-97.707745326052,19.4404258877953,9.0639
"LSO","Lesotho","Sub-Saharan Africa","Lower middle income",1982,-229.385767647428,35.003023416657,3.3729
"LSO","Lesotho","Sub-Saharan Africa","Lower middle income",1983,-228.559132840232,33.2746474979765,3.0229
"LSO","Lesotho","Sub-Saharan Africa","Lower middle income",1984,-236.764406484184,41.43111359768,2.3382
"LSO","Lesotho","Sub-Saharan Africa","Lower middle income",1985,-218.471388401723,65.2520818533255,3.4355
"LSO","Lesotho","Sub-Saharan Africa","Lower middle income",1986,-194.212513788945,61.9778671509817,3.5304
"LSO","Lesotho","Sub-Saharan Africa","Lower middle income",1987,-212.018509292346,64.2119943102866,2.636
"LSO","Lesotho","Sub-Saharan Africa","Lower middle income",1988,-196.142885133742,61.0310657181476,4.238
"LSO","Lesotho","Sub-Saharan Africa","Lower middle income",1989,-194.034164385122,66.2377147191125,2.8704
"LSO","Lesotho","Sub-Saharan Africa","Lower middle income",1990,-183.045704015978,66.3278528972297,1.3128
"LSO","Lesotho","Sub-Saharan Africa","Lower middle income",1991,-176.451109271014,63.520025550759,5.7895
"LSO","Lesotho","Sub-Saharan Africa","Lower middle income",1992,-163.580900791788,59.492689418621,13.8168
"LSO","Lesotho","Sub-Saharan Africa","Lower middle income",1993,-151.57062589445,64.9094860764162,4.1747
"LSO","Lesotho","Sub-Saharan Africa","Lower middle income",1994,-142.632636975313,70.8856266019945,4.8522
"LSO","Lesotho","Sub-Saharan Africa","Lower middle income",1995,-139.677327390607,68.3063985321595,6.26
"LSO","Lesotho","Sub-Saharan Africa","Lower middle income",1996,-136.652099147409,74.1169292767171,8.1746
"LSO","Lesotho","Sub-Saharan Africa","Lower middle income",1997,-125.742590631304,67.4296325013699,5.0809
"LSO","Lesotho","Sub-Saharan Africa","Lower middle income",1998,-105.936850445363,74.1235125580277,4.572
"LSO","Lesotho","Sub-Saharan Africa","Lower middle income",1999,-96.0023130962283,75.2859555622829,2.6986
"LSO","Lesotho","Sub-Saharan Africa","Lower middle income",2000,-87.1562055261883,86.745950523173,0.3821
"LSO","Lesotho","Sub-Saharan Africa","Lower middle income",2001,-72.1162385204605,82.8869739663195,0.75
"LSO","Lesotho","Sub-Saharan Africa","Lower middle income",2002,-65.1512012238512,91.8534207866678,1.4572
"LSO","Lesotho","Sub-Saharan Africa","Lower middle income",2003,-65.9993614734583,60.9557709645741,0.75
"LSO","Lesotho","Sub-Saharan Africa","Lower middle income",2004,-59.6009096041683,51.1790498446869,1.3336
"LSO","Lesotho","Sub-Saharan Africa","Lower middle income",2005,-58.5880637677813,39.6050953691493,1.717
"LSO","Lesotho","Sub-Saharan Africa","Lower middle income",2006,-54.3667420600481,36.5224075882366,0.793
"LSO","Lesotho","Sub-Saharan Africa","Lower middle income",2007,-59.9535491530673,40.7509374598847,3.9902
"LSO","Lesotho","Sub-Saharan Africa","Lower middle income",2008,-56.7305961017912,39.6200253786026,1.7381
"LSO","Lesotho","Sub-Saharan Africa","Lower middle income",2009,-73.047999903478,44.0307701266636,0.957
"LSO","Lesotho","Sub-Saharan Africa","Lower middle income",2010,-66.7551679201722,35.2638406504701,5.6111
"LSO","Lesotho","Sub-Saharan Africa","Lower middle income",2011,-55.146173531019,31.5430219032191,1.5678
"LSO","Lesotho","Sub-Saharan Africa","Lower middle income",2012,-68.2894476260574,36.4946592920944,1.9736
"LSO","Lesotho","Sub-Saharan Africa","Lower middle income",2013,-58.322028156884,39.0778105317663,0.9346
"LSO","Lesotho","Sub-Saharan Africa","Lower middle income",2014,-51.7265034237706,37.3643145712187,1.3836
"LSO","Lesotho","Sub-Saharan Africa","Lower middle income",2015,-44.3124513247018,40.3692861511686,0.75
"LSO","Lesotho","Sub-Saharan Africa","Lower middle income",2016,-49.785520725437,64.2284186846865,1.8242
"LSO","Lesotho","Sub-Saharan Africa","Lower middle income",2017,-52.4021430086157,65.2076965214187,1.7073
"LSO","Lesotho","Sub-Saharan Africa","Lower middle income",2018,-45.6686573229705,57.2483282615535,1.9843
"LSO","Lesotho","Sub-Saharan Africa","Lower middle income",2019,-47.8962996396232,66.2349576425084,0.9128
"LSO","Lesotho","Sub-Saharan Africa","Lower middle income",2020,-52.9979798475026,84.6091690106463,1.8367
"LSO","Lesotho","Sub-Saharan Africa","Lower middle income",2021,-47.2995268230275,75.9952062417135,1.6868
"LSO","Lesotho","Sub-Saharan Africa","Lower middle income",2022,-49.974169415219,76.8334840371397,2
"LSO","Lesotho","Sub-Saharan Africa","Lower middle income",2023,-55.9219823554909,83.3671891795207,1.7499
"LSO","Lesotho","Sub-Saharan Africa","Lower middle income",2024,-46.1090847265799,74.1504739509391,1.5281
"MAR","Morocco","Middle East, North Africa, Afghanistan & Pakistan","Lower middle income",1975,-10.7192868073028,29.6001329492663,8.193
"MAR","Morocco","Middle East, North Africa, Afghanistan & Pakistan","Lower middle income",1976,-18.5994879366974,35.0661614400389,7.8663
"MAR","Morocco","Middle East, North Africa, Afghanistan & Pakistan","Lower middle income",1977,-20.2327131184011,50.7734281084972,6.793
"MAR","Morocco","Middle East, North Africa, Afghanistan & Pakistan","Lower middle income",1978,-13.5874103447769,52.3028877086381,7.0782
"MAR","Morocco","Middle East, North Africa, Afghanistan & Pakistan","Lower middle income",1979,-12.8459288902376,51.5830844035382,8.5079
"MAR","Morocco","Middle East, North Africa, Afghanistan & Pakistan","Lower middle income",1980,-9.08724535300447,44.7435972719063,8.076
"MAR","Morocco","Middle East, North Africa, Afghanistan & Pakistan","Lower middle income",1981,-12.5253030879953,59.4751856962763,8.5056
"MAR","Morocco","Middle East, North Africa, Afghanistan & Pakistan","Lower middle income",1982,-12.6049890828467,70.0934819736815,9.8442
"MAR","Morocco","Middle East, North Africa, Afghanistan & Pakistan","Lower middle income",1983,-7.73650254206068,80.2238149799431,7.6537
"MAR","Morocco","Middle East, North Africa, Afghanistan & Pakistan","Lower middle income",1984,-9.11852230807583,93.8191814859674,8.1053
"MAR","Morocco","Middle East, North Africa, Afghanistan & Pakistan","Lower middle income",1985,-7.99935300339345,107.103185478753,8.2694
"MAR","Morocco","Middle East, North Africa, Afghanistan & Pakistan","Lower middle income",1986,-5.52961303731858,92.1097436276837,7.1649
"MAR","Morocco","Middle East, North Africa, Afghanistan & Pakistan","Lower middle income",1987,-3.80509702513463,96.6201187917621,7.1775
"MAR","Morocco","Middle East, North Africa, Afghanistan & Pakistan","Lower middle income",1988,-0.398069114268517,82.1509271095342,7.3795
"MAR","Morocco","Middle East, North Africa, Afghanistan & Pakistan","Lower middle income",1989,-4.75464841627376,84.4819690678802,7.179
"MAR","Morocco","Middle East, North Africa, Afghanistan & Pakistan","Lower middle income",1990,-5.11590794278659,82.92432448951,6.8121
"MAR","Morocco","Middle East, North Africa, Afghanistan & Pakistan","Lower middle income",1991,-4.87200170744822,69.700175434637,6.6502
"MAR","Morocco","Middle East, North Africa, Afghanistan & Pakistan","Lower middle income",1992,-5.66324411279247,67.3019250691124,7.3774
"MAR","Morocco","Middle East, North Africa, Afghanistan & Pakistan","Lower middle income",1993,-5.08059921135408,69.8615296796698,6.672
"MAR","Morocco","Middle East, North Africa, Afghanistan & Pakistan","Lower middle income",1994,-5.11758216477499,64.5655643386584,4.7489
"MAR","Morocco","Middle East, North Africa, Afghanistan & Pakistan","Lower middle income",1995,-5.63289278711123,60.9398916571253,4.6443
"MAR","Morocco","Middle East, North Africa, Afghanistan & Pakistan","Lower middle income",1996,-2.8559967961014,56.1456176357805,5.97
"MAR","Morocco","Middle East, North Africa, Afghanistan & Pakistan","Lower middle income",1997,-2.85334556745248,60.0330392155847,4.9418
"MAR","Morocco","Middle East, North Africa, Afghanistan & Pakistan","Lower middle income",1998,-3.12932192491136,50.893724863497,3.8416
"MAR","Morocco","Middle East, North Africa, Afghanistan & Pakistan","Lower middle income",1999,-2.8861450192753,49.8755580135447,3.6336
"MAR","Morocco","Middle East, North Africa, Afghanistan & Pakistan","Lower middle income",2000,-4.86597947796963,48.375744427709,3.5364
"MAR","Morocco","Middle East, North Africa, Afghanistan & Pakistan","Lower middle income",2001,-2.53565554299342,43.1756532130518,3.6436
"MAR","Morocco","Middle East, North Africa, Afghanistan & Pakistan","Lower middle income",2002,-2.36826732447124,38.5334932212929,3.5487
"MAR","Morocco","Middle East, North Africa, Afghanistan & Pakistan","Lower middle income",2003,-2.97851741453972,31.6821392253744,4.0707
"MAR","Morocco","Middle East, North Africa, Afghanistan & Pakistan","Lower middle income",2004,-4.88190572393075,25.9142968389363,3.434
"MAR","Morocco","Middle East, North Africa, Afghanistan & Pakistan","Lower middle income",2005,-5.73858599713877,23.7477142404482,3.0987
"MAR","Morocco","Middle East, North Africa, Afghanistan & Pakistan","Lower middle income",2006,-5.85203001438601,23.7881228709739,3.7583
"MAR","Morocco","Middle East, North Africa, Afghanistan & Pakistan","Lower middle income",2007,-8.53452757637381,23.9169265014141,4.1676
"MAR","Morocco","Middle East, North Africa, Afghanistan & Pakistan","Lower middle income",2008,-12.5460254532392,20.6866333669271,3.7386
"MAR","Morocco","Middle East, North Africa, Afghanistan & Pakistan","Lower middle income",2009,-10.8021497451411,24.5009908189979,2.7492
"MAR","Morocco","Middle East, North Africa, Afghanistan & Pakistan","Lower middle income",2010,-9.86788843963236,27.1133581825074,2.7925
"MAR","Morocco","Middle East, North Africa, Afghanistan & Pakistan","Lower middle income",2011,-12.7748390479042,27.2678373432185,1.5395
"MAR","Morocco","Middle East, North Africa, Afghanistan & Pakistan","Lower middle income",2012,-13.7227780276991,31.7243398716853,2.6808
"MAR","Morocco","Middle East, North Africa, Afghanistan & Pakistan","Lower middle income",2013,-12.7963622429344,34.0686791196176,1.5222
"MAR","Morocco","Middle East, North Africa, Afghanistan & Pakistan","Lower middle income",2014,-11.4918406251343,36.3792963902937,2.8949
"MAR","Morocco","Middle East, North Africa, Afghanistan & Pakistan","Lower middle income",2015,-7.18011726040659,40.4164819766798,2.6129
"MAR","Morocco","Middle East, North Africa, Afghanistan & Pakistan","Lower middle income",2016,-9.62531679549275,42.8701158434868,1.1757
"MAR","Morocco","Middle East, North Africa, Afghanistan & Pakistan","Lower middle income",2017,-8.90111584985672,43.3253297372119,1.5354
"MAR","Morocco","Middle East, North Africa, Afghanistan & Pakistan","Lower middle income",2018,-9.52675754360522,39.803425381991,1.1841
"MAR","Morocco","Middle East, North Africa, Afghanistan & Pakistan","Lower middle income",2019,-7.79503408486553,42.8786730425532,1.4492
"MAR","Morocco","Middle East, North Africa, Afghanistan & Pakistan","Lower middle income",2020,-7.26217186779924,54.3946091503199,1.7037
"MAR","Morocco","Middle East, North Africa, Afghanistan & Pakistan","Lower middle income",2021,-9.24147078827035,46.2515178474944,2.4127
"MAR","Morocco","Middle East, North Africa, Afghanistan & Pakistan","Lower middle income",2022,-11.6077404448658,49.5040935720035,1.4711
"MAR","Morocco","Middle East, North Africa, Afghanistan & Pakistan","Lower middle income",2023,-8.34797405237477,47.681515209105,4.985
"MAR","Morocco","Middle East, North Africa, Afghanistan & Pakistan","Lower middle income",2024,-8.15858607087606,42.3345528303178,4.7736
"MDA","Moldova","Europe & Central Asia","Upper middle income",1994,-5.87670572376488,29.5182450130684,5.5758
"MDA","Moldova","Europe & Central Asia","Upper middle income",1995,-6.96064140444449,39.6552402820863,6.8852
"MDA","Moldova","Europe & Central Asia","Upper middle income",1996,-18.8788752176642,50.005518348171,7.0532
"MDA","Moldova","Europe & Central Asia","Upper middle income",1997,-19.5022886124498,56.0811040322979,6.1236
"MDA","Moldova","Europe & Central Asia","Upper middle income",1998,-25.5857727261217,63.0430327034977,5.8153
"MDA","Moldova","Europe & Central Asia","Upper middle income",1999,-15.3196626983902,101.351941119904,0.75
"MDA","Moldova","Europe & Central Asia","Upper middle income",2000,-25.6537146780204,142.94649814125,1.0682
"MDA","Moldova","Europe & Central Asia","Upper middle income",2001,-23.8364485877802,120.927748430709,0.75
"MDA","Moldova","Europe & Central Asia","Upper middle income",2002,-25.161597577002,118.231994837618,0.75
"MDA","Moldova","Europe & Central Asia","Upper middle income",2003,-33.6865816285891,106.846815522584,0.75
"MDA","Moldova","Europe & Central Asia","Upper middle income",2004,-29.8331620317183,81.3655068159086,0.8407
"MDA","Moldova","Europe & Central Asia","Upper middle income",2005,-40.5656257569319,74.2652649392558,1.453
"MDA","Moldova","Europe & Central Asia","Upper middle income",2006,-47.0399013002637,76.9339100705075,1.7823
"MDA","Moldova","Europe & Central Asia","Upper middle income",2007,-52.708446587217,76.4632272901691,3.2697
"MDA","Moldova","Europe & Central Asia","Upper middle income",2008,-53.166861134484,61.5121559635898,5.0287
"MDA","Moldova","Europe & Central Asia","Upper middle income",2009,-36.7424239385656,68.2997652507483,1.6843
"MDA","Moldova","Europe & Central Asia","Upper middle income",2010,-32.3369813834457,67.7383058054941,2.3665
"MDA","Moldova","Europe & Central Asia","Upper middle income",2011,-33.5795784506606,62.0004120066925,1.0496
"MDA","Moldova","Europe & Central Asia","Upper middle income",2012,-33.986828366271,61.0867629644103,2.3737
"MDA","Moldova","Europe & Central Asia","Upper middle income",2013,-31.446232678958,65.3287413053822,1.2573
"MDA","Moldova","Europe & Central Asia","Upper middle income",2014,-30.9884287144223,62.2322928474393,0.5875
"MDA","Moldova","Europe & Central Asia","Upper middle income",2015,-25.539176650613,78.1598701731609,0.3648
"MDA","Moldova","Europe & Central Asia","Upper middle income",2016,-23.2817855687294,77.9107466342939,1.0048
"MDA","Moldova","Europe & Central Asia","Upper middle income",2017,-23.6962819337812,73.2351057504912,0.2616
"MDA","Moldova","Europe & Central Asia","Upper middle income",2018,-26.1101823779215,64.7492925211581,1.0061
"MDA","Moldova","Europe & Central Asia","Upper middle income",2019,-25.1019080100826,62.2941169104935,0.5455
"MDA","Moldova","Europe & Central Asia","Upper middle income",2020,-23.3822681132726,68.9319842470688,1.288
"MDA","Moldova","Europe & Central Asia","Upper middle income",2021,-27.1526840367473,66.226164920292,0.1834
"MDA","Moldova","Europe & Central Asia","Upper middle income",2022,-29.4954936021388,67.1381684278941,1.2073
"MDA","Moldova","Europe & Central Asia","Upper middle income",2023,-23.5265410525396,63.802909735695,2.4866
"MDA","Moldova","Europe & Central Asia","Upper middle income",2024,-25.7267298166627,57.6218580393602,3.2284
"MDG","Madagascar","Sub-Saharan Africa","Low income",1974,-3.41023764433853,39.157535185372,2.3945
"MDG","Madagascar","Sub-Saharan Africa","Low income",1975,-4.30628336258826,34.6477571784434,0.7254
"MDG","Madagascar","Sub-Saharan Africa","Low income",1976,-2.9097492977225,8.70560601288838,2.0229
"MDG","Madagascar","Sub-Saharan Africa","Low income",1977,-2.65728416021127,33.132764166726,3.9969
"MDG","Madagascar","Sub-Saharan Africa","Low income",1978,-4.98967878129335,13.3309349492687,5.6193
"MDG","Madagascar","Sub-Saharan Africa","Low income",1979,-12.7407015592732,22.3206462539043,5.5769
"MDG","Madagascar","Sub-Saharan Africa","Low income",1980,-10.7494431120385,23.9979704467811,5.6701
"MDG","Madagascar","Sub-Saharan Africa","Low income",1981,-7.17336811978426,33.899036078439,5.2851
"MDG","Madagascar","Sub-Saharan Africa","Low income",1982,-5.74850688989398,40.391019861584,5.9278
"MDG","Madagascar","Sub-Saharan Africa","Low income",1983,-4.16848114710918,43.541742749443,6.0371
"MDG","Madagascar","Sub-Saharan Africa","Low income",1984,-3.19935337301566,54.9652347552244,5.2024
"MDG","Madagascar","Sub-Saharan Africa","Low income",1985,-4.02562962046299,66.5165690155839,3.5655
"MDG","Madagascar","Sub-Saharan Africa","Low income",1986,-3.17881006937575,69.1672216511648,2.4628
"MDG","Madagascar","Sub-Saharan Africa","Low income",1987,-3.71061876277292,114.64918987735,2.8367
"MDG","Madagascar","Sub-Saharan Africa","Low income",1988,-5.19997503857302,115.491693443944,2.5002
"MDG","Madagascar","Sub-Saharan Africa","Low income",1989,-3.01947927115491,108.053028001533,2.2157
"MDG","Madagascar","Sub-Saharan Africa","Low income",1990,-8.60386079388623,94.143644664385,1.1115
"MDG","Madagascar","Sub-Saharan Africa","Low income",1991,-6.00763012266049,120.078029891737,1.7109
"MDG","Madagascar","Sub-Saharan Africa","Low income",1992,-6.19648221707351,105.286179469967,1.621
"MDG","Madagascar","Sub-Saharan Africa","Low income",1993,-7.25103389679419,93.6365157247111,1.1828
"MDG","Madagascar","Sub-Saharan Africa","Low income",1994,-6.20297200318142,116.302934317853,0.8934
"MDG","Madagascar","Sub-Saharan Africa","Low income",1995,-6.19829381818092,112.607882556644,1.0893
"MDG","Madagascar","Sub-Saharan Africa","Low income",1996,-4.05181772143561,84.0615984506,0.5971
"MDG","Madagascar","Sub-Saharan Africa","Low income",1997,-6.84702559670151,96.3866599260612,2.6634
"MDG","Madagascar","Sub-Saharan Africa","Low income",1998,-6.79576486833282,99.8184472603173,0.9467
"MDG","Madagascar","Sub-Saharan Africa","Low income",1999,-6.74526261079667,111.777876050648,0.7641
"MDG","Madagascar","Sub-Saharan Africa","Low income",2000,-7.16479033495806,102.09067152591,0.7499
"MDG","Madagascar","Sub-Saharan Africa","Low income",2001,-3.44179094646542,76.9401967660455,0.75
"MDG","Madagascar","Sub-Saharan Africa","Low income",2002,-9.6226425115328,84.905486482338,0.7499
"MDG","Madagascar","Sub-Saharan Africa","Low income",2003,-8.70835104420236,78.14177479066,0.75
"MDG","Madagascar","Sub-Saharan Africa","Low income",2004,-12.8193590403823,75.516941696856,0.7713
"MDG","Madagascar","Sub-Saharan Africa","Low income",2005,-14.0894714140163,60.1686128911816,0.7769
"MDG","Madagascar","Sub-Saharan Africa","Low income",2006,-10.9385895028244,23.8752299710528,1.0515
"MDG","Madagascar","Sub-Saharan Africa","Low income",2007,-13.4699798950212,27.3592129270115,1.1396
"MDG","Madagascar","Sub-Saharan Africa","Low income",2008,-19.5206171894997,23.6178782722129,1.2365
"MDG","Madagascar","Sub-Saharan Africa","Low income",2009,-20.2041177388307,29.6029543731837,0.9919
"MDG","Madagascar","Sub-Saharan Africa","Low income",2010,-12.5911683874757,27.6074508955274,NA
"MDG","Madagascar","Sub-Saharan Africa","Low income",2011,-9.93725012253226,24.8219627604237,0.75
"MDG","Madagascar","Sub-Saharan Africa","Low income",2012,-9.26829319109141,25.8526319651337,0.6158
"MDG","Madagascar","Sub-Saharan Africa","Low income",2013,-8.12709393479837,23.6694044145417,0.8783
"MDG","Madagascar","Sub-Saharan Africa","Low income",2014,-3.64652480968653,23.6647638558817,0.7203
"MDG","Madagascar","Sub-Saharan Africa","Low income",2015,-3.15086060147544,26.564089072576,0.4854
"MDG","Madagascar","Sub-Saharan Africa","Low income",2016,-1.48053022721858,25.1236640029336,0.8732
"MDG","Madagascar","Sub-Saharan Africa","Low income",2017,-2.61088467333134,25.6741496821672,0.8399
"MDG","Madagascar","Sub-Saharan Africa","Low income",2018,-3.00527492109525,27.035686949154,1.3991
"MDG","Madagascar","Sub-Saharan Africa","Low income",2019,-4.27527346885004,28.676985343464,0.9285
"MDG","Madagascar","Sub-Saharan Africa","Low income",2020,-8.65023350897207,37.0950251424842,1.1261
"MDG","Madagascar","Sub-Saharan Africa","Low income",2021,-9.80227438263663,37.2338065836608,1.3215
"MDG","Madagascar","Sub-Saharan Africa","Low income",2022,-8.89988463553879,38.6866860725894,0.5432
"MDG","Madagascar","Sub-Saharan Africa","Low income",2023,-5.95998456236143,40.0922163752042,0.3467
"MDG","Madagascar","Sub-Saharan Africa","Low income",2024,-7.51497423401047,37.820177132488,0.4981
"MDV","Maldives","South Asia","Upper middle income",1978,-13.9520898373683,36.4572625465407,2.1512
"MDV","Maldives","South Asia","Upper middle income",1979,-12.7195536147501,33.2636070887919,0.7
"MDV","Maldives","South Asia","Upper middle income",1980,-51.5736119775421,60.6714651247661,2.9344
"MDV","Maldives","South Asia","Upper middle income",1981,-42.6515823720793,86.8341915276545,3.0692
"MDV","Maldives","South Asia","Upper middle income",1982,-35.6909239743963,135.812435742378,6.947
"MDV","Maldives","South Asia","Upper middle income",1983,-34.2384105960265,133.531230864606,7.2162
"MDV","Maldives","South Asia","Upper middle income",1984,-9.7713730569948,75.6226400420983,8.5623
"MDV","Maldives","South Asia","Upper middle income",1985,4.79594594594594,65.308140333695,6.1338
"MDV","Maldives","South Asia","Upper middle income",1986,7.29334714070564,48.4098491898579,5.1389
"MDV","Maldives","South Asia","Upper middle income",1987,11.5569574366986,51.5756674518234,1.3421
"MDV","Maldives","South Asia","Upper middle income",1988,7.2481470473987,42.3462406713726,7.192
"MDV","Maldives","South Asia","Upper middle income",1989,5.23394148563786,35.2481376769405,3.4608
"MDV","Maldives","South Asia","Upper middle income",1990,9.24136585365855,36.255307672499,0.7508
"MDV","Maldives","South Asia","Upper middle income",1991,0.13489257011286,33.2420554432236,9.871
"MDV","Maldives","South Asia","Upper middle income",1992,0.723603299855555,33.3124017163553,1.4581
"MDV","Maldives","South Asia","Upper middle income",1993,-6.69679946682141,34.8458099554709,3.405
"MDV","Maldives","South Asia","Upper middle income",1994,4.20102600426606,34.6964551061731,4.7528
"MDV","Maldives","South Asia","Upper middle income",1995,1.3419299705492,38.8148077711932,3.1513
"MDV","Maldives","South Asia","Upper middle income",1996,3.44368708374243,37.3472087958499,6.4844
"MDV","Maldives","South Asia","Upper middle income",1997,0.127500062613024,33.7119696720137,5.5698
"MDV","Maldives","South Asia","Upper middle income",1998,3.06717204668669,35.845438601838,3.6596
"MDV","Maldives","South Asia","Upper middle income",1999,-4.71234748914121,37.2071892224676,2.8129
"MDV","Maldives","South Asia","Upper middle income",2000,0.881106900033663,32.5182015892144,3.0913
"MDV","Maldives","South Asia","Upper middle income",2001,0.941892375887154,26.783826648405,5.0796
"MDV","Maldives","South Asia","Upper middle income",2002,4.40087221832205,30.08221566417,3.8474
"MDV","Maldives","South Asia","Upper middle income",2003,4.69152466867152,27.8409087998912,6.4094
"MDV","Maldives","South Asia","Upper middle income",2004,-2.73861358286938,27.6859219309854,1.804
"MDV","Maldives","South Asia","Upper middle income",2005,-33.0108128537302,31.1387382403775,3.7176
"MDV","Maldives","South Asia","Upper middle income",2006,-17.1019551730019,35.1402618418837,4.2362
"MDV","Maldives","South Asia","Upper middle income",2007,9.00211307489273,41.3110898130466,5.8329
"MDV","Maldives","South Asia","Upper middle income",2008,-4.71967214245194,50.4845370555753,0.9263
"MDV","Maldives","South Asia","Upper middle income",2009,9.89921558420836,58.959540147377,2.1514
"MDV","Maldives","South Asia","Upper middle income",2010,12.1410799396077,35.3023253053131,1.6218
"MDV","Maldives","South Asia","Upper middle income",2011,5.29582343112654,31.7437191053567,0.6066
"MDV","Maldives","South Asia","Upper middle income",2012,11.7631073704692,32.5360632212612,4.0282
"MDV","Maldives","South Asia","Upper middle income",2013,15.4274624592111,31.0942018777775,2.0636
"MDV","Maldives","South Asia","Upper middle income",2014,14.7415851375507,29.7807961865096,2.6595
"MDV","Maldives","South Asia","Upper middle income",2015,9.1032763933732,24.3128880752166,2.249
"MDV","Maldives","South Asia","Upper middle income",2016,-1.14908860399708,25.7944730946528,3.2525
"MDV","Maldives","South Asia","Upper middle income",2017,-3.73639195645806,30.4274163382726,5.2174
"MDV","Maldives","South Asia","Upper middle income",2018,-9.57615971900514,42.9506113086035,5.122
"MDV","Maldives","South Asia","Upper middle income",2019,-5.88512976355236,46.7126698424724,2.9091
"MDV","Maldives","South Asia","Upper middle income",2020,-17.8283888739853,98.6187784797661,0.9876
"MDV","Maldives","South Asia","Upper middle income",2021,9.56476263418869,78.0486118795385,6.4033
"MDV","Maldives","South Asia","Upper middle income",2022,2.53686740364031,64.6385308371381,3.784
"MDV","Maldives","South Asia","Upper middle income",2023,-1.57159410911573,60.4102851701328,2.3913
"MDV","Maldives","South Asia","Upper middle income",2024,0.876927363770788,66.4503406335847,3.6101
"MEX","Mexico","Latin America & Caribbean","Upper middle income",1979,-1.37588184485006,31.9436910515274,NA
"MEX","Mexico","Latin America & Caribbean","Upper middle income",1980,-2.42196289304457,28.0062238682683,NA
"MEX","Mexico","Latin America & Caribbean","Upper middle income",1981,-2.79873418969333,29.7245206540016,NA
"MEX","Mexico","Latin America & Caribbean","Upper middle income",1982,2.77190011310555,46.7353358086253,NA
"MEX","Mexico","Latin America & Caribbean","Upper middle income",1983,8.78226511489196,59.6529831629001,NA
"MEX","Mexico","Latin America & Caribbean","Upper middle income",1984,6.94238052821688,51.5747339497635,NA
"MEX","Mexico","Latin America & Caribbean","Upper middle income",1985,3.93513517436724,49.714545586276,NA
"MEX","Mexico","Latin America & Caribbean","Upper middle income",1986,3.28190408607992,75.1234060084784,NA
"MEX","Mexico","Latin America & Caribbean","Upper middle income",1987,6.04096886227304,74.3193071679399,NA
"MEX","Mexico","Latin America & Caribbean","Upper middle income",1988,1.32921353859421,54.7320633928028,NA
"MEX","Mexico","Latin America & Caribbean","Upper middle income",1989,-0.120594518365,42.4638252865907,NA
"MEX","Mexico","Latin America & Caribbean","Upper middle income",1990,-1.19041387331771,40.0394188405165,NA
"MEX","Mexico","Latin America & Caribbean","Upper middle income",1991,-2.99195576673923,36.4756677562227,NA
"MEX","Mexico","Latin America & Caribbean","Upper middle income",1992,-5.12669652478897,30.965834965982,NA
"MEX","Mexico","Latin America & Caribbean","Upper middle income",1993,-3.01983871635409,24.8702834910142,NA
"MEX","Mexico","Latin America & Caribbean","Upper middle income",1994,-3.82666938460424,25.2728173923533,NA
"MEX","Mexico","Latin America & Caribbean","Upper middle income",1995,1.88151241707949,43.8592028852935,NA
"MEX","Mexico","Latin America & Caribbean","Upper middle income",1996,1.48924370686653,36.4641752902385,NA
"MEX","Mexico","Latin America & Caribbean","Upper middle income",1997,-0.154207034875756,28.4353790509253,NA
"MEX","Mexico","Latin America & Caribbean","Upper middle income",1998,-1.64687777437319,30.6985060530371,NA
"MEX","Mexico","Latin America & Caribbean","Upper middle income",1999,-1.32282447049719,29.4437625536488,NA
"MEX","Mexico","Latin America & Caribbean","Upper middle income",2000,-1.60926955256343,24.0025464573145,NA
"MEX","Mexico","Latin America & Caribbean","Upper middle income",2001,-1.77239970883105,25.4467459358747,NA
"MEX","Mexico","Latin America & Caribbean","Upper middle income",2002,-1.50423082478438,23.8645233898964,10.125
"MEX","Mexico","Latin America & Caribbean","Upper middle income",2003,-1.40690829766538,26.0284379442993,8.981667
"MEX","Mexico","Latin America & Caribbean","Upper middle income",2004,-1.8265877437182,25.6315613575093,9.538333
"MEX","Mexico","Latin America & Caribbean","Upper middle income",2005,-1.58742722528319,23.7829345063167,9.4175
"MEX","Mexico","Latin America & Caribbean","Upper middle income",2006,-1.37131099765822,21.7422975963814,8.388333
"MEX","Mexico","Latin America & Caribbean","Upper middle income",2007,-1.69598832538452,22.737727880138,NA
"MEX","Mexico","Latin America & Caribbean","Upper middle income",2008,-2.31324236831554,21.3713889564481,NA
"MEX","Mexico","Latin America & Caribbean","Upper middle income",2009,-1.5708850936101,26.5567023311674,NA
"MEX","Mexico","Latin America & Caribbean","Upper middle income",2010,-1.2324310125146,28.2550706208227,NA
"MEX","Mexico","Latin America & Caribbean","Upper middle income",2011,-1.30027695131248,28.6160118487336,NA
"MEX","Mexico","Latin America & Caribbean","Upper middle income",2012,-1.16173862590609,34.4979652400271,NA
"MEX","Mexico","Latin America & Caribbean","Upper middle income",2013,-1.19836620729541,37.9781329250365,NA
"MEX","Mexico","Latin America & Caribbean","Upper middle income",2014,-1.21387842379143,39.880096877003,NA
"MEX","Mexico","Latin America & Caribbean","Upper middle income",2015,-2.12708165148944,44.343332504927,NA
"MEX","Mexico","Latin America & Caribbean","Upper middle income",2016,-2.12790349528261,48.9818419016973,NA
"MEX","Mexico","Latin America & Caribbean","Upper middle income",2017,-1.9037862237059,48.5956154767681,NA
"MEX","Mexico","Latin America & Caribbean","Upper middle income",2018,-2.19778798642102,47.9185397100221,NA
"MEX","Mexico","Latin America & Caribbean","Upper middle income",2019,-0.327093836521576,47.3466033370263,NA
"MEX","Mexico","Latin America & Caribbean","Upper middle income",2020,1.93670108202864,55.0089881026602,NA
"MEX","Mexico","Latin America & Caribbean","Upper middle income",2021,-1.75670182520777,45.6847644617042,NA
"MEX","Mexico","Latin America & Caribbean","Upper middle income",2022,-2.98496024787911,39.9378056876646,NA
"MEX","Mexico","Latin America & Caribbean","Upper middle income",2023,-1.78057063099464,33.213202987591,NA
"MEX","Mexico","Latin America & Caribbean","Upper middle income",2024,-1.50925863853124,32.3003812774675,NA
"MKD","North Macedonia","Europe & Central Asia","Upper middle income",1996,-10.1569978672418,37.3254899737032,3.6912
"MKD","North Macedonia","Europe & Central Asia","Upper middle income",1997,-13.600866132074,31.4783557611245,3.6556
"MKD","North Macedonia","Europe & Central Asia","Upper middle income",1998,-15.2810453332469,39.531990929435,4.7109
"MKD","North Macedonia","Europe & Central Asia","Upper middle income",1999,-11.8302045452956,37.4652245758902,3.5655
"MKD","North Macedonia","Europe & Central Asia","Upper middle income",2000,-17.0196048752544,39.1707893059773,5.5275
"MKD","North Macedonia","Europe & Central Asia","Upper middle income",2001,-14.7155557735748,40.3015826766078,1.8457
"MKD","North Macedonia","Europe & Central Asia","Upper middle income",2002,-20.5977027441388,41.2166242615544,3.4984
"MKD","North Macedonia","Europe & Central Asia","Upper middle income",2003,-17.2900527827428,37.7412314284885,2.3026
"MKD","North Macedonia","Europe & Central Asia","Upper middle income",2004,-20.9357432579899,49.6529740755289,2.2948
"MKD","North Macedonia","Europe & Central Asia","Upper middle income",2005,-17.4784001363844,47.5838165303695,4.1435
"MKD","North Macedonia","Europe & Central Asia","Upper middle income",2006,-17.8759490213699,47.9953868754339,4.5316
"MKD","North Macedonia","Europe & Central Asia","Upper middle income",2007,-19.0522721440071,49.9139718047815,4.82
"MKD","North Macedonia","Europe & Central Asia","Upper middle income",2008,-25.8581448004929,43.336291585118,3.1724
"MKD","North Macedonia","Europe & Central Asia","Upper middle income",2009,-22.724801066387,55.4285109258351,6.6293
"MKD","North Macedonia","Europe & Central Asia","Upper middle income",2010,-19.7398265817172,54.3971738299586,0.9555
"MKD","North Macedonia","Europe & Central Asia","Upper middle income",2011,-20.3949305025234,57.0071501889419,2.9476
"MKD","North Macedonia","Europe & Central Asia","Upper middle income",2012,-22.4754805778718,66.0928758997777,2.9474
"MKD","North Macedonia","Europe & Central Asia","Upper middle income",2013,-18.2703596682593,58.688186405942,2.7156
"MKD","North Macedonia","Europe & Central Asia","Upper middle income",2014,-17.2770192289825,58.8809189564052,2.3859
"MKD","North Macedonia","Europe & Central Asia","Upper middle income",2015,-16.207705621085,65.5018975124527,2.9633
"MKD","North Macedonia","Europe & Central Asia","Upper middle income",2016,-15.281930577513,69.0091037894527,4.9751
"MKD","North Macedonia","Europe & Central Asia","Upper middle income",2017,-14.047611137497,74.5462370159014,1.0543
"MKD","North Macedonia","Europe & Central Asia","Upper middle income",2018,-12.7118711213281,67.8941033442271,2.3121
"MKD","North Macedonia","Europe & Central Asia","Upper middle income",2019,-14.3188356884478,70.4700535691546,0.9842
"MKD","North Macedonia","Europe & Central Asia","Upper middle income",2020,-12.80257761714,82.3332335607245,2.7921
"MKD","North Macedonia","Europe & Central Asia","Upper middle income",2021,-15.3842955426497,77.6496646305315,1.3345
"MKD","North Macedonia","Europe & Central Asia","Upper middle income",2022,-20.715865519724,83.5437684137613,3.5835
"MKD","North Macedonia","Europe & Central Asia","Upper middle income",2023,-13.0161665989265,78.9625274129398,5.4734
"MKD","North Macedonia","Europe & Central Asia","Upper middle income",2024,-12.9061846700353,75.7282682900758,3.5475
"MLI","Mali","Sub-Saharan Africa","Low income",1975,-17.3255368572137,42.8653770751277,1.1375
"MLI","Mali","Sub-Saharan Africa","Low income",1976,-8.28324329160019,39.7976462302855,2.0881
"MLI","Mali","Sub-Saharan Africa","Low income",1977,-5.53263740433201,44.9365224252495,1.8214
"MLI","Mali","Sub-Saharan Africa","Low income",1978,-17.8862672036233,46.1311992160652,2.7138
"MLI","Mali","Sub-Saharan Africa","Low income",1979,-15.21888404166,35.5570026363884,2.7895
"MLI","Mali","Sub-Saharan Africa","Low income",1980,-9.52086646067098,26.884926652048,2.2442
"MLI","Mali","Sub-Saharan Africa","Low income",1981,-10.6306461623788,37.1555139189042,2.435
"MLI","Mali","Sub-Saharan Africa","Low income",1982,-12.2066365148034,52.0847532919602,2.1735
"MLI","Mali","Sub-Saharan Africa","Low income",1983,-13.2997942434038,66.0435409281939,4.0787
"MLI","Mali","Sub-Saharan Africa","Low income",1984,-14.2642140276872,89.1559624497728,1.2188
"MLI","Mali","Sub-Saharan Africa","Low income",1985,-22.5051320715949,91.3310801525251,1.3431
"MLI","Mali","Sub-Saharan Africa","Low income",1986,-17.4372395893107,81.7236672136294,1.6329
"MLI","Mali","Sub-Saharan Africa","Low income",1987,-13.2985802750761,84.0817622398917,2.4931
"MLI","Mali","Sub-Saharan Africa","Low income",1988,-14.1267994232244,74.4739398436192,1.191
"MLI","Mali","Sub-Saharan Africa","Low income",1989,-10.1870757854254,75.3150296876766,1.0402
"MLI","Mali","Sub-Saharan Africa","Low income",1990,-12.6149076395565,75.9753228820121,1.0199
"MLI","Mali","Sub-Saharan Africa","Low income",1991,-11.4581852191613,72.6749255687806,0.8954
"MLI","Mali","Sub-Saharan Africa","Low income",1992,-13.9376009146821,78.8005927963936,2.2743
"MLI","Mali","Sub-Saharan Africa","Low income",1993,-11.1872226096021,79.9166396506551,1.3731
"MLI","Mali","Sub-Saharan Africa","Low income",1994,-13.6419567638598,101.459080295407,0.848
"MLI","Mali","Sub-Saharan Africa","Low income",1995,-13.6935231491444,87.6930860156079,1.4652
"MLI","Mali","Sub-Saharan Africa","Low income",1996,-10.9575775894843,80.3238001749749,1.2475
"MLI","Mali","Sub-Saharan Africa","Low income",1997,-7.41179624559638,92.3101731237576,1.1837
"MLI","Mali","Sub-Saharan Africa","Low income",1998,-6.98320133537317,82.2921498949434,1.5875
"MLI","Mali","Sub-Saharan Africa","Low income",1999,-7.24973153299627,78.6512415710983,2.1154
"MLI","Mali","Sub-Saharan Africa","Low income",2000,-8.04918665763685,84.6547655065978,0.6107
"MLI","Mali","Sub-Saharan Africa","Low income",2001,-6.78885080640287,69.7837374417943,0.8675
"MLI","Mali","Sub-Saharan Africa","Low income",2002,-1.18792724024959,59.6979782515013,0.9264
"MLI","Mali","Sub-Saharan Africa","Low income",2003,-5.69406918746694,54.5678284754678,1.2461
"MLI","Mali","Sub-Saharan Africa","Low income",2004,-6.28814878517304,50.4640763257346,1.0919
"MLI","Mali","Sub-Saharan Africa","Low income",2005,-6.17175579969164,42.8002851129215,1.1169
"MLI","Mali","Sub-Saharan Africa","Low income",2006,-3.48797921640811,19.3451476262631,0.7099
"MLI","Mali","Sub-Saharan Africa","Low income",2007,-7.12040649345883,18.9155362736545,1.3747
"MLI","Mali","Sub-Saharan Africa","Low income",2008,-10.5610590449467,17.7943132459763,1.1076
"MLI","Mali","Sub-Saharan Africa","Low income",2009,-5.64889226569973,18.0546341594749,1.0917
"MLI","Mali","Sub-Saharan Africa","Low income",2010,-10.3044889187225,19.1856246288958,0.981
"MLI","Mali","Sub-Saharan Africa","Low income",2011,-6.80585999643163,18.8149780338189,1.0025
"MLI","Mali","Sub-Saharan Africa","Low income",2012,-4.10669256489548,20.7522092627651,1.4193
"MLI","Mali","Sub-Saharan Africa","Low income",2013,-12.5611891013022,22.1237712706987,1.2362
"MLI","Mali","Sub-Saharan Africa","Low income",2014,-13.0581259264906,20.6166630328912,1.3803
"MLI","Mali","Sub-Saharan Africa","Low income",2015,-13.0787233399762,24.0454431089778,1.2916
"MLI","Mali","Sub-Saharan Africa","Low income",2016,-14.1403896676793,22.9802128555359,1.3955
"MLI","Mali","Sub-Saharan Africa","Low income",2017,-12.016996259261,23.5952007719185,1.1758
"MLI","Mali","Sub-Saharan Africa","Low income",2018,-9.30290686205223,22.5622622238021,1.3527
"MLI","Mali","Sub-Saharan Africa","Low income",2019,-10.3361565075944,24.4060463376634,0.7752
"MLI","Mali","Sub-Saharan Africa","Low income",2020,-5.5249097690164,28.0864187461882,1.2886
"MLI","Mali","Sub-Saharan Africa","Low income",2021,-9.63177289950561,27.740434152224,1.5613
"MLI","Mali","Sub-Saharan Africa","Low income",2022,-9.25710549896755,27.6568007692854,2.0733
"MLI","Mali","Sub-Saharan Africa","Low income",2023,-7.81270696513744,26.1151524104016,1.5584
"MLI","Mali","Sub-Saharan Africa","Low income",2024,-4.83355795220225,24.0644765694389,0.6874
"MMR","Myanmar","East Asia & Pacific","Lower middle income",1976,-2.98285551825065,32.1969189239483,3.5013
"MMR","Myanmar","East Asia & Pacific","Lower middle income",1977,-11.198082844751,69.3839023134333,3.4062
"MMR","Myanmar","East Asia & Pacific","Lower middle income",1978,-24.2847921363578,108.68978802901,2.586
"MMR","Myanmar","East Asia & Pacific","Lower middle income",1979,-41.1245515858528,147.083063181939,2.7083
"MMR","Myanmar","East Asia & Pacific","Lower middle income",1980,-37.0231563428878,161.912554399171,3.1204
"MMR","Myanmar","East Asia & Pacific","Lower middle income",1981,-31.6311938057231,177.117484593864,3.7986
"MMR","Myanmar","East Asia & Pacific","Lower middle income",1982,-35.0553488052078,151.897440222727,3.1694
"MMR","Myanmar","East Asia & Pacific","Lower middle income",1983,-26.6059065422594,177.470635254859,1.5103
"MMR","Myanmar","East Asia & Pacific","Lower middle income",1984,-16.2217171784129,191.438001452589,2.435
"MMR","Myanmar","East Asia & Pacific","Lower middle income",1985,-14.6800684519094,208.234375417304,3.1611
"MMR","Myanmar","East Asia & Pacific","Lower middle income",1986,-17.7257681758159,239.569991386347,2.5149
"MMR","Myanmar","East Asia & Pacific","Lower middle income",1987,-13.4937732938514,306.703623134373,1.5969
"MMR","Myanmar","East Asia & Pacific","Lower middle income",1988,-12.4607676797545,316.807142347182,NA
"MMR","Myanmar","East Asia & Pacific","Lower middle income",1989,-3.43753150742969,235.654676539332,NA
"MMR","Myanmar","East Asia & Pacific","Lower middle income",1990,-13.2643271956041,251.899545569166,2.6568
"MMR","Myanmar","East Asia & Pacific","Lower middle income",1991,-2.4952127302222,264.956438580553,NA
"MMR","Myanmar","East Asia & Pacific","Lower middle income",1992,-1.4490088578233,229.622130832686,1.6783
"MMR","Myanmar","East Asia & Pacific","Lower middle income",1993,-16.2380053665887,184.510553701597,2.2744
"MMR","Myanmar","East Asia & Pacific","Lower middle income",1994,-10.5494575553576,144.815453973655,2.5388
"MMR","Myanmar","East Asia & Pacific","Lower middle income",1995,-13.3458593971256,118.390802575721,3.55
"MMR","Myanmar","East Asia & Pacific","Lower middle income",1996,-13.15246269324,95.1136192453035,1.4469
"MMR","Myanmar","East Asia & Pacific","Lower middle income",1997,-22.3143974691863,124.826535962731,7.0049
"MMR","Myanmar","East Asia & Pacific","Lower middle income",1998,-17.4117682541245,94.6441693592937,2.9129
"MMR","Myanmar","East Asia & Pacific","Lower middle income",1999,-7.77270908192062,75.9797860979139,1.1086
"MMR","Myanmar","East Asia & Pacific","Lower middle income",2000,-3.93956269001931,72.7923882745117,6.7949
"MMR","Myanmar","East Asia & Pacific","Lower middle income",2001,1.90466376543745,94.0518074576161,2
"MMR","Myanmar","East Asia & Pacific","Lower middle income",2002,7.52710425165351,98.9534753846317,1
"MMR","Myanmar","East Asia & Pacific","Lower middle income",2003,5.93159010304662,71.0451685676675,2.6648
"MMR","Myanmar","East Asia & Pacific","Lower middle income",2004,6.77037130130329,72.9251366053096,1.9152
"MMR","Myanmar","East Asia & Pacific","Lower middle income",2005,14.7464286814702,59.8809983563143,2.87
"MMR","Myanmar","East Asia & Pacific","Lower middle income",2006,13.160273711544,51.8455815123334,2.5393
"MMR","Myanmar","East Asia & Pacific","Lower middle income",2007,12.042952143609,39.9713401269688,2.1081
"MMR","Myanmar","East Asia & Pacific","Lower middle income",2008,8.40921423448309,28.1122761754848,3.8398
"MMR","Myanmar","East Asia & Pacific","Lower middle income",2009,6.28639410538515,25.7283955040566,4.2986
"MMR","Myanmar","East Asia & Pacific","Lower middle income",2010,6.17159065339761,20.1655560552394,4.287
"MMR","Myanmar","East Asia & Pacific","Lower middle income",2011,-0.206251298388906,18.0496928610637,4.3913
"MMR","Myanmar","East Asia & Pacific","Lower middle income",2012,0.606716147242827,18.4082964621764,0.9694
"MMR","Myanmar","East Asia & Pacific","Lower middle income",2013,0.737494069094534,16.4536758081976,0.6628
"MMR","Myanmar","East Asia & Pacific","Lower middle income",2014,-1.45642020376101,15.335064910864,0.398
"MMR","Myanmar","East Asia & Pacific","Lower middle income",2015,-4.12434399719477,17.145310449632,0.5436
"MMR","Myanmar","East Asia & Pacific","Lower middle income",2016,-3.64388385903504,15.9758668725182,1.3728
"MMR","Myanmar","East Asia & Pacific","Lower middle income",2017,-7.31228225882842,16.3262126873254,0.2229
"MMR","Myanmar","East Asia & Pacific","Lower middle income",2018,-4.32680661224433,15.8140900795063,0.5164
"MMR","Myanmar","East Asia & Pacific","Lower middle income",2019,0.22279997637597,14.8965198638129,0.9937
"MNE","Montenegro","Europe & Central Asia","Upper middle income",2007,-43.1381938804697,35.2833711988854,2.2978
"MNE","Montenegro","Europe & Central Asia","Upper middle income",2008,-53.3365752331996,32.9450308773051,2.6277
"MNE","Montenegro","Europe & Central Asia","Upper middle income",2009,-30.740242602519,56.6641223280606,5.3442
"MNE","Montenegro","Europe & Central Asia","Upper middle income",2010,-25.7267744181366,108.848110674366,5.7241
"MNE","Montenegro","Europe & Central Asia","Upper middle income",2011,-21.6850234560517,122.575884918413,5.1579
"MNE","Montenegro","Europe & Central Asia","Upper middle income",2012,-24.7003229665726,151.674659199627,5.475
"MNE","Montenegro","Europe & Central Asia","Upper middle income",2013,-20.3573381800875,167.068124862136,3.806
"MNE","Montenegro","Europe & Central Asia","Upper middle income",2014,-19.865178643039,147.598080932578,1.8674
"MNE","Montenegro","Europe & Central Asia","Upper middle income",2015,-18.6119973080717,166.403180677355,3.7082
"MNE","Montenegro","Europe & Central Asia","Upper middle income",2016,-22.4637028224661,144.055308768775,5.3818
"MNE","Montenegro","Europe & Central Asia","Upper middle income",2017,-23.3307992924182,151.799291548901,2.8844
"MNE","Montenegro","Europe & Central Asia","Upper middle income",2018,-24.2806123090039,149.221820193347,3.0378
"MNE","Montenegro","Europe & Central Asia","Upper middle income",2019,-21.4374048062362,153.890227054531,2.1428
"MNE","Montenegro","Europe & Central Asia","Upper middle income",2020,-35.2559796576267,222.287368141966,0.8671
"MNE","Montenegro","Europe & Central Asia","Upper middle income",2021,-19.4939986727478,165.517223614185,0.2979
"MNE","Montenegro","Europe & Central Asia","Upper middle income",2022,-22.9467639022412,140.683676737465,0.9999
"MNE","Montenegro","Europe & Central Asia","Upper middle income",2023,-18.2896046385269,113.36118974725,7.6129
"MNE","Montenegro","Europe & Central Asia","Upper middle income",2024,-22.3259292371128,105.644688808058,5.8953
"MNG","Mongolia","East Asia & Pacific","Upper middle income",1992,-4.29109676007338,26.9250116922482,5.0398
"MNG","Mongolia","East Asia & Pacific","Upper middle income",1993,-1.5942183690796,50.4407608172827,1.0563
"MNG","Mongolia","East Asia & Pacific","Upper middle income",1994,-1.31343438160931,50.1659651354651,0.7928
"MNG","Mongolia","East Asia & Pacific","Upper middle income",1995,-0.881442532620364,36.5460851615051,2.2121
"MNG","Mongolia","East Asia & Pacific","Upper middle income",1996,-6.94052526685111,39.6894823825201,1.1433
"MNG","Mongolia","East Asia & Pacific","Upper middle income",1997,2.37777853605378,51.3331249144246,2.647
"MNG","Mongolia","East Asia & Pacific","Upper middle income",1998,-11.7124947535895,64.6305116685719,1.9383
"MNG","Mongolia","East Asia & Pacific","Upper middle income",1999,-12.0174347324251,92.7767591922208,0.75
"MNG","Mongolia","East Asia & Pacific","Upper middle income",2000,-13.8725879124424,84.4381821049108,1.1623
"MNG","Mongolia","East Asia & Pacific","Upper middle income",2001,-15.1499360318517,74.6243377922411,1.0175
"MNG","Mongolia","East Asia & Pacific","Upper middle income",2002,-17.0552065458106,78.917670783694,1.1941
"MNG","Mongolia","East Asia & Pacific","Upper middle income",2003,-15.5925803922963,96.8289047367821,1.2232
"MNG","Mongolia","East Asia & Pacific","Upper middle income",2004,-9.80859960748484,79.9980463769274,0.75
"MNG","Mongolia","East Asia & Pacific","Upper middle income",2005,-3.40385203669216,55.3352553121257,1.079
"MNG","Mongolia","East Asia & Pacific","Upper middle income",2006,5.95730227294262,43.7717299047391,1.0446
"MNG","Mongolia","East Asia & Pacific","Upper middle income",2007,1.34627935571005,41.1752444679966,3.8525
"MNG","Mongolia","East Asia & Pacific","Upper middle income",2008,-13.1362163075844,38.8669880700305,0.9374
"MNG","Mongolia","East Asia & Pacific","Upper middle income",2009,-7.24295410692986,65.1815765481785,0.4139
"MNG","Mongolia","East Asia & Pacific","Upper middle income",2010,-6.6057413924304,82.4586282434015,1.3559
"MNG","Mongolia","East Asia & Pacific","Upper middle income",2011,-33.788919389929,92.5033860542082,1.448
"MNG","Mongolia","East Asia & Pacific","Upper middle income",2012,-36.2468948075039,129.216968765468,3.6995
"MNG","Mongolia","East Asia & Pacific","Upper middle income",2013,-31.1388175401306,160.257211894253,0.1502
"MNG","Mongolia","East Asia & Pacific","Upper middle income",2014,-9.09087764859855,185.347268232507,0.5328
"MNG","Mongolia","East Asia & Pacific","Upper middle income",2015,-1.31553729795548,207.547258338809,0.8718
"MNG","Mongolia","East Asia & Pacific","Upper middle income",2016,-0.00444611523921375,236.280135625821,3.1791
"MNG","Mongolia","East Asia & Pacific","Upper middle income",2017,2.41797498662513,259.007066935405,4.8244
"MNG","Mongolia","East Asia & Pacific","Upper middle income",2018,-5.79560758241212,239.909024471664,4.1399
"MNG","Mongolia","East Asia & Pacific","Upper middle income",2019,-5.86782614450335,234.453887748698,1.8928
"MNG","Mongolia","East Asia & Pacific","Upper middle income",2020,2.29342431763426,245.133555041945,2.1849
"MNG","Mongolia","East Asia & Pacific","Upper middle income",2021,-2.00000704309184,228.716601144305,3.0378
"MNG","Mongolia","East Asia & Pacific","Upper middle income",2022,-6.54665358896172,196.548672385926,2.53
"MNG","Mongolia","East Asia & Pacific","Upper middle income",2023,9.62541326616508,172.393983633492,7.1651
"MNG","Mongolia","East Asia & Pacific","Upper middle income",2024,-0.990729457129205,159.770188799763,5.2028
"MOZ","Mozambique","Sub-Saharan Africa","Low income",2005,-9.06211857961199,68.9867482030342,0.6982
"MOZ","Mozambique","Sub-Saharan Africa","Low income",2006,-6.53741382408554,51.7373791449017,1.1455
"MOZ","Mozambique","Sub-Saharan Africa","Low income",2007,-7.37007270214199,52.5471605228605,1.4329
"MOZ","Mozambique","Sub-Saharan Africa","Low income",2008,-10.8371438717364,49.2801384105757,1.9531
"MOZ","Mozambique","Sub-Saharan Africa","Low income",2009,-13.922495163599,64.503717526526,2.1813
"MOZ","Mozambique","Sub-Saharan Africa","Low income",2010,-18.8226875560856,98.4135256647136,0.7928
"MOZ","Mozambique","Sub-Saharan Africa","Low income",2011,-28.27736166233,92.1191966909091,0.9006
"MOZ","Mozambique","Sub-Saharan Africa","Low income",2012,-46.4594263881617,118.585895327345,2.4454
"MOZ","Mozambique","Sub-Saharan Africa","Low income",2013,-44.2822247047326,168.494922095191,3.4259
"MOZ","Mozambique","Sub-Saharan Africa","Low income",2014,-38.7554000128851,192.323658292116,2.6603
"MOZ","Mozambique","Sub-Saharan Africa","Low income",2015,-39.7907849170677,237.142009121605,0.6182
"MOZ","Mozambique","Sub-Saharan Africa","Low income",2016,-33.8011079268421,359.607102513825,0.7579
"MOZ","Mozambique","Sub-Saharan Africa","Low income",2017,-19.8830355660209,352.563198898942,0.9696
"MOZ","Mozambique","Sub-Saharan Africa","Low income",2018,-30.6176783969435,338.493780625582,1.3625
"MOZ","Mozambique","Sub-Saharan Africa","Low income",2019,-26.2323649979605,358.016012799572,1.5473
"MOZ","Mozambique","Sub-Saharan Africa","Low income",2020,-29.5746479467342,423.516782801511,1.501
"MOZ","Mozambique","Sub-Saharan Africa","Low income",2021,-24.7874247346414,398.475787122614,0.4107
"MOZ","Mozambique","Sub-Saharan Africa","Low income",2022,-34.5407109044572,351.031754762793,0.7245
"MOZ","Mozambique","Sub-Saharan Africa","Low income",2023,-8.48269686974155,324.624838084968,0.9562
"MOZ","Mozambique","Sub-Saharan Africa","Low income",2024,-4.96414620071142,306.630733552718,0.0397
"MRT","Mauritania","Sub-Saharan Africa","Lower middle income",2012,-20.2040536195589,63.57409522238,1.7489
"MRT","Mauritania","Sub-Saharan Africa","Lower middle income",2013,-16.6793507019946,62.5458464135993,1.9665
"MRT","Mauritania","Sub-Saharan Africa","Lower middle income",2014,-20.1626300975847,68.4995769534935,1.9415
"MRT","Mauritania","Sub-Saharan Africa","Lower middle income",2015,-15.431321767776,80.7707665694195,2.757
"MRT","Mauritania","Sub-Saharan Africa","Lower middle income",2016,-13.0282649815334,79.2807049351189,2.4391
"MRT","Mauritania","Sub-Saharan Africa","Lower middle income",2017,-13.8574101936905,76.9330178213697,2.1687
"MRT","Mauritania","Sub-Saharan Africa","Lower middle income",2018,-16.3487103395775,69.8789772418185,4.433
"MRT","Mauritania","Sub-Saharan Africa","Lower middle income",2019,-14.6705872195994,68.1625706176928,2.0926
"MRT","Mauritania","Sub-Saharan Africa","Lower middle income",2020,-10.7829321114736,68.8215312972284,1.8286
"MRT","Mauritania","Sub-Saharan Africa","Lower middle income",2021,-12.2745189024946,51.9008488642218,2.1851
"MRT","Mauritania","Sub-Saharan Africa","Lower middle income",2022,-17.1232038122496,47.6793917405745,1.9302
"MRT","Mauritania","Sub-Saharan Africa","Lower middle income",2023,-12.313291130782,42.9285669968556,2.0248
"MRT","Mauritania","Sub-Saharan Africa","Lower middle income",2024,-12.0874611292741,40.9948507104557,1.401
"MUS","Mauritius","Sub-Saharan Africa","Upper middle income",1976,-6.75429738764065,9.09965648857257,5.9481
"MUS","Mauritius","Sub-Saharan Africa","Upper middle income",1977,-10.5887795700462,12.1613171532187,7.7159
"MUS","Mauritius","Sub-Saharan Africa","Upper middle income",1978,-12.1250182446209,18.4694017216087,6.3104
"MUS","Mauritius","Sub-Saharan Africa","Upper middle income",1979,-11.5977722198527,24.9458700422091,10.5863
"MUS","Mauritius","Sub-Saharan Africa","Upper middle income",1980,-10.1428426313111,36.6365155169856,10.6239
"MUS","Mauritius","Sub-Saharan Africa","Upper middle income",1981,-10.2837156603094,43.5976355476118,7.4128
"MUS","Mauritius","Sub-Saharan Africa","Upper middle income",1982,-2.77710760805286,50.3267134129895,8.6432
"MUS","Mauritius","Sub-Saharan Africa","Upper middle income",1983,-0.355628601729293,46.3398196423578,9.7414
"MUS","Mauritius","Sub-Saharan Africa","Upper middle income",1984,-3.30508205173606,48.3723449907382,10.52
"MUS","Mauritius","Sub-Saharan Africa","Upper middle income",1985,-1.92972852552942,52.975499770166,4.7242
"MUS","Mauritius","Sub-Saharan Africa","Upper middle income",1986,6.56641118480486,42.7777859042783,6.7893
"MUS","Mauritius","Sub-Saharan Africa","Upper middle income",1987,2.02866797759517,41.1939033731465,6.9266
"MUS","Mauritius","Sub-Saharan Africa","Upper middle income",1988,-4.89521698313419,38.0920943707236,7.7121
"MUS","Mauritius","Sub-Saharan Africa","Upper middle income",1989,-7.23563154185178,36.7616517649235,4.9689
"MUS","Mauritius","Sub-Saharan Africa","Upper middle income",1990,-7.20772123351173,34.6677133063879,6.0146
"MUS","Mauritius","Sub-Saharan Africa","Upper middle income",1991,-3.63423849327925,34.2539668595968,5.6461
"MUS","Mauritius","Sub-Saharan Africa","Upper middle income",1992,-3.19925746776735,28.8802996515596,4.9786
"MUS","Mauritius","Sub-Saharan Africa","Upper middle income",1993,-5.95881081503123,27.245830807233,4.9572
"MUS","Mauritius","Sub-Saharan Africa","Upper middle income",1994,-8.61408818415734,30.4638509018551,5.3521
"MUS","Mauritius","Sub-Saharan Africa","Upper middle income",1995,-2.54380817510204,34.5585327270888,5.9227
"MUS","Mauritius","Sub-Saharan Africa","Upper middle income",1996,-0.845412821667396,31.21697123588,4.152
"MUS","Mauritius","Sub-Saharan Africa","Upper middle income",1997,-4.68096834953601,31.5682059028202,6.6957
"MUS","Mauritius","Sub-Saharan Africa","Upper middle income",1998,-1.54060901815099,30.3174954568745,3.2017
"MUS","Mauritius","Sub-Saharan Africa","Upper middle income",1999,-4.79919356660702,29.3687529054964,4.5209
"MUS","Mauritius","Sub-Saharan Africa","Upper middle income",2000,-1.78824252936909,20.4557812425689,6.4042
"MUS","Mauritius","Sub-Saharan Africa","Upper middle income",2001,4.15223922497724,18.5490895512413,3.882
"MUS","Mauritius","Sub-Saharan Africa","Upper middle income",2002,2.94968688554914,41.6292162975028,2.7969
"MUS","Mauritius","Sub-Saharan Africa","Upper middle income",2003,1.2009772267716,54.7166412210204,2.5417
"MUS","Mauritius","Sub-Saharan Africa","Upper middle income",2004,-2.20710431708871,49.9351079376079,2.5764
"MUS","Mauritius","Sub-Saharan Africa","Upper middle income",2005,-5.72515969151319,55.2229306390804,2.5442
"MUS","Mauritius","Sub-Saharan Africa","Upper middle income",2006,-10.1647976608796,49.0939216061327,5.9095
"MUS","Mauritius","Sub-Saharan Africa","Upper middle income",2007,-9.44683566549966,68.5374582785227,3.9335
"MUS","Mauritius","Sub-Saharan Africa","Upper middle income",2008,-13.6073376903394,64.3268637725825,3.8932
"MUS","Mauritius","Sub-Saharan Africa","Upper middle income",2009,-10.0781443906809,78.999639977628,1.2297
"MUS","Mauritius","Sub-Saharan Africa","Upper middle income",2010,-11.6222478461951,78.1557785857078,1.3093
"MUS","Mauritius","Sub-Saharan Africa","Upper middle income",2011,-13.3714271765972,84.2723347285897,0.821
"MUS","Mauritius","Sub-Saharan Africa","Upper middle income",2012,-12.6019020512041,90.3869521865183,1.5877
"MUS","Mauritius","Sub-Saharan Africa","Upper middle income",2013,-13.7056311757839,99.6548933119215,2.3818
"MUS","Mauritius","Sub-Saharan Africa","Upper middle income",2014,-11.1830666574808,96.4367569072709,0.905
"MUS","Mauritius","Sub-Saharan Africa","Upper middle income",2015,-9.6244293505573,84.707244133944,1.3035
"MUS","Mauritius","Sub-Saharan Africa","Upper middle income",2016,-9.86186321115367,81.8675264102651,2.1266
"MUS","Mauritius","Sub-Saharan Africa","Upper middle income",2017,-12.793305661068,76.4886435619608,1.9879
"MUS","Mauritius","Sub-Saharan Africa","Upper middle income",2018,-7.8369408740002,75.1067040916757,1.2597
"MUS","Mauritius","Sub-Saharan Africa","Upper middle income",2019,-8.47285681090999,84.4035349312969,0.8622
"MUS","Mauritius","Sub-Saharan Africa","Upper middle income",2020,-10.5109429013344,107.229306956321,1.2567
"MUS","Mauritius","Sub-Saharan Africa","Upper middle income",2021,-15.8595507595535,126.486184894676,0.5129
"MUS","Mauritius","Sub-Saharan Africa","Upper middle income",2022,-14.7980256409355,136.457712638362,1.5372
"MUS","Mauritius","Sub-Saharan Africa","Upper middle income",2023,-11.6980287724084,135.58147864096,4.3632
"MUS","Mauritius","Sub-Saharan Africa","Upper middle income",2024,-13.8117041149837,136.324546499987,5.4737
"MWI","Malawi","Sub-Saharan Africa","Low income",1980,-9.66014073122999,46.0870141966879,5.9904
"MWI","Malawi","Sub-Saharan Africa","Low income",1981,-4.15476240860358,45.6113665140363,6.2922
"MWI","Malawi","Sub-Saharan Africa","Low income",1982,-4.04367019375602,50.3568899944905,4.8921
"MWI","Malawi","Sub-Saharan Africa","Low income",1983,-3.87805843620846,50.1333443688898,3.0325
"MWI","Malawi","Sub-Saharan Africa","Low income",1984,2.00019113204991,50.0540924593035,3.7132
"MWI","Malawi","Sub-Saharan Africa","Low income",1985,-2.94658683619815,62.0025696927438,1.9087
"MWI","Malawi","Sub-Saharan Africa","Low income",1986,-0.935786508881105,67.1849822965075,3.2166
"MWI","Malawi","Sub-Saharan Africa","Low income",1987,-0.886184918889142,79.3858305941331,1.8039
"MWI","Malawi","Sub-Saharan Africa","Low income",1988,-5.92389251046462,67.6756076271502,1.9503
"MWI","Malawi","Sub-Saharan Africa","Low income",1989,-5.90970554166311,60.9324242555681,1.3303
"MWI","Malawi","Sub-Saharan Africa","Low income",1990,-3.85985686550752,56.9305968708045,1.2571
"MWI","Malawi","Sub-Saharan Africa","Low income",1991,-8.05373559480573,51.9193251321554,2.8458
"MWI","Malawi","Sub-Saharan Africa","Low income",1992,-12.42423749046,65.2547240857941,0.75
"MWI","Malawi","Sub-Saharan Africa","Low income",1993,-8.39206174592736,60.6038460587681,1.2298
"MWI","Malawi","Sub-Saharan Africa","Low income",1994,-16.3809965143705,117.512385843929,1.7986
"MWI","Malawi","Sub-Saharan Africa","Low income",1995,-9.37003876198115,110.08383795428,0.9638
"MWI","Malawi","Sub-Saharan Africa","Low income",1996,-6.83862694772652,69.6380125933417,1.1647
"MWI","Malawi","Sub-Saharan Africa","Low income",1997,-8.74138163492727,57.4221768113184,1.0336
"MWI","Malawi","Sub-Saharan Africa","Low income",1998,-3.57445229894035,95.7323400534515,0.75
"MWI","Malawi","Sub-Saharan Africa","Low income",1999,-10.1393805970658,106.677804052974,0.75
"MWI","Malawi","Sub-Saharan Africa","Low income",2000,-7.55419230582913,107.048536470647,0.75
"MWI","Malawi","Sub-Saharan Africa","Low income",2001,-6.888126403948,103.750575482624,0.75
"MWI","Malawi","Sub-Saharan Africa","Low income",2002,-6.35443723700201,57.0223941745831,0.8466
"MWI","Malawi","Sub-Saharan Africa","Low income",2003,-6.26809466946878,66.6241974613802,0.75
"MWI","Malawi","Sub-Saharan Africa","Low income",2004,-9.56104180356892,68.0726258748341,0.972
"MWI","Malawi","Sub-Saharan Africa","Low income",2005,-13.1689705617221,60.0705327514338,1.3869
"MWI","Malawi","Sub-Saharan Africa","Low income",2006,-9.18472777055469,14.9630862476914,0.8254
"MWI","Malawi","Sub-Saharan Africa","Low income",2007,-10.2417413480892,13.4695086888512,1.6905
"MWI","Malawi","Sub-Saharan Africa","Low income",2008,-12.6869632032062,12.8463287137445,1.1745
"MWI","Malawi","Sub-Saharan Africa","Low income",2009,-9.87859611485275,12.702154200529,1.3363
"MWI","Malawi","Sub-Saharan Africa","Low income",2010,-14.0189301944182,10.0784132983436,0.7748
"MWI","Malawi","Sub-Saharan Africa","Low income",2011,-10.9717186071817,10.4184116707504,1.2688
"MWI","Malawi","Sub-Saharan Africa","Low income",2012,-13.3662677148659,15.178536877092,1.0524
"MWI","Malawi","Sub-Saharan Africa","Low income",2013,-19.45156678617,19.4598123055475,1.4957
"MWI","Malawi","Sub-Saharan Africa","Low income",2014,-15.5891497304638,18.8703920827565,0.7692
"MWI","Malawi","Sub-Saharan Africa","Low income",2015,-13.4775961559755,18.6834363861849,0.529
"MWI","Malawi","Sub-Saharan Africa","Low income",2016,-15.4885462561254,23.3642448989115,1.1606
"MWI","Malawi","Sub-Saharan Africa","Low income",2017,-19.4217535682044,24.1783140565746,0.6059
"MWI","Malawi","Sub-Saharan Africa","Low income",2018,-18.6244826358466,22.9341333935901,0.8625
"MWI","Malawi","Sub-Saharan Africa","Low income",2019,-16.4585056145469,21.9638917457652,0.6931
"MWI","Malawi","Sub-Saharan Africa","Low income",2020,-17.5456107707808,25.1646733904678,0.9722
"MWI","Malawi","Sub-Saharan Africa","Low income",2021,-17.6165606190539,25.8288275098903,0.75
"MWI","Malawi","Sub-Saharan Africa","Low income",2022,-19.3812505413802,26.8730444701464,0.7754
"MWI","Malawi","Sub-Saharan Africa","Low income",2023,-18.8299681886595,26.9697827835261,0.5254
"MWI","Malawi","Sub-Saharan Africa","Low income",2024,-21.1124834327563,33.0945699320997,1.25
"NER","Niger","Sub-Saharan Africa","Low income",1974,-11.9459428202869,9.16324449255753,0.2676
"NER","Niger","Sub-Saharan Africa","Low income",1975,-6.91752554603626,10.9196250557302,0.9393
"NER","Niger","Sub-Saharan Africa","Low income",1976,-10.054369984225,12.5279815700894,1.4633
"NER","Niger","Sub-Saharan Africa","Low income",1977,-11.4575221697454,13.4154236636194,3.6454
"NER","Niger","Sub-Saharan Africa","Low income",1978,-14.3600337993462,34.3499160283113,6.6068
"NER","Niger","Sub-Saharan Africa","Low income",1979,-11.7930233272981,29.9492174915065,8.3712
"NER","Niger","Sub-Saharan Africa","Low income",1980,-13.5416984264476,34.5104136287677,7.3972
"NER","Niger","Sub-Saharan Africa","Low income",1981,-12.0428882000699,47.204885753846,7.0493
"NER","Niger","Sub-Saharan Africa","Low income",1982,-15.1239821355773,47.6016534343699,5.3721
"NER","Niger","Sub-Saharan Africa","Low income",1983,-6.08688689525521,53.9201360546453,5.4654
"NER","Niger","Sub-Saharan Africa","Low income",1984,-4.07094745874659,66.9594388972931,2.3487
"NER","Niger","Sub-Saharan Africa","Low income",1985,-12.1555936784811,84.9280902656905,2.943
"NER","Niger","Sub-Saharan Africa","Low income",1986,-6.14558660405034,75.8043997017277,1.0417
"NER","Niger","Sub-Saharan Africa","Low income",1987,-4.91893921216285,73.9759151018282,1.6149
"NER","Niger","Sub-Saharan Africa","Low income",1988,-8.78121280040281,74.5681218309971,1.3949
"NER","Niger","Sub-Saharan Africa","Low income",1989,-8.92564362295023,70.1068563822122,3.5376
"NER","Niger","Sub-Saharan Africa","Low income",1990,-5.57058468697535,50.0397423483029,1.935
"NER","Niger","Sub-Saharan Africa","Low income",1991,-6.69629083485604,46.4485428093711,1.2628
"NER","Niger","Sub-Saharan Africa","Low income",1992,-5.68755383730113,45.7398533787181,2.8885
"NER","Niger","Sub-Saharan Africa","Low income",1993,-5.26987989624757,51.5866647197167,2.2336
"NER","Niger","Sub-Saharan Africa","Low income",1994,-8.42336427667239,79.5921820009186,0.9986
"NER","Niger","Sub-Saharan Africa","Low income",1995,-5.90833788796615,69.6449959425255,0.6144
"NER","Niger","Sub-Saharan Africa","Low income",1996,-6.02469456504185,64.6298987253101,0.9606
"NER","Niger","Sub-Saharan Africa","Low income",1997,-6.22394408912882,69.3771186544795,1.1463
"NER","Niger","Sub-Saharan Africa","Low income",1998,-7.07252589079969,63.8174642337056,0.8084
"NER","Niger","Sub-Saharan Africa","Low income",1999,-6.07583379861657,67.6510227679616,0.9274
"NER","Niger","Sub-Saharan Africa","Low income",2000,-6.03393858818619,76.7759593392787,0.694
"NER","Niger","Sub-Saharan Africa","Low income",2001,-6.10008848733844,66.7018100905954,0.8802
"NER","Niger","Sub-Saharan Africa","Low income",2002,-6.98507392048441,66.421635252767,1.2682
"NER","Niger","Sub-Saharan Africa","Low income",2003,-7.8507444008597,63.3359489560974,1.0215
"NER","Niger","Sub-Saharan Africa","Low income",2004,-8.57412286309999,52.5293836703774,1.2113
"NER","Niger","Sub-Saharan Africa","Low income",2005,-11.0393139389886,44.7591998968474,0.9273
"NER","Niger","Sub-Saharan Africa","Low income",2006,-10.0650141175881,15.9910649747123,0.9249
"NER","Niger","Sub-Saharan Africa","Low income",2007,-9.36578885234143,19.0278572698932,1.5527
"NER","Niger","Sub-Saharan Africa","Low income",2008,-12.4859204789846,12.9949610958492,1.1406
"NER","Niger","Sub-Saharan Africa","Low income",2009,-19.5571627945125,16.9857726622307,1.2368
"NER","Niger","Sub-Saharan Africa","Low income",2010,-19.5982727131767,19.5356554822581,1.4538
"NER","Niger","Sub-Saharan Africa","Low income",2011,-19.6664635778351,25.2254198234204,1.0417
"NER","Niger","Sub-Saharan Africa","Low income",2012,-12.8880360660488,18.9223398707934,1.5346
"NER","Niger","Sub-Saharan Africa","Low income",2013,-12.3362771228532,19.3873377141078,3.2632
"NER","Niger","Sub-Saharan Africa","Low income",2014,-13.8493598992998,18.4364254501778,1.9621
"NER","Niger","Sub-Saharan Africa","Low income",2015,-16.8336843540636,23.013445160839,1.6733
"NER","Niger","Sub-Saharan Africa","Low income",2016,-12.539955043499,24.287951603334,1.1677
"NER","Niger","Sub-Saharan Africa","Low income",2017,-13.2510436825771,26.7223016940967,0.9914
"NER","Niger","Sub-Saharan Africa","Low income",2018,-14.987582509568,24.8132047185813,1.6789
"NER","Niger","Sub-Saharan Africa","Low income",2019,-16.1693063186773,28.8555375303512,1.6505
"NER","Niger","Sub-Saharan Africa","Low income",2020,-16.1506216762953,33.3308862266911,2.0773
"NER","Niger","Sub-Saharan Africa","Low income",2021,-17.0045339980741,33.2541746480327,1.3247
"NER","Niger","Sub-Saharan Africa","Low income",2022,-18.1407365653889,34.9519529327721,0.6745
"NER","Niger","Sub-Saharan Africa","Low income",2023,-15.2506327274657,33.1197445448688,1.2818
"NER","Niger","Sub-Saharan Africa","Low income",2024,-6.45457539175247,26.907829227937,NA
"NGA","Nigeria","Sub-Saharan Africa","Lower middle income",1977,-0.822139550563927,8.73153503238708,8.1999
"NGA","Nigeria","Sub-Saharan Africa","Lower middle income",1978,-8.91613272483866,13.937767336643,10.2407
"NGA","Nigeria","Sub-Saharan Africa","Lower middle income",1979,5.30384381606857,13.2132756725615,10.5191
"NGA","Nigeria","Sub-Saharan Africa","Lower middle income",1980,10.9929518429991,13.9220581617303,10.5239
"NGA","Nigeria","Sub-Saharan Africa","Lower middle income",1981,-3.18511205372227,6.95879919897037,11.2024
"NGA","Nigeria","Sub-Saharan Africa","Lower middle income",1982,-3.9667337054032,8.39988802353175,9.7703
"NGA","Nigeria","Sub-Saharan Africa","Lower middle income",1983,-3.15341204889991,18.1029014069709,10.1572
"NGA","Nigeria","Sub-Saharan Africa","Lower middle income",1984,2.22447969713871,24.200130507499,9.8169
"NGA","Nigeria","Sub-Saharan Africa","Lower middle income",1985,5.86690422943626,25.2968571860824,8.5078
"NGA","Nigeria","Sub-Saharan Africa","Lower middle income",1986,1.99047133892102,40.5354184039042,8.6206
"NGA","Nigeria","Sub-Saharan Africa","Lower middle income",1987,5.37369715938578,55.1007444165217,8.4685
"NGA","Nigeria","Sub-Saharan Africa","Lower middle income",1988,4.18905893434372,59.6677365497626,7.6375
"NGA","Nigeria","Sub-Saharan Africa","Lower middle income",1989,7.62518362518835,68.4543091645265,6.9532
"NGA","Nigeria","Sub-Saharan Africa","Lower middle income",1990,14.1417776279999,61.9191096901089,6.5877
"NGA","Nigeria","Sub-Saharan Africa","Lower middle income",1991,4.83598868003214,56.3223833109853,6.1319
"NGA","Nigeria","Sub-Saharan Africa","Lower middle income",1992,7.40180838361773,55.7427530010419,4.5793
"NGA","Nigeria","Sub-Saharan Africa","Lower middle income",1993,2.97070066001245,54.1232275963443,3.7399
"NGA","Nigeria","Sub-Saharan Africa","Lower middle income",1994,0.387849408286005,41.1597463686889,7.7197
"NGA","Nigeria","Sub-Saharan Africa","Lower middle income",1995,-0.110143014289911,24.1942187175751,NA
"NGA","Nigeria","Sub-Saharan Africa","Lower middle income",1996,0.942080082862878,16.9141843552068,NA
"NGA","Nigeria","Sub-Saharan Africa","Lower middle income",1997,0.270416340981825,14.1735022392721,NA
"NGA","Nigeria","Sub-Saharan Africa","Lower middle income",1998,-0.459513869282725,13.8788764817505,NA
"NGA","Nigeria","Sub-Saharan Africa","Lower middle income",1999,3.0299134946296,49.1935295262932,NA
"NGA","Nigeria","Sub-Saharan Africa","Lower middle income",2000,12.9358747733169,48.4509942885148,1.0429
"NGA","Nigeria","Sub-Saharan Africa","Lower middle income",2001,5.31396838586744,47.5498529228639,0.9626
"NGA","Nigeria","Sub-Saharan Africa","Lower middle income",2002,2.46174622023814,38.693382079744,3.6261
"NGA","Nigeria","Sub-Saharan Africa","Lower middle income",2003,5.32966658900947,39.9630291950474,0.75
"NGA","Nigeria","Sub-Saharan Africa","Lower middle income",2004,12.6104055681791,33.8163130654147,0.75
"NGA","Nigeria","Sub-Saharan Africa","Lower middle income",2005,13.871117745856,19.1578181367389,0.7481
"NGA","Nigeria","Sub-Saharan Africa","Lower middle income",2006,9.78023440921952,7.33542294634939,1.6414
"NGA","Nigeria","Sub-Saharan Africa","Lower middle income",2007,7.49288327067794,7.0021819097306,0.7807
"NGA","Nigeria","Sub-Saharan Africa","Lower middle income",2008,7.01302192203588,6.01484089485952,0.8125
"NGA","Nigeria","Sub-Saharan Africa","Lower middle income",2009,3.02038248569458,7.71125976970159,0.7499
"NGA","Nigeria","Sub-Saharan Africa","Lower middle income",2010,3.22795000474679,7.94268232852815,1.7372
"NGA","Nigeria","Sub-Saharan Africa","Lower middle income",2011,2.8093578253736,8.23449364058359,3.822
"NGA","Nigeria","Sub-Saharan Africa","Lower middle income",2012,3.80401992081232,8.46663778437578,1.865
"NGA","Nigeria","Sub-Saharan Africa","Lower middle income",2013,4.37690886658453,8.19123209863732,2.1231
"NGA","Nigeria","Sub-Saharan Africa","Lower middle income",2014,-0.324010402613985,8.12849113546783,1.3639
"NGA","Nigeria","Sub-Saharan Africa","Lower middle income",2015,-4.64471346322377,9.13233207094131,1.1681
"NGA","Nigeria","Sub-Saharan Africa","Lower middle income",2016,-2.11311942372871,10.8083613084906,1.5405
"NGA","Nigeria","Sub-Saharan Africa","Lower middle income",2017,-0.0229229510268802,17.3369424549862,4.6894
"NGA","Nigeria","Sub-Saharan Africa","Lower middle income",2018,-1.32749405486646,16.4652183869836,6.6015
"NGA","Nigeria","Sub-Saharan Africa","Lower middle income",2019,-4.62324981026268,12.173050023191,1.741
"NGA","Nigeria","Sub-Saharan Africa","Lower middle income",2020,-5.3862302233247,14.6330061625448,1.349
"NGA","Nigeria","Sub-Saharan Africa","Lower middle income",2021,-2.72877047987096,15.8015377243835,4.8568
"NGA","Nigeria","Sub-Saharan Africa","Lower middle income",2022,-1.23009569764144,15.9307803460577,3.8599
"NGA","Nigeria","Sub-Saharan Africa","Lower middle income",2023,-1.05899189773239,21.0248902451177,6.2367
"NGA","Nigeria","Sub-Saharan Africa","Lower middle income",2024,-0.0770571068158896,43.1129864333941,6.5008
"NIC","Nicaragua","Latin America & Caribbean","Lower middle income",1977,-5.57251939995769,60.884184031676,7.3983
"NIC","Nicaragua","Latin America & Caribbean","Lower middle income",1978,2.8340461813866,71.6890478691481,6.7733
"NIC","Nicaragua","Latin America & Caribbean","Lower middle income",1979,10.1875479627787,103.034536881687,6.2617
"NIC","Nicaragua","Latin America & Caribbean","Lower middle income",1980,-19.2044023137208,106.010730776861,4.1062
"NIC","Nicaragua","Latin America & Caribbean","Lower middle income",1981,-19.368002425571,103.524308087912,5.6736
"NIC","Nicaragua","Latin America & Caribbean","Lower middle income",1982,-15.4899172874812,123.750612962065,5.8391
"NIC","Nicaragua","Latin America & Caribbean","Lower middle income",1983,-13.5302020333865,152.647197122815,6.3238
"NIC","Nicaragua","Latin America & Caribbean","Lower middle income",1984,-13.5841678655321,157.575838938894,5.452
"NIC","Nicaragua","Latin America & Caribbean","Lower middle income",1985,-21.5858707736361,219.108137069009,4.6502
"NIC","Nicaragua","Latin America & Caribbean","Lower middle income",1986,-19.0311179277118,238.961532539993,4.8046
"NIC","Nicaragua","Latin America & Caribbean","Lower middle income",1987,-14.8083709638465,210.105086930094,4.0482
"NIC","Nicaragua","Latin America & Caribbean","Lower middle income",1988,-22.1711193433397,334.934074871553,4.3193
"NIC","Nicaragua","Latin America & Caribbean","Lower middle income",1989,-32.1560305964757,974.704042437122,4.5404
"NIC","Nicaragua","Latin America & Caribbean","Lower middle income",1990,-28.7085467987851,1087.40605787853,4.5967
"NIC","Nicaragua","Latin America & Caribbean","Lower middle income",1991,-32.6369327073552,747.461322169042,3.0965
"NIC","Nicaragua","Latin America & Caribbean","Lower middle income",1992,-34.0138331102187,636.281956542838,4.2484
"NIC","Nicaragua","Latin America & Caribbean","Lower middle income",1993,-25.5514768128751,663.683290034142,4.4108
"NIC","Nicaragua","Latin America & Caribbean","Lower middle income",1994,-12.6503904146452,321.135558825057,3.0851
"NIC","Nicaragua","Latin America & Caribbean","Lower middle income",1995,-11.7952670590537,255.801831850007,2.6576
"NIC","Nicaragua","Latin America & Caribbean","Lower middle income",1996,-15.0979310575668,143.310683628404,2.153
"NIC","Nicaragua","Latin America & Caribbean","Lower middle income",1997,-18.4708632494681,143.99628225548,7.0688
"NIC","Nicaragua","Latin America & Caribbean","Lower middle income",1998,-17.9649103020175,137.62558976905,1.7491
"NIC","Nicaragua","Latin America & Caribbean","Lower middle income",1999,-24.5401885496931,131.987291755684,1.3712
"NIC","Nicaragua","Latin America & Caribbean","Lower middle income",2000,-20.5554771790265,133.521962445753,2.0101
"NIC","Nicaragua","Latin America & Caribbean","Lower middle income",2001,-19.6272172791855,119.344356729494,0.9639
"NIC","Nicaragua","Latin America & Caribbean","Lower middle income",2002,-20.4547431003643,123.291486537921,1.9386
"NIC","Nicaragua","Latin America & Caribbean","Lower middle income",2003,-20.4839012569059,128.784372828576,1.1617
"NIC","Nicaragua","Latin America & Caribbean","Lower middle income",2004,-20.9151397711446,87.9822045737245,1.0348
"NIC","Nicaragua","Latin America & Caribbean","Lower middle income",2005,-22.8064553618226,79.2760177725802,1.31
"NIC","Nicaragua","Latin America & Caribbean","Lower middle income",2006,-24.7262124167047,61.9530817180286,2.9313
"NIC","Nicaragua","Latin America & Caribbean","Lower middle income",2007,-27.0240961289437,55.4167345920419,1.8279
"NIC","Nicaragua","Latin America & Caribbean","Lower middle income",2008,-27.8487586665564,55.5261898608799,2.658
"NIC","Nicaragua","Latin America & Caribbean","Lower middle income",2009,-18.9186201344836,71.3771274954646,3.9027
"NIC","Nicaragua","Latin America & Caribbean","Lower middle income",2010,-19.337560434264,80.1208601547547,1.9865
"NIC","Nicaragua","Latin America & Caribbean","Lower middle income",2011,-21.7385758927593,81.2142965567219,2.9467
"NIC","Nicaragua","Latin America & Caribbean","Lower middle income",2012,-20.2126520792927,86.9215225098281,2.8284
"NIC","Nicaragua","Latin America & Caribbean","Lower middle income",2013,-20.1693742152485,93.3756406935734,2.4126
"NIC","Nicaragua","Latin America & Caribbean","Lower middle income",2014,-16.4623548750998,92.2950107384453,1.1702
"NIC","Nicaragua","Latin America & Caribbean","Lower middle income",2015,-17.912161215076,90.2524249365209,2.1454
"NIC","Nicaragua","Latin America & Caribbean","Lower middle income",2016,-15.8436339294886,91.9659521082314,2.4325
"NIC","Nicaragua","Latin America & Caribbean","Lower middle income",2017,-13.3651117051373,92.4240648312702,2.4898
"NIC","Nicaragua","Latin America & Caribbean","Lower middle income",2018,-9.16068841176393,99.9353289130222,4.4299
"NIC","Nicaragua","Latin America & Caribbean","Lower middle income",2019,-4.23182140867253,107.74651227557,4.4083
"NIC","Nicaragua","Latin America & Caribbean","Lower middle income",2020,-4.7884627689584,108.752809610262,2.7066
"NIC","Nicaragua","Latin America & Caribbean","Lower middle income",2021,-12.1336934698955,104.332932650729,2.9801
"NIC","Nicaragua","Latin America & Caribbean","Lower middle income",2022,-14.9892159937736,96.7818043465927,4.4866
"NIC","Nicaragua","Latin America & Caribbean","Lower middle income",2023,-12.755925677878,86.2663475636868,7.2971
"NIC","Nicaragua","Latin America & Caribbean","Lower middle income",2024,-16.7675133042984,78.646856149068,5.0469
"NPL","Nepal","South Asia","Lower middle income",1976,-2.30288089657859,3.4126213315616,1.2495
"NPL","Nepal","South Asia","Lower middle income",1977,-4.21990740740741,7.27212094907407,0.8297
"NPL","Nepal","South Asia","Lower middle income",1978,-5.55490923209862,7.01798132535172,0.8799
"NPL","Nepal","South Asia","Lower middle income",1979,-5.608822842184,7.90530677872922,1.1872
"NPL","Nepal","South Asia","Lower middle income",1980,-8.14911601854809,10.5070912469313,0.8337
"NPL","Nepal","South Asia","Lower middle income",1981,-6.88276732001043,12.2354411135272,1.3588
"NPL","Nepal","South Asia","Lower middle income",1982,-10.1720225369527,14.7272164354212,2.0186
"NPL","Nepal","South Asia","Lower middle income",1983,-11.5952089291048,18.4872085506732,1.6779
"NPL","Nepal","South Asia","Lower middle income",1984,-8.25926073266356,18.2197175950811,1.8202
"NPL","Nepal","South Asia","Lower middle income",1985,-9.20234223846048,22.5117402828574,1.5986
"NPL","Nepal","South Asia","Lower middle income",1986,-8.10235233092822,26.0908804955545,1.2691
"NPL","Nepal","South Asia","Lower middle income",1987,-8.91816591111322,33.3363057894681,3.1499
"NPL","Nepal","South Asia","Lower middle income",1988,-11.4167942216713,33.4181602288112,1.0476
"NPL","Nepal","South Asia","Lower middle income",1989,-9.97324343785329,38.4584425473814,0.9641
"NPL","Nepal","South Asia","Lower middle income",1990,-11.349193150933,44.8424979630031,0.9257
"NPL","Nepal","South Asia","Lower middle income",1991,-10.874683832945,45.0121877295393,0.9741
"NPL","Nepal","South Asia","Lower middle income",1992,-9.61431537988631,52.8659350329831,0.8483
"NPL","Nepal","South Asia","Lower middle income",1993,-10.3866483635049,54.7286979938753,0.9698
"NPL","Nepal","South Asia","Lower middle income",1994,-12.4821698561774,57.0547317396323,0.7306
"NPL","Nepal","South Asia","Lower middle income",1995,-13.5240338552591,54.7533293876127,3.4513
"NPL","Nepal","South Asia","Lower middle income",1996,-13.0770066451924,53.0331836591098,2.8661
"NPL","Nepal","South Asia","Lower middle income",1997,-12.9496235850746,49.0650188028045,0.8359
"NPL","Nepal","South Asia","Lower middle income",1998,-7.99149442338614,54.9503087133441,3.2878
"NPL","Nepal","South Asia","Lower middle income",1999,-8.72581076840927,60.150951568598,0.7304
"NPL","Nepal","South Asia","Lower middle income",2000,-9.24562271737447,52.3182177233188,1.4048
"NPL","Nepal","South Asia","Lower middle income",2001,-9.43296684738072,45.6255642466494,1.2521
"NPL","Nepal","South Asia","Lower middle income",2002,-11.9805268171976,49.5397319392782,1.1857
"NPL","Nepal","South Asia","Lower middle income",2003,-13.5347974184687,50.7586749299336,1.0387
"NPL","Nepal","South Asia","Lower middle income",2004,-14.5599645095644,46.2801802468906,0.9629
"NPL","Nepal","South Asia","Lower middle income",2005,-17.5635859739303,39.2240476842007,1.0853
"NPL","Nepal","South Asia","Lower middle income",2006,-18.7908394396701,37.6253778186924,1.3377
"NPL","Nepal","South Asia","Lower middle income",2007,-21.48925016778,34.9925351230178,1.8848
"NPL","Nepal","South Asia","Lower middle income",2008,-21.2097242658247,29.4664679982573,0.6037
"NPL","Nepal","South Asia","Lower middle income",2009,-27.6873677365619,29.3818844420714,0.836
"NPL","Nepal","South Asia","Lower middle income",2010,-26.9162668064291,23.6678409438361,1.1815
"NPL","Nepal","South Asia","Lower middle income",2011,-21.251634338368,17.7355139248372,1.355
"NPL","Nepal","South Asia","Lower middle income",2012,-22.6544111637222,17.5547023785647,1.3434
"NPL","Nepal","South Asia","Lower middle income",2013,-24.0710178574119,18.1070395719093,0.9598
"NPL","Nepal","South Asia","Lower middle income",2014,-28.0083362953669,17.5129352352898,1.1308
"NPL","Nepal","South Asia","Lower middle income",2015,-22.4454994504234,17.0064865787112,0.8965
"NPL","Nepal","South Asia","Lower middle income",2016,-32.2070737261826,17.5231162496896,1.0224
"NPL","Nepal","South Asia","Lower middle income",2017,-32.4224370365143,17.1319665942963,1.0222
"NPL","Nepal","South Asia","Lower middle income",2018,-36.1223397008082,16.6435648824086,0.9698
"NPL","Nepal","South Asia","Lower middle income",2019,-32.4987531350292,19.0597125793749,1.1527
"NPL","Nepal","South Asia","Lower middle income",2020,-26.6889663826216,23.6462609185744,0.988
"NPL","Nepal","South Asia","Lower middle income",2021,-39.1973408177045,23.8887507559372,1.0441
"NPL","Nepal","South Asia","Lower middle income",2022,-30.8570634847557,22.299948283393,0.763
"NPL","Nepal","South Asia","Lower middle income",2023,-27.0001741327764,24.3190531007987,1.1136
"NPL","Nepal","South Asia","Lower middle income",2024,-25.3229562791465,23.4466801291839,1.1332
"PAK","Pakistan","Middle East, North Africa, Afghanistan & Pakistan","Lower middle income",1976,-9.06820166362889,51.6578821693259,4.2124
"PAK","Pakistan","Middle East, North Africa, Afghanistan & Pakistan","Lower middle income",1977,-10.2816097504567,50.0072325769293,4.0261
"PAK","Pakistan","Middle East, North Africa, Afghanistan & Pakistan","Lower middle income",1978,-11.5097347036167,46.7635055594439,2.5947
"PAK","Pakistan","Middle East, North Africa, Afghanistan & Pakistan","Lower middle income",1979,-13.1904027175895,45.3002679027013,3.2915
"PAK","Pakistan","Middle East, North Africa, Afghanistan & Pakistan","Lower middle income",1980,-13.1686542576909,41.9844933818874,4.4388
"PAK","Pakistan","Middle East, North Africa, Afghanistan & Pakistan","Lower middle income",1981,-11.4317837282034,37.6531654765021,7.5458
"PAK","Pakistan","Middle East, North Africa, Afghanistan & Pakistan","Lower middle income",1982,-11.6094302133669,38.0915349014389,7.2933
"PAK","Pakistan","Middle East, North Africa, Afghanistan & Pakistan","Lower middle income",1983,-10.2644807277245,41.9150616198932,5.3749
"PAK","Pakistan","Middle East, North Africa, Afghanistan & Pakistan","Lower middle income",1984,-13.0625205998148,39.2525472523526,4.694
"PAK","Pakistan","Middle East, North Africa, Afghanistan & Pakistan","Lower middle income",1985,-11.4979433955738,43.2329957565216,5.6665
"PAK","Pakistan","Middle East, North Africa, Afghanistan & Pakistan","Lower middle income",1986,-9.91987088840762,46.8803874985769,5.7204
"PAK","Pakistan","Middle East, North Africa, Afghanistan & Pakistan","Lower middle income",1987,-7.92450741568705,50.3655169835018,4.8625
"PAK","Pakistan","Middle East, North Africa, Afghanistan & Pakistan","Lower middle income",1988,-8.68530640673131,44.3565082877611,5.2775
"PAK","Pakistan","Middle East, North Africa, Afghanistan & Pakistan","Lower middle income",1989,-7.73513773383512,45.6750894054621,4.9586
"PAK","Pakistan","Middle East, North Africa, Afghanistan & Pakistan","Lower middle income",1990,-8.42440585614514,51.644980935861,5.3216
"PAK","Pakistan","Middle East, North Africa, Afghanistan & Pakistan","Lower middle income",1991,-6.6974242692651,51.2068926448855,5.6897
"PAK","Pakistan","Middle East, North Africa, Afghanistan & Pakistan","Lower middle income",1992,-8.03398538524979,50.9708262820648,4.4038
"PAK","Pakistan","Middle East, North Africa, Afghanistan & Pakistan","Lower middle income",1993,-7.04939754526895,47.3625144407625,3.6389
"PAK","Pakistan","Middle East, North Africa, Afghanistan & Pakistan","Lower middle income",1994,-5.76611886326356,52.3619297081023,4.3027
"PAK","Pakistan","Middle East, North Africa, Afghanistan & Pakistan","Lower middle income",1995,-6.55004980469529,49.8580964284031,5.1568
"PAK","Pakistan","Middle East, North Africa, Afghanistan & Pakistan","Lower middle income",1996,-8.05279636340761,47.1284859800913,4.819
"PAK","Pakistan","Middle East, North Africa, Afghanistan & Pakistan","Lower middle income",1997,-5.49795281741878,48.1914548190967,5.2736
"PAK","Pakistan","Middle East, North Africa, Afghanistan & Pakistan","Lower middle income",1998,-4.56811489974814,51.9401642820625,4.8612
"PAK","Pakistan","Middle East, North Africa, Afghanistan & Pakistan","Lower middle income",1999,-4.16045661162158,54.2804709606905,4.7905
"PAK","Pakistan","Middle East, North Africa, Afghanistan & Pakistan","Lower middle income",2000,-2.03950749479637,33.2724209971964,6.0461
"PAK","Pakistan","Middle East, North Africa, Afghanistan & Pakistan","Lower middle income",2001,-1.52451548837107,33.3099177869705,2.807
"PAK","Pakistan","Middle East, North Africa, Afghanistan & Pakistan","Lower middle income",2002,-0.416652613111235,35.0291933802334,1.6824
"PAK","Pakistan","Middle East, North Africa, Afghanistan & Pakistan","Lower middle income",2003,-0.38710740568439,32.9149057939939,1.9709
"PAK","Pakistan","Middle East, North Africa, Afghanistan & Pakistan","Lower middle income",2004,-4.52289270108022,27.8937382435792,2.0527
"PAK","Pakistan","Middle East, North Africa, Afghanistan & Pakistan","Lower middle income",2005,-7.00385693008189,23.7736556564003,2.3073
"PAK","Pakistan","Middle East, North Africa, Afghanistan & Pakistan","Lower middle income",2006,-8.99355988982254,23.2649095309191,4.8042
"PAK","Pakistan","Middle East, North Africa, Afghanistan & Pakistan","Lower middle income",2007,-8.49349739697425,23.098037049291,3.7483
"PAK","Pakistan","Middle East, North Africa, Afghanistan & Pakistan","Lower middle income",2008,-11.105877194303,24.7830296896392,2.2268
"PAK","Pakistan","Middle East, North Africa, Afghanistan & Pakistan","Lower middle income",2009,-6.85309163784948,30.3870143911896,1.7134
"PAK","Pakistan","Middle East, North Africa, Afghanistan & Pakistan","Lower middle income",2010,-6.08002795569665,32.2342533300099,2.3583
"PAK","Pakistan","Middle East, North Africa, Afghanistan & Pakistan","Lower middle income",2011,-6.81652849344816,28.1937125408344,1.4021
"PAK","Pakistan","Middle East, North Africa, Afghanistan & Pakistan","Lower middle income",2012,-7.00820143996394,25.5397430508029,2.0543
"PAK","Pakistan","Middle East, North Africa, Afghanistan & Pakistan","Lower middle income",2013,-7.39356865313569,23.2815734242713,2.1007
"PAK","Pakistan","Middle East, North Africa, Afghanistan & Pakistan","Lower middle income",2014,-7.57101000349356,23.6860347730779,4.0815
"PAK","Pakistan","Middle East, North Africa, Afghanistan & Pakistan","Lower middle income",2015,-6.67347659237978,22.8939022186558,2.3563
"PAK","Pakistan","Middle East, North Africa, Afghanistan & Pakistan","Lower middle income",2016,-7.98294104186062,23.955836478702,2.8054
"PAK","Pakistan","Middle East, North Africa, Afghanistan & Pakistan","Lower middle income",2017,-10.3201797736982,27.440676278975,4.4024
"PAK","Pakistan","Middle East, North Africa, Afghanistan & Pakistan","Lower middle income",2018,-10.5714713184128,28.1136101909225,3.4633
"PAK","Pakistan","Middle East, North Africa, Afghanistan & Pakistan","Lower middle income",2019,-8.50891928002187,34.3079349682765,3.5894
"PAK","Pakistan","Middle East, North Africa, Afghanistan & Pakistan","Lower middle income",2020,-8.24326328737564,39.260468812616,2.2407
"PAK","Pakistan","Middle East, North Africa, Afghanistan & Pakistan","Lower middle income",2021,-11.7360551640327,37.5168454546719,3.3635
"PAK","Pakistan","Middle East, North Africa, Afghanistan & Pakistan","Lower middle income",2022,-10.0368314237329,34.037019315818,3.0825
"PAK","Pakistan","Middle East, North Africa, Afghanistan & Pakistan","Lower middle income",2023,-6.49094197824825,38.9148545764633,3.9796
"PAK","Pakistan","Middle East, North Africa, Afghanistan & Pakistan","Lower middle income",2024,-7.17956315925099,34.8940228506859,3.2422
"PER","Peru","Latin America & Caribbean","Upper middle income",1977,-3.8219545437631,64.0991784400733,5.6496
"PER","Peru","Latin America & Caribbean","Upper middle income",1978,2.63851466662498,78.9706940108179,7.6329
"PER","Peru","Latin America & Caribbean","Upper middle income",1979,9.8620958583271,59.0232109302037,9.3626
"PER","Peru","Latin America & Caribbean","Upper middle income",1980,3.64396473302287,52.5675206495824,9.3007
"PER","Peru","Latin America & Caribbean","Upper middle income",1981,-4.0188071132185,40.3857356639338,12.1061
"PER","Peru","Latin America & Caribbean","Upper middle income",1982,-3.40452310109189,49.8801212704777,11.6103
"PER","Peru","Latin America & Caribbean","Upper middle income",1983,0.224845281827934,66.3593878057345,10.1942
"PER","Peru","Latin America & Caribbean","Upper middle income",1984,4.46637566661246,70.0304122345399,9.7083
"PER","Peru","Latin America & Caribbean","Upper middle income",1985,6.49921812482618,86.5455971461474,8.5262
"PER","Peru","Latin America & Caribbean","Upper middle income",1986,-1.85196803294614,68.830669901264,7.8148
"PER","Peru","Latin America & Caribbean","Upper middle income",1987,-2.36117356426125,47.8077141971562,6.3452
"PER","Peru","Latin America & Caribbean","Upper middle income",1988,-3.02122974202807,119.049061754911,6.7182
"PER","Peru","Latin America & Caribbean","Upper middle income",1989,4.17319299354076,83.4275421795573,5.3728
"PER","Peru","Latin America & Caribbean","Upper middle income",1990,0.124950838647231,76.8549709733091,6.7134
"PER","Peru","Latin America & Caribbean","Upper middle income",1991,-1.75007089106649,60.5803769192331,5.6039
"PER","Peru","Latin America & Caribbean","Upper middle income",1992,-2.54126763516937,56.7783302584523,7.1857
"PER","Peru","Latin America & Caribbean","Upper middle income",1993,-3.80591718622654,67.8977902065536,6.545
"PER","Peru","Latin America & Caribbean","Upper middle income",1994,-3.44314251399201,59.2586616238309,6.9007
"PER","Peru","Latin America & Caribbean","Upper middle income",1995,-5.57974912563538,57.9817066911937,6.0701
"PER","Peru","Latin America & Caribbean","Upper middle income",1996,-4.80959205433902,52.5460988997357,4.4351
"PER","Peru","Latin America & Caribbean","Upper middle income",1997,-4.2948542436762,51.1182629584724,5.6703
"PER","Peru","Latin America & Caribbean","Upper middle income",1998,-5.61976426860599,55.1007107910442,6.6628
"PER","Peru","Latin America & Caribbean","Upper middle income",1999,-2.41220782913258,58.5038328454545,3.7691
"PER","Peru","Latin America & Caribbean","Upper middle income",2000,-2.19831262368352,55.7244245891845,5.7792
"PER","Peru","Latin America & Caribbean","Upper middle income",2001,-2.19390340813415,53.281817592885,6.4665
"PER","Peru","Latin America & Caribbean","Upper middle income",2002,-1.22801621449928,51.9288879569414,7.9075
"PER","Peru","Latin America & Caribbean","Upper middle income",2003,-0.0239471653231542,51.4580605909509,6.0671
"PER","Peru","Latin America & Caribbean","Upper middle income",2004,3.40363155166668,47.5410643412536,5.8059
"PER","Peru","Latin America & Caribbean","Upper middle income",2005,5.8529759173179,38.8028312744223,7.0232
"PER","Peru","Latin America & Caribbean","Upper middle income",2006,9.30569178666394,33.049332032853,5.1508
"PER","Peru","Latin America & Caribbean","Upper middle income",2007,7.15615409780212,31.5539814773036,6.916
"PER","Peru","Latin America & Caribbean","Upper middle income",2008,0.426116067242983,28.8008427849837,3.3158
"PER","Peru","Latin America & Caribbean","Upper middle income",2009,3.95192548011977,30.9459782291121,4.2566
"PER","Peru","Latin America & Caribbean","Upper middle income",2010,3.14163543176921,28.5735581456664,4.8713
"PER","Peru","Latin America & Caribbean","Upper middle income",2011,4.06379656685913,26.2061318277725,1.7671
"PER","Peru","Latin America & Caribbean","Upper middle income",2012,1.72313812871807,31.9900707455505,3.5521
"PER","Peru","Latin America & Caribbean","Upper middle income",2013,-1.03380097144827,31.588233556008,1.0488
"PER","Peru","Latin America & Caribbean","Upper middle income",2014,-2.08416286594959,33.8207399909826,3.2106
"PER","Peru","Latin America & Caribbean","Upper middle income",2015,-2.98578706794938,35.7370015603593,2.9939
"PER","Peru","Latin America & Caribbean","Upper middle income",2016,-0.392255957297147,36.613294663281,2.1311
"PER","Peru","Latin America & Caribbean","Upper middle income",2017,1.81241379973157,32.3483258200442,4.245
"PER","Peru","Latin America & Caribbean","Upper middle income",2018,1.62418571732966,30.8798682812603,3.1947
"PER","Peru","Latin America & Caribbean","Upper middle income",2019,1.21240624517438,28.4374984259469,2.6595
"PER","Peru","Latin America & Caribbean","Upper middle income",2020,1.44213506409232,37.1626107677197,2.6272
"PER","Peru","Latin America & Caribbean","Upper middle income",2021,3.05743083101441,39.2996323584122,2.7526
"PER","Peru","Latin America & Caribbean","Upper middle income",2022,0.494378242565521,37.2463610713697,2.1448
"PER","Peru","Latin America & Caribbean","Upper middle income",2023,3.37578438702214,35.0682603572468,6.2478
"PER","Peru","Latin America & Caribbean","Upper middle income",2024,5.56039267320562,31.9685540855452,6.1441
"PHL","Philippines","East Asia & Pacific","Lower middle income",1977,-3.98059340831578,36.7247999965828,7.5395
"PHL","Philippines","East Asia & Pacific","Lower middle income",1978,-5.02285816527258,41.813798894235,7.566
"PHL","Philippines","East Asia & Pacific","Lower middle income",1979,-5.26934584964755,42.5442939832961,8.7649
"PHL","Philippines","East Asia & Pacific","Lower middle income",1980,-5.24043573748857,47.2675969818605,9.9302
"PHL","Philippines","East Asia & Pacific","Lower middle income",1981,-5.09884237185159,51.3240363242746,9.5892
"PHL","Philippines","East Asia & Pacific","Lower middle income",1982,-6.3142664267056,57.8416153721183,10.8129
"PHL","Philippines","East Asia & Pacific","Lower middle income",1983,-6.37460878844115,64.1197821415276,8.5043
"PHL","Philippines","East Asia & Pacific","Lower middle income",1984,-0.646512174242016,68.1684160136232,7.513
"PHL","Philippines","East Asia & Pacific","Lower middle income",1985,2.53421719881955,76.1904304384425,8.4849
"PHL","Philippines","East Asia & Pacific","Lower middle income",1986,5.33730230983084,82.984625970126,5.3071
"PHL","Philippines","East Asia & Pacific","Lower middle income",1987,0.457775033761248,78.8134151630761,5.3922
"PHL","Philippines","East Asia & Pacific","Lower middle income",1988,0.0463476553362699,67.0468709218255,5.1156
"PHL","Philippines","East Asia & Pacific","Lower middle income",1989,-1.93141025349821,59.0612580243171,5.478
"PHL","Philippines","East Asia & Pacific","Lower middle income",1990,-5.02293815271044,60.5442252349716,6.1966
"PHL","Philippines","East Asia & Pacific","Lower middle income",1991,-2.62821757799662,62.7476589451027,5.0239
"PHL","Philippines","East Asia & Pacific","Lower middle income",1992,-3.74199416966792,54.9780847183742,5.7887
"PHL","Philippines","East Asia & Pacific","Lower middle income",1993,-7.47785226506445,58.2598377630885,5.5379
"PHL","Philippines","East Asia & Pacific","Lower middle income",1994,-7.84042097954366,55.0160758705538,4.3277
"PHL","Philippines","East Asia & Pacific","Lower middle income",1995,-7.70518249485795,46.5135276002454,4.7859
"PHL","Philippines","East Asia & Pacific","Lower middle income",1996,-8.26641135655137,46.4808701972046,6.1682
"PHL","Philippines","East Asia & Pacific","Lower middle income",1997,-10.7452934740608,53.8734985286579,4.68
"PHL","Philippines","East Asia & Pacific","Lower middle income",1998,-3.56814845182115,71.9395449853059,5.7188
"PHL","Philippines","East Asia & Pacific","Lower middle income",1999,-8.87083702343028,68.2696625825199,6.0733
"PHL","Philippines","East Asia & Pacific","Lower middle income",2000,-9.37136348986248,69.8477048072945,6.8047
"PHL","Philippines","East Asia & Pacific","Lower middle income",2001,-10.8373875026,73.9825894342879,5.226
"PHL","Philippines","East Asia & Pacific","Lower middle income",2002,-8.93397831553953,71.2264470705781,6.3131
"PHL","Philippines","East Asia & Pacific","Lower middle income",2003,-8.97757517109441,72.0781218022074,5.6202
"PHL","Philippines","East Asia & Pacific","Lower middle income",2004,-7.85351889929955,64.3392922056962,6.7044
"PHL","Philippines","East Asia & Pacific","Lower middle income",2005,-9.30746526987319,54.6164829506796,6.8731
"PHL","Philippines","East Asia & Pacific","Lower middle income",2006,-5.4698336682576,45.1107308600677,7.3611
"PHL","Philippines","East Asia & Pacific","Lower middle income",2007,-5.13406548644826,37.9303872641336,5.1932
"PHL","Philippines","East Asia & Pacific","Lower middle income",2008,-9.18106710031049,32.074724243121,3.1887
"PHL","Philippines","East Asia & Pacific","Lower middle income",2009,-5.09290146168273,31.8056873246811,5.5976
"PHL","Philippines","East Asia & Pacific","Lower middle income",2010,-5.32426596101194,31.3597504257037,3.8129
"PHL","Philippines","East Asia & Pacific","Lower middle income",2011,-5.92017908543465,28.0798907545151,4.0698
"PHL","Philippines","East Asia & Pacific","Lower middle income",2012,-4.86690356596055,25.9871317999879,2.7008
"PHL","Philippines","East Asia & Pacific","Lower middle income",2013,-3.75029905957133,27.0254819088298,0.5028
"PHL","Philippines","East Asia & Pacific","Lower middle income",2014,-4.28727132376942,26.4543898849039,1.9568
"PHL","Philippines","East Asia & Pacific","Lower middle income",2015,-5.82627690739688,26.0073399145517,2.7432
"PHL","Philippines","East Asia & Pacific","Lower middle income",2016,-8.94640711271919,23.6253911975085,2.475
"PHL","Philippines","East Asia & Pacific","Lower middle income",2017,-9.59619533444974,22.405683492056,3.0429
"PHL","Philippines","East Asia & Pacific","Lower middle income",2018,-11.3493729312261,22.8403146439829,1.8021
"PHL","Philippines","East Asia & Pacific","Lower middle income",2019,-9.62577712156712,22.3893664911923,2.2806
"PHL","Philippines","East Asia & Pacific","Lower middle income",2020,-5.50348084437915,27.2298348600751,1.444
"PHL","Philippines","East Asia & Pacific","Lower middle income",2021,-9.83715991554496,27.0597888012955,1.4593
"PHL","Philippines","East Asia & Pacific","Lower middle income",2022,-13.3066614582376,27.3957190397138,2.3705
"PHL","Philippines","East Asia & Pacific","Lower middle income",2023,-10.9489239877246,28.4797752055221,4.6643
"PHL","Philippines","East Asia & Pacific","Lower middle income",2024,-11.9113610431049,29.6787525447869,4.1712
"PNG","Papua New Guinea","East Asia & Pacific","Lower middle income",1976,0.626159092900202,34.4448370158456,6.3227
"PNG","Papua New Guinea","East Asia & Pacific","Lower middle income",1977,-1.36638381807425,41.1893547915263,5.7063
"PNG","Papua New Guinea","East Asia & Pacific","Lower middle income",1978,-8.02977892318481,29.9442384264322,2.8074
"PNG","Papua New Guinea","East Asia & Pacific","Lower middle income",1979,1.3497883148081,26.5345108389293,9.3077
"PNG","Papua New Guinea","East Asia & Pacific","Lower middle income",1980,-11.5208506670614,28.2425716726599,11.2233
"PNG","Papua New Guinea","East Asia & Pacific","Lower middle income",1981,-20.5609932935132,47.4152674498176,12.6372
"PNG","Papua New Guinea","East Asia & Pacific","Lower middle income",1982,-21.1581535957165,68.7120549498908,12.9569
"PNG","Papua New Guinea","East Asia & Pacific","Lower middle income",1983,-16.0850614590747,72.8884731893397,7.2134
"PNG","Papua New Guinea","East Asia & Pacific","Lower middle income",1984,-13.2875977611499,79.4964601407064,6.3619
"PNG","Papua New Guinea","East Asia & Pacific","Lower middle income",1985,-7.13823626648496,87.1604219062932,8.4539
"PNG","Papua New Guinea","East Asia & Pacific","Lower middle income",1986,-4.84668098509187,74.9290002591541,6.2711
"PNG","Papua New Guinea","East Asia & Pacific","Lower middle income",1987,-5.28002644097037,72.3893940255141,4.0381
"PNG","Papua New Guinea","East Asia & Pacific","Lower middle income",1988,-6.07054888918191,61.5352866383352,5.5312
"PNG","Papua New Guinea","East Asia & Pacific","Lower middle income",1989,-7.43520043433734,65.3109265388319,6.3556
"PNG","Papua New Guinea","East Asia & Pacific","Lower middle income",1990,-3.97509140808324,80.5626650839474,5.9814
"PNG","Papua New Guinea","East Asia & Pacific","Lower middle income",1991,-5.23623495553313,73.2462630033504,5.3354
"PNG","Papua New Guinea","East Asia & Pacific","Lower middle income",1992,6.12629729160125,86.5455292091182,2.8304
"PNG","Papua New Guinea","East Asia & Pacific","Lower middle income",1993,19.5357263127582,65.7046499555826,4.8163
"PNG","Papua New Guinea","East Asia & Pacific","Lower middle income",1994,17.3277515604624,50.7442059141638,7.4084
"PNG","Papua New Guinea","East Asia & Pacific","Lower middle income",1995,23.4511463301005,54.0453395377607,5.2444
"PNG","Papua New Guinea","East Asia & Pacific","Lower middle income",1996,12.9997976775689,48.6365094299881,1.7923
"PNG","Papua New Guinea","East Asia & Pacific","Lower middle income",1997,3.04124524027275,52.4551425595748,5.6354
"PNG","Papua New Guinea","East Asia & Pacific","Lower middle income",1998,5.78475440122404,71.5707963370545,6.26
"PNG","Papua New Guinea","East Asia & Pacific","Lower middle income",1999,10.803130880873,76.4220535808285,5.6563
"PNG","Papua New Guinea","East Asia & Pacific","Lower middle income",2000,16.064983190946,66.0282672703055,6.4768
"PNG","Papua New Guinea","East Asia & Pacific","Lower middle income",2001,16.3468849750512,66.4521139314812,3.8303
"PNG","Papua New Guinea","East Asia & Pacific","Lower middle income",2002,-0.367320115717568,61.9005463262992,1.9418
"PNG","Papua New Guinea","East Asia & Pacific","Lower middle income",2003,10.8006514944846,52.6905280006818,NA
"PNG","Papua New Guinea","East Asia & Pacific","Lower middle income",2004,9.32837738660819,45.0643715010077,1.6607
"PNG","Papua New Guinea","East Asia & Pacific","Lower middle income",2005,19.108223135548,38.4494007628144,NA
"PNG","Papua New Guinea","East Asia & Pacific","Lower middle income",2006,12.5568306323496,21.0004729679634,4.4028
"PNG","Papua New Guinea","East Asia & Pacific","Lower middle income",2007,6.86096113296219,16.0384651720396,0.75
"PNG","Papua New Guinea","East Asia & Pacific","Lower middle income",2008,10.9500269337248,12.3073740454086,2.128
"PNG","Papua New Guinea","East Asia & Pacific","Lower middle income",2009,-1.15379999610905,15.2243143250625,1.7292
"PNG","Papua New Guinea","East Asia & Pacific","Lower middle income",2010,-1.6277541357876,42.0117844160618,0.7673
"PNG","Papua New Guinea","East Asia & Pacific","Lower middle income",2011,0.605504585562622,69.9693796156679,1.4172
"PNG","Papua New Guinea","East Asia & Pacific","Lower middle income",2012,-7.92403790393939,70.0745348122941,1.2044
"PNG","Papua New Guinea","East Asia & Pacific","Lower middle income",2013,-13.9017184044075,101.638421616075,1.1828
"PNG","Papua New Guinea","East Asia & Pacific","Lower middle income",2014,13.3745399490148,88.0135354279998,1.5957
"PNG","Papua New Guinea","East Asia & Pacific","Lower middle income",2015,17.3917387658675,93.8464817994648,0.9182
"PNG","Papua New Guinea","East Asia & Pacific","Lower middle income",2016,17.1121172007255,92.7183263970733,4.4874
"PNG","Papua New Guinea","East Asia & Pacific","Lower middle income",2017,19.8247195796122,75.7330353689279,1.8675
"PNG","Papua New Guinea","East Asia & Pacific","Lower middle income",2018,17.0774755402239,73.5120969673496,5.6546
"PNG","Papua New Guinea","East Asia & Pacific","Lower middle income",2019,19.8264904109151,75.7341513154955,3.0096
"PNG","Papua New Guinea","East Asia & Pacific","Lower middle income",2020,16.3227909724808,75.6731583669776,2.7964
"PNG","Papua New Guinea","East Asia & Pacific","Lower middle income",2021,17.6230757000477,75.4852614110356,2.3038
"PNG","Papua New Guinea","East Asia & Pacific","Lower middle income",2022,19.8826239218017,61.9418583014673,3.2097
"PNG","Papua New Guinea","East Asia & Pacific","Lower middle income",2023,16.1980946935879,50.2448866247615,6.829
"PNG","Papua New Guinea","East Asia & Pacific","Lower middle income",2024,20.7416304098492,41.7289076426581,4.4395
"PRY","Paraguay","Latin America & Caribbean","Upper middle income",1975,-3.98962397408095,20.5559591831506,2.4449
"PRY","Paraguay","Latin America & Caribbean","Upper middle income",1976,-3.07246728858452,22.0743891982491,6.4204
"PRY","Paraguay","Latin America & Caribbean","Upper middle income",1977,-2.01227561719497,26.5314722730376,6.1632
"PRY","Paraguay","Latin America & Caribbean","Upper middle income",1978,-3.64473463920978,28.2636911836598,7.782
"PRY","Paraguay","Latin America & Caribbean","Upper middle income",1979,-6.37150011381743,26.6951068235179,6.6488
"PRY","Paraguay","Latin America & Caribbean","Upper middle income",1980,-6.20716234372184,23.7434022826647,6.9093
"PRY","Paraguay","Latin America & Caribbean","Upper middle income",1981,-7.49575624850958,22.2067638068603,9.0528
"PRY","Paraguay","Latin America & Caribbean","Upper middle income",1982,-8.21122327146424,25.7687439086074,8.9673
"PRY","Paraguay","Latin America & Caribbean","Upper middle income",1983,-4.31498796925666,26.6286285551484,7.607
"PRY","Paraguay","Latin America & Caribbean","Upper middle income",1984,-6.41648831705766,34.7291672464315,8.9197
"PRY","Paraguay","Latin America & Caribbean","Upper middle income",1985,-6.74191690732041,58.1193431695995,8.6012
"PRY","Paraguay","Latin America & Caribbean","Upper middle income",1986,-8.84802728097517,58.3619224195405,7.8418
"PRY","Paraguay","Latin America & Caribbean","Upper middle income",1987,-10.2114186115668,65.7280816520433,5.9098
"PRY","Paraguay","Latin America & Caribbean","Upper middle income",1988,-3.85367001348025,57.1803594345985,5.7013
"PRY","Paraguay","Latin America & Caribbean","Upper middle income",1989,5.37020557823817,51.6969854822761,5.2052
"PRY","Paraguay","Latin America & Caribbean","Upper middle income",1990,5.9427597070302,37.4433781093538,3.5339
"PRY","Paraguay","Latin America & Caribbean","Upper middle income",1991,0.710157335406105,30.4849914477414,NA
"PRY","Paraguay","Latin America & Caribbean","Upper middle income",1992,-1.26861283620983,23.6249814187615,7.3385
"PRY","Paraguay","Latin America & Caribbean","Upper middle income",1993,-1.0317905111921,22.7594061620522,4.8377
"PRY","Paraguay","Latin America & Caribbean","Upper middle income",1994,-5.21662989127131,27.3578407482254,5.0815
"PRY","Paraguay","Latin America & Caribbean","Upper middle income",1995,5.33369849870054,28.8848740554529,5.5645
"PRY","Paraguay","Latin America & Caribbean","Upper middle income",1996,2.31549151474679,26.603801649841,7.032
"PRY","Paraguay","Latin America & Caribbean","Upper middle income",1997,0.959803125268682,25.0538612356676,6.8353
"PRY","Paraguay","Latin America & Caribbean","Upper middle income",1998,7.59070806827462,30.5171408797488,6.9841
"PRY","Paraguay","Latin America & Caribbean","Upper middle income",1999,7.90671730097538,38.8515051176165,6.7083
"PRY","Paraguay","Latin America & Caribbean","Upper middle income",2000,7.7879906607105,35.0738373144934,6.3731
"PRY","Paraguay","Latin America & Caribbean","Upper middle income",2001,8.53209448888392,33.7494167974197,5.7614
"PRY","Paraguay","Latin America & Caribbean","Upper middle income",2002,15.3131597635616,46.8722895173527,2.8453
"PRY","Paraguay","Latin America & Caribbean","Upper middle income",2003,13.0074113718853,88.3956451577134,2.7135
"PRY","Paraguay","Latin America & Caribbean","Upper middle income",2004,11.2016095984964,76.6475036812762,NA
"PRY","Paraguay","Latin America & Caribbean","Upper middle income",2005,10.0850941382159,77.3198222393658,4.4643
"PRY","Paraguay","Latin America & Caribbean","Upper middle income",2006,7.90699431952552,71.2262908611978,3.8851
"PRY","Paraguay","Latin America & Caribbean","Upper middle income",2007,7.84086889083369,60.0013437850329,5.2991
"PRY","Paraguay","Latin America & Caribbean","Upper middle income",2008,3.85228987343254,50.9545769793728,3.5979
"PRY","Paraguay","Latin America & Caribbean","Upper middle income",2009,5.10027401754062,62.8556536248743,2.7817
"PRY","Paraguay","Latin America & Caribbean","Upper middle income",2010,2.43521777934566,59.14499095748,1.869
"PRY","Paraguay","Latin America & Caribbean","Upper middle income",2011,1.79265874076295,47.549909054824,1.1266
"PRY","Paraguay","Latin America & Caribbean","Upper middle income",2012,1.0137807750105,49.9178904781435,1.1221
"PRY","Paraguay","Latin America & Caribbean","Upper middle income",2013,3.55803011842345,42.8692821533162,3.1687
"PRY","Paraguay","Latin America & Caribbean","Upper middle income",2014,1.96732014311124,42.8087215744509,3.7777
"PRY","Paraguay","Latin America & Caribbean","Upper middle income",2015,2.56551089177796,47.8172067810188,1.9174
"PRY","Paraguay","Latin America & Caribbean","Upper middle income",2016,6.58332239955067,47.7961726543593,3.1704
"PRY","Paraguay","Latin America & Caribbean","Upper middle income",2017,5.31708549390629,43.7623480989097,2.7719
"PRY","Paraguay","Latin America & Caribbean","Upper middle income",2018,1.66468531776866,42.7615767865166,4.8493
"PRY","Paraguay","Latin America & Caribbean","Upper middle income",2019,0.979925518826398,47.1292185215975,4.3361
"PRY","Paraguay","Latin America & Caribbean","Upper middle income",2020,3.8564609486232,59.6105812602225,3.6699
"PRY","Paraguay","Latin America & Caribbean","Upper middle income",2021,1.29669565345695,56.7346227599193,4.3685
"PRY","Paraguay","Latin America & Caribbean","Upper middle income",2022,-5.06027551708638,60.322778780757,3.2909
"PRY","Paraguay","Latin America & Caribbean","Upper middle income",2023,1.98468179217792,61.671488355176,7.6445
"PRY","Paraguay","Latin America & Caribbean","Upper middle income",2024,-1.70436414194774,66.974179585819,6.8201
"RUS","Russian Federation","Europe & Central Asia","High income",1994,2.78782910716332,30.9725630180774,NA
"RUS","Russian Federation","Europe & Central Asia","High income",1995,2.69329417920801,30.862996486614,NA
"RUS","Russian Federation","Europe & Central Asia","High income",1996,3.94785482500443,32.427223497307,NA
"RUS","Russian Federation","Europe & Central Asia","High income",1997,2.02811133039119,31.6460126848027,NA
"RUS","Russian Federation","Europe & Central Asia","High income",1998,4.5016730021756,64.8517104649771,NA
"RUS","Russian Federation","Europe & Central Asia","High income",1999,15.2981263378603,91.9022510053763,87.37583
"RUS","Russian Federation","Europe & Central Asia","High income",2000,20.0413890500009,56.4726146961874,35.16333
"RUS","Russian Federation","Europe & Central Asia","High income",2001,12.1200942722907,46.037409421286,19.38333
"RUS","Russian Federation","Europe & Central Asia","High income",2002,10.0754335210747,40.074872011571,15.82417
"RUS","Russian Federation","Europe & Central Asia","High income",2003,10.848002755528,43.1988302144421,9.115
"RUS","Russian Federation","Europe & Central Asia","High income",2004,12.2386340579259,36.2438046888077,8.289166
"RUS","Russian Federation","Europe & Central Asia","High income",2005,13.6855240766226,32.699844538941,8.1075
"RUS","Russian Federation","Europe & Central Asia","High income",2006,12.4998021158093,31.4442558971145,6.976666
"RUS","Russian Federation","Europe & Central Asia","High income",2007,8.21180459751358,32.0325609013193,6.7175
"RUS","Russian Federation","Europe & Central Asia","High income",2008,9.46539746451083,25.2468226607081,7.523334
"RUS","Russian Federation","Europe & Central Asia","High income",2009,7.82158350145724,33.2444765635973,9.874166
"RUS","Russian Federation","Europe & Central Asia","High income",2010,7.92664666819186,27.4038835348086,7.831666
"RUS","Russian Federation","Europe & Central Asia","High income",2011,7.98652147196735,26.6068452327288,8.060833
"RUS","Russian Federation","Europe & Central Asia","High income",2012,6.56960845378564,26.8006199640605,8.154166
"RUS","Russian Federation","Europe & Central Asia","High income",2013,5.33515840207746,29.1612584437509,7.330833
"RUS","Russian Federation","Europe & Central Asia","High income",2014,6.49039775885715,26.9232977947705,8.464167
"RUS","Russian Federation","Europe & Central Asia","High income",2015,8.15895517026044,36.0980982482564,10.88667
"RUS","Russian Federation","Europe & Central Asia","High income",2016,5.18928244762917,41.9197129322324,10.43833
"RUS","Russian Federation","Europe & Central Asia","High income",2017,5.28743386068294,32.9820066306752,8.9925
"RUS","Russian Federation","Europe & Central Asia","High income",2018,9.95433450753707,28.8286426235364,NA
"RUS","Russian Federation","Europe & Central Asia","High income",2019,7.63846695547118,28.6922804838786,NA
"RUS","Russian Federation","Europe & Central Asia","High income",2020,5.13390915287311,30.8714340694461,NA
"RUS","Russian Federation","Europe & Central Asia","High income",2021,9.44649489037063,25.8124590923488,NA
"RUS","Russian Federation","Europe & Central Asia","High income",2022,12.8023845953969,16.4064473334006,NA
"RWA","Rwanda","Sub-Saharan Africa","Low income",2010,-15.5495755810503,20.3776903049315,1.1823
"RWA","Rwanda","Sub-Saharan Africa","Low income",2011,-18.00354525095,21.4725380125771,0.7772
"RWA","Rwanda","Sub-Saharan Africa","Low income",2012,-16.592159500926,24.012131046791,1.1749
"RWA","Rwanda","Sub-Saharan Africa","Low income",2013,-14.967679456629,30.0036859887426,4.0419
"RWA","Rwanda","Sub-Saharan Africa","Low income",2014,-16.300681918551,35.7917044503936,0.6805
"RWA","Rwanda","Sub-Saharan Africa","Low income",2015,-17.6358652872323,40.8658163449438,0.8573
"RWA","Rwanda","Sub-Saharan Africa","Low income",2016,-17.9089553476224,50.2362585894657,0.8283
"RWA","Rwanda","Sub-Saharan Africa","Low income",2017,-12.7307432767121,55.3895261503334,0.9475
"RWA","Rwanda","Sub-Saharan Africa","Low income",2018,-13.4518067027765,58.8703248135701,0.9615
"RWA","Rwanda","Sub-Saharan Africa","Low income",2019,-14.0930180833452,61.9333737763035,1.0851
"RWA","Rwanda","Sub-Saharan Africa","Low income",2020,-15.7202193469725,78.1303364377284,1.563
"RWA","Rwanda","Sub-Saharan Africa","Low income",2021,-15.8459525300107,82.8024763381572,2.709
"RWA","Rwanda","Sub-Saharan Africa","Low income",2022,-14.3939229902812,70.4864955300014,2.0681
"RWA","Rwanda","Sub-Saharan Africa","Low income",2023,-15.3163818306033,76.8850348951152,1.2794
"RWA","Rwanda","Sub-Saharan Africa","Low income",2024,-14.9180887686007,86.3632146217234,1.9718
"SDN","Sudan","Sub-Saharan Africa","Low income",1977,-0.857777759474773,34.9494654763043,4.7547
"SDN","Sudan","Sub-Saharan Africa","Low income",1978,-1.58042249918956,38.8625010933745,4.4372
"SDN","Sudan","Sub-Saharan Africa","Low income",1979,-3.42404416573502,48.4412285145918,4.7119
"SDN","Sudan","Sub-Saharan Africa","Low income",1980,-5.56982954263053,57.8304546046605,5.6824
"SDN","Sudan","Sub-Saharan Africa","Low income",1981,-8.1963734001478,57.5977156330655,6.023
"SDN","Sudan","Sub-Saharan Africa","Low income",1982,-2.36311137342955,82.0994910401299,7.361
"SDN","Sudan","Sub-Saharan Africa","Low income",1983,-3.20023927022582,91.2036710724166,2.7165
"SDN","Sudan","Sub-Saharan Africa","Low income",1984,-1.02415715032505,81.170795094427,2.1385
"SDN","Sudan","Sub-Saharan Africa","Low income",1985,-1.32497418639512,110.89696824636,2.5103
"SDN","Sudan","Sub-Saharan Africa","Low income",1986,-2.71932779770516,95.4324142129566,1.813
"SDN","Sudan","Sub-Saharan Africa","Low income",1987,-3.91664829106948,93.0151963776188,2.307
"SDN","Sudan","Sub-Saharan Africa","Low income",1988,-4.20554606387172,80.2292271421611,1.9265
"SDN","Sudan","Sub-Saharan Africa","Low income",1989,-2.85950807845417,62.4033148878151,1.1053
"SDN","Sudan","Sub-Saharan Africa","Low income",1990,-1.12302697418181,43.987857256045,0.7499
"SDN","Sudan","Sub-Saharan Africa","Low income",1991,-2.16430643028175,34.6354297136811,0.4351
"SDN","Sudan","Sub-Saharan Africa","Low income",1992,-9.17813003703903,221.253719177441,8.05
"SDN","Sudan","Sub-Saharan Africa","Low income",1993,-3.00540295723595,179.93044907589,NA
"SDN","Sudan","Sub-Saharan Africa","Low income",1994,-5.22909749413939,133.628503180541,NA
"SDN","Sudan","Sub-Saharan Africa","Low income",1995,-4.02953967106659,128.821470729399,NA
"SDN","Sudan","Sub-Saharan Africa","Low income",1996,-9.63895556978878,188.194887930378,NA
"SDN","Sudan","Sub-Saharan Africa","Low income",1997,-8.29539775150788,139.764530376111,NA
"SDN","Sudan","Sub-Saharan Africa","Low income",1998,-11.7748792383592,149.712820193655,NA
"SDN","Sudan","Sub-Saharan Africa","Low income",1999,-6.26472780935754,151.708710352201,NA
"SDN","Sudan","Sub-Saharan Africa","Low income",2000,-1.46688106278045,131.326333532899,1.6574
"SDN","Sudan","Sub-Saharan Africa","Low income",2001,-2.17671242570876,95.6451151192472,4.8791
"SDN","Sudan","Sub-Saharan Africa","Low income",2002,-5.68298342455063,89.070217472614,2.5335
"SDN","Sudan","Sub-Saharan Africa","Low income",2003,-3.6887332738075,81.2407398698965,3.6843
"SDN","Sudan","Sub-Saharan Africa","Low income",2004,-3.11052230903087,69.0708505278759,3.4902
"SDN","Sudan","Sub-Saharan Africa","Low income",2005,-7.0423524133252,50.2261450516953,3.156
"SDN","Sudan","Sub-Saharan Africa","Low income",2006,-8.17424505745788,41.0465331173659,3.8502
"SDN","Sudan","Sub-Saharan Africa","Low income",2007,-1.70595652926577,33.65843720421,2.1536
"SDN","Sudan","Sub-Saharan Africa","Low income",2008,2.0465093171878,31.7489664777467,2.8649
"SDN","Sudan","Sub-Saharan Africa","Low income",2009,-3.96699829145953,41.3768064264095,3.125
"SDN","Sudan","Sub-Saharan Africa","Low income",2010,0.46547990024711,38.3171557681282,2.835
"SDN","Sudan","Sub-Saharan Africa","Low income",2011,-0.00250820253404227,39.0064261095372,1.9268
"SDN","Sudan","Sub-Saharan Africa","Low income",2012,-13.5683486072243,58.6674011523841,2.105
"SDN","Sudan","Sub-Saharan Africa","Low income",2013,-10.9472596847006,52.8113663684163,2.1482
"SDN","Sudan","Sub-Saharan Africa","Low income",2014,-8.39910868515394,44.3727247253526,1.8852
"SDN","Sudan","Sub-Saharan Africa","Low income",2015,-10.1505569819102,41.8693134954292,2.3904
"SDN","Sudan","Sub-Saharan Africa","Low income",2016,-10.0385789331286,50.1076990618145,2.4747
"SDN","Sudan","Sub-Saharan Africa","Low income",2017,-9.53211035401688,53.2168379551198,1.3419
"SDN","Sudan","Sub-Saharan Africa","Low income",2018,-10.0254478049082,67.4351913996014,4.0793
"SDN","Sudan","Sub-Saharan Africa","Low income",2019,-14.4894985207944,70.6403708152826,0.851
"SDN","Sudan","Sub-Saharan Africa","Low income",2020,-20.1747374055601,88.0766030016634,NA
"SDN","Sudan","Sub-Saharan Africa","Low income",2021,-10.5367577578551,67.1234702199748,NA
"SDN","Sudan","Sub-Saharan Africa","Low income",2022,-10.9681217022555,43.4325216742799,NA
"SEN","Senegal","Sub-Saharan Africa","Lower middle income",1974,-3.77188687700273,12.6256426419334,4.4321
"SEN","Senegal","Sub-Saharan Africa","Lower middle income",1975,-3.31196384064344,12.3336393653936,5.3572
"SEN","Senegal","Sub-Saharan Africa","Lower middle income",1976,-4.81673059091993,14.2763449122573,6.4295
"SEN","Senegal","Sub-Saharan Africa","Lower middle income",1977,-4.08413012087226,21.3780162489568,7.8904
"SEN","Senegal","Sub-Saharan Africa","Lower middle income",1978,-8.53246802932673,27.2816189800483,7.0864
"SEN","Senegal","Sub-Saharan Africa","Lower middle income",1979,-6.97860214919718,27.4825197659986,6.0605
"SEN","Senegal","Sub-Saharan Africa","Lower middle income",1980,-9.04822881130927,32.6658601399733,5.9292
"SEN","Senegal","Sub-Saharan Africa","Lower middle income",1981,-12.9867224986781,40.7907741999593,5.7683
"SEN","Senegal","Sub-Saharan Africa","Lower middle income",1982,-8.60569968432446,46.336189900754,4.9596
"SEN","Senegal","Sub-Saharan Africa","Lower middle income",1983,-10.1149835742216,58.0770106580422,4.4191
"SEN","Senegal","Sub-Saharan Africa","Lower middle income",1984,-8.26402178227097,63.0433336451328,3.7174
"SEN","Senegal","Sub-Saharan Africa","Lower middle income",1985,-8.85464064496279,67.0174373588621,5.4116
"SEN","Senegal","Sub-Saharan Africa","Lower middle income",1986,-6.28710613390734,59.9156766671003,3.1675
"SEN","Senegal","Sub-Saharan Africa","Lower middle income",1987,-5.98911578843298,62.2223884506694,2.8783
"SEN","Senegal","Sub-Saharan Africa","Lower middle income",1988,-5.67187119073773,60.6546881681401,1.7924
"SEN","Senegal","Sub-Saharan Africa","Lower middle income",1989,-4.97385440888123,51.5000901446441,1.6741
"SEN","Senegal","Sub-Saharan Africa","Lower middle income",1990,-5.23927801800062,50.7421943977611,2.0738
"SEN","Senegal","Sub-Saharan Africa","Lower middle income",1991,-6.05791146929392,49.4719035275449,3.8308
"SEN","Senegal","Sub-Saharan Africa","Lower middle income",1992,-6.48592536634866,47.4178074710263,1.8689
"SEN","Senegal","Sub-Saharan Africa","Lower middle income",1993,-7.02091419114485,52.1642088078096,1.3613
"SEN","Senegal","Sub-Saharan Africa","Lower middle income",1994,-5.63281621182174,73.4477637984871,1.5867
"SEN","Senegal","Sub-Saharan Africa","Lower middle income",1995,-4.98387481968127,61.8989284428518,1.1685
"SEN","Senegal","Sub-Saharan Africa","Lower middle income",1996,-4.46725952135056,57.7172980553024,2.1201
"SEN","Senegal","Sub-Saharan Africa","Lower middle income",1997,-4.82459137238231,62.9907818144355,1.3882
"SEN","Senegal","Sub-Saharan Africa","Lower middle income",1998,-5.08254449336272,62.9730018988526,2.773
"SEN","Senegal","Sub-Saharan Africa","Lower middle income",1999,-5.46226247602321,60.6848198593607,1.0641
"SEN","Senegal","Sub-Saharan Africa","Lower middle income",2000,-7.24919526998663,60.7577503184207,0.836
"SEN","Senegal","Sub-Saharan Africa","Lower middle income",2001,-6.77982759112226,56.8694667050433,1.2781
"SEN","Senegal","Sub-Saharan Africa","Lower middle income",2002,-7.96556445857096,58.7855245335374,1.7644
"SEN","Senegal","Sub-Saharan Africa","Lower middle income",2003,-9.4963968392992,50.1545436642195,1.379
"SEN","Senegal","Sub-Saharan Africa","Lower middle income",2004,-10.0582837337575,39.091577392183,1.0136
"SEN","Senegal","Sub-Saharan Africa","Lower middle income",2005,-12.1777451991465,35.0694055065272,1.1378
"SEN","Senegal","Sub-Saharan Africa","Lower middle income",2006,-13.9841127753196,16.5454080819688,0.9162
"SEN","Senegal","Sub-Saharan Africa","Lower middle income",2007,-18.0773522787076,18.4690638571573,1.7523
"SEN","Senegal","Sub-Saharan Africa","Lower middle income",2008,-20.9721318533666,16.9088666130537,2.7205
"SEN","Senegal","Sub-Saharan Africa","Lower middle income",2009,-13.4147291808974,23.0383111955157,3.1077
"SEN","Senegal","Sub-Saharan Africa","Lower middle income",2010,-12.3474084070123,28.8358816235523,0.9694
"SEN","Senegal","Sub-Saharan Africa","Lower middle income",2011,-14.7973853455014,32.5696088452093,5.246
"SEN","Senegal","Sub-Saharan Africa","Lower middle income",2012,-16.8999123090698,40.2320318802853,1.2755
"SEN","Senegal","Sub-Saharan Africa","Lower middle income",2013,-16.3414695384003,43.210421816059,0.9726
"SEN","Senegal","Sub-Saharan Africa","Lower middle income",2014,-14.8123482716093,54.3212276038553,2.8341
"SEN","Senegal","Sub-Saharan Africa","Lower middle income",2015,-12.7790848495239,58.9064257065756,2.2681
"SEN","Senegal","Sub-Saharan Africa","Lower middle income",2016,-10.9585075261783,60.1610659712483,1.7962
"SEN","Senegal","Sub-Saharan Africa","Lower middle income",2017,-13.8618248755933,67.8858367439974,3.0925
"SEN","Senegal","Sub-Saharan Africa","Lower middle income",2018,-15.8891931328931,86.6522266113748,3.7899
"SEN","Senegal","Sub-Saharan Africa","Lower middle income",2019,-14.2461389202907,88.9251929738563,1.3457
"SEN","Senegal","Sub-Saharan Africa","Lower middle income",2020,-18.6049731662632,106.060866965807,1.8949
"SEN","Senegal","Sub-Saharan Africa","Lower middle income",2021,-19.9777400605787,111.466438473815,2.771
"SEN","Senegal","Sub-Saharan Africa","Lower middle income",2022,-26.2014931529804,128.067172916932,1.8174
"SEN","Senegal","Sub-Saharan Africa","Lower middle income",2023,-25.7860485247405,148.090125243877,4.64
"SLB","Solomon Islands","East Asia & Pacific","Lower middle income",1978,-11.2371091146828,10.3390160329103,0.8349
"SLB","Solomon Islands","East Asia & Pacific","Lower middle income",1979,-3.28244152813238,9.09710650364579,1
"SLB","Solomon Islands","East Asia & Pacific","Lower middle income",1980,-9.35838032724129,10.6096480750778,1
"SLB","Solomon Islands","East Asia & Pacific","Lower middle income",1981,-17.7347884049713,12.0857076915643,0.8747
"SLB","Solomon Islands","East Asia & Pacific","Lower middle income",1982,-12.491459124976,14.5296816404747,0.2637
"SLB","Solomon Islands","East Asia & Pacific","Lower middle income",1983,-10.185344661644,18.9521381120655,3.2964
"SLB","Solomon Islands","East Asia & Pacific","Lower middle income",1984,-1.98902524054027,24.2561762852477,7.7974
"SLB","Solomon Islands","East Asia & Pacific","Lower middle income",1985,-20.9299064582903,39.5969892012795,5.3419
"SLB","Solomon Islands","East Asia & Pacific","Lower middle income",1986,-24.9338423693823,52.0390450468489,4.6778
"SLB","Solomon Islands","East Asia & Pacific","Lower middle income",1987,-22.5827833205171,62.8592592822202,1.0105
"SLB","Solomon Islands","East Asia & Pacific","Lower middle income",1988,-37.9265529383057,58.7335712626272,NA
"SLB","Solomon Islands","East Asia & Pacific","Lower middle income",1989,-39.5246800445639,57.8329245094404,NA
"SLB","Solomon Islands","East Asia & Pacific","Lower middle income",1990,-28.19394609348,56.0786484555061,2.2
"SLB","Solomon Islands","East Asia & Pacific","Lower middle income",1991,-28.653967724624,56.8982083492885,1
"SLB","Solomon Islands","East Asia & Pacific","Lower middle income",1992,-10.2950110960163,35.0481029456692,4.207
"SLB","Solomon Islands","East Asia & Pacific","Lower middle income",1993,-15.3124149850031,50.057026038482,0.7572
"SLB","Solomon Islands","East Asia & Pacific","Lower middle income",1994,-13.9152766458874,38.4593306156572,2
"SLB","Solomon Islands","East Asia & Pacific","Lower middle income",1995,-4.54694252201825,33.8148487381796,4.8958
"SLB","Solomon Islands","East Asia & Pacific","Lower middle income",1996,-4.18466528044888,28.8873216323194,NA
"SLB","Solomon Islands","East Asia & Pacific","Lower middle income",1997,-12.3290227898698,26.5778817020587,NA
"SLB","Solomon Islands","East Asia & Pacific","Lower middle income",1998,-3.83019358402469,33.7833350839856,3.298
"SLB","Solomon Islands","East Asia & Pacific","Lower middle income",1999,4.78160528763637,33.9908984314775,1.1428
"SLB","Solomon Islands","East Asia & Pacific","Lower middle income",2000,-10.3390964816302,37.2061060223,0.75
"SLB","Solomon Islands","East Asia & Pacific","Lower middle income",2001,-18.2875756927071,40.0555254844756,2.904
"SLB","Solomon Islands","East Asia & Pacific","Lower middle income",2002,-19.7176742971652,52.1749020476988,NA
"SLB","Solomon Islands","East Asia & Pacific","Lower middle income",2003,-15.3160418725846,43.3935531953188,NA
"SLB","Solomon Islands","East Asia & Pacific","Lower middle income",2004,-9.88715606999965,38.384549879142,NA
"SLB","Solomon Islands","East Asia & Pacific","Lower middle income",2005,-17.5249679902486,30.2757887514697,4.9999
"SLB","Solomon Islands","East Asia & Pacific","Lower middle income",2006,-16.3341788498332,28.2578539809633,NA
"SLB","Solomon Islands","East Asia & Pacific","Lower middle income",2007,-20.0095829737378,25.6483253617851,NA
"SLB","Solomon Islands","East Asia & Pacific","Lower middle income",2008,-17.1794687197842,21.4990021136614,NA
"SLB","Solomon Islands","East Asia & Pacific","Lower middle income",2009,-14.8890929092988,21.407176603885,3.5
"SLB","Solomon Islands","East Asia & Pacific","Lower middle income",2010,-25.8551480985079,25.6930463427284,NA
"SLB","Solomon Islands","East Asia & Pacific","Lower middle income",2011,-6.85665895667398,24.2038028575483,NA
"SLB","Solomon Islands","East Asia & Pacific","Lower middle income",2012,-1.57083438874992,19.2493609345017,1.3934
"SLB","Solomon Islands","East Asia & Pacific","Lower middle income",2013,-10.811937784719,15.8620320084806,NA
"SLB","Solomon Islands","East Asia & Pacific","Lower middle income",2014,-8.68078835316969,14.0401280941646,1.022
"SLB","Solomon Islands","East Asia & Pacific","Lower middle income",2015,-7.21526075232228,15.862147784525,0.75
"SLB","Solomon Islands","East Asia & Pacific","Lower middle income",2016,-5.20226941084419,19.1258567827722,1.3852
"SLB","Solomon Islands","East Asia & Pacific","Lower middle income",2017,-5.79729595003169,21.9507236171157,NA
"SLB","Solomon Islands","East Asia & Pacific","Lower middle income",2018,-4.18174696140923,19.6079491969596,0.75
"SLB","Solomon Islands","East Asia & Pacific","Lower middle income",2019,-9.98154162027327,18.834610912374,1.4338
"SLB","Solomon Islands","East Asia & Pacific","Lower middle income",2020,-8.29522818789736,21.0004536722068,1.1941
"SLB","Solomon Islands","East Asia & Pacific","Lower middle income",2021,-13.2068049990004,28.7882608300278,0.7624
"SLB","Solomon Islands","East Asia & Pacific","Lower middle income",2022,-24.0873449350975,32.5478064341671,0.7811
"SLB","Solomon Islands","East Asia & Pacific","Lower middle income",2023,-22.4142138852209,35.0447526900245,0.9821
"SLB","Solomon Islands","East Asia & Pacific","Lower middle income",2024,-13.5262776752413,37.63625771385,0.9612
"SLE","Sierra Leone","Sub-Saharan Africa","Low income",1977,-7.90548027791391,41.8734785601918,4.0638
"SLE","Sierra Leone","Sub-Saharan Africa","Low income",1978,-10.189634550416,36.1139732470156,5.5101
"SLE","Sierra Leone","Sub-Saharan Africa","Low income",1979,-14.9670108816952,37.8841369421584,2.9158
"SLE","Sierra Leone","Sub-Saharan Africa","Low income",1980,-17.7845486962588,44.0503950910706,5.3378
"SLE","Sierra Leone","Sub-Saharan Africa","Low income",1981,-12.428433046998,54.1414895003396,3.6122
"SLE","Sierra Leone","Sub-Saharan Africa","Low income",1982,-14.2910514809145,50.057382747322,2.796
"SLE","Sierra Leone","Sub-Saharan Africa","Low income",1983,-3.34203904708475,65.1934315442168,1.1435
"SLE","Sierra Leone","Sub-Saharan Africa","Low income",1984,-2.16889540244835,57.0524243142317,1.1929
"SLE","Sierra Leone","Sub-Saharan Africa","Low income",1985,-2.82923391619085,83.117100116701,1.2182
"SLE","Sierra Leone","Sub-Saharan Africa","Low income",1986,1.46043414676657,178.03075234824,1.9349
"SLE","Sierra Leone","Sub-Saharan Africa","Low income",1987,3.94362925093279,156.957771321291,0.8077
"SLE","Sierra Leone","Sub-Saharan Africa","Low income",1988,-1.54729239188692,98.2372484982521,2.6232
"SLE","Sierra Leone","Sub-Saharan Africa","Low income",1989,-2.92757979724638,116.829720055662,3.6573
"SLE","Sierra Leone","Sub-Saharan Africa","Low income",1990,-0.79726878136619,184.187579812222,2.3154
"SLE","Sierra Leone","Sub-Saharan Africa","Low income",1991,1.89075395878532,162.976745311213,0.7173
"SLE","Sierra Leone","Sub-Saharan Africa","Low income",1992,-0.657644267741289,204.452050720045,1.5478
"SLE","Sierra Leone","Sub-Saharan Africa","Low income",1993,-9.3485987768358,202.436673983018,0.7183
"SLE","Sierra Leone","Sub-Saharan Africa","Low income",1994,-8.78633073871166,170.858881923631,1.5403
"SLE","Sierra Leone","Sub-Saharan Africa","Low income",1995,-15.1213162384508,143.51084438963,0.5705
"SLE","Sierra Leone","Sub-Saharan Africa","Low income",1996,-23.8445679463208,131.870565189772,0.6308
"SLE","Sierra Leone","Sub-Saharan Africa","Low income",1997,-8.47906156293008,141.143408315115,NA
"SLE","Sierra Leone","Sub-Saharan Africa","Low income",1998,-11.5044986003403,195.449340924232,2.5888
"SLE","Sierra Leone","Sub-Saharan Africa","Low income",1999,-23.764415784,197.079770254832,NA
"SLE","Sierra Leone","Sub-Saharan Africa","Low income",2000,-30.6228163017397,196.324841379674,0.75
"SLE","Sierra Leone","Sub-Saharan Africa","Low income",2001,-11.5916069428325,74.740936713852,0.6555
"SLE","Sierra Leone","Sub-Saharan Africa","Low income",2002,-12.2825790524122,72.8291635923178,1.4297
"SLE","Sierra Leone","Sub-Saharan Africa","Low income",2003,-10.6240328651492,73.5443437570362,0.6618
"SLE","Sierra Leone","Sub-Saharan Africa","Low income",2004,-6.75413587419891,75.2382759765968,0.7958
"SLE","Sierra Leone","Sub-Saharan Africa","Low income",2005,-7.51400082617838,70.90025213237,1.2655
"SLE","Sierra Leone","Sub-Saharan Africa","Low income",2006,-4.06482320638805,46.8374136108019,1.1967
"SLE","Sierra Leone","Sub-Saharan Africa","Low income",2007,-4.38314668215446,15.1685490763267,1.1398
"SLE","Sierra Leone","Sub-Saharan Africa","Low income",2008,-6.29423659431469,15.2435367450218,1.0474
"SLE","Sierra Leone","Sub-Saharan Africa","Low income",2009,-9.64476440830851,21.6737906325072,1.4374
"SLE","Sierra Leone","Sub-Saharan Africa","Low income",2010,-16.7850899147336,21.8430570510273,0.8623
"SLE","Sierra Leone","Sub-Saharan Africa","Low income",2011,-40.0168109649191,21.606475657801,1.3489
"SLE","Sierra Leone","Sub-Saharan Africa","Low income",2012,-20.5920429940297,21.7405388336284,1.0923
"SLE","Sierra Leone","Sub-Saharan Africa","Low income",2013,-6.70186272381836,18.6560711102007,0.775
"SLE","Sierra Leone","Sub-Saharan Africa","Low income",2014,-17.8140155639932,18.6469501708094,0.8303
"SLE","Sierra Leone","Sub-Saharan Africa","Low income",2015,-21.329938903849,22.9519892069216,NA
"SLE","Sierra Leone","Sub-Saharan Africa","Low income",2016,-10.433629247418,26.6995645501303,1.2291
"SLE","Sierra Leone","Sub-Saharan Africa","Low income",2017,-13.0515573709256,31.206113293848,1.2231
"SLE","Sierra Leone","Sub-Saharan Africa","Low income",2018,-11.7657849041123,28.6876347329426,0.75
"SLE","Sierra Leone","Sub-Saharan Africa","Low income",2019,-13.8171657394638,29.5922816806201,0.9996
"SLE","Sierra Leone","Sub-Saharan Africa","Low income",2020,-11.8414381628744,32.8268837817951,1.4839
"SLE","Sierra Leone","Sub-Saharan Africa","Low income",2021,-13.6871098770318,35.3277056785235,1.1859
"SLE","Sierra Leone","Sub-Saharan Africa","Low income",2022,-12.2451050848016,33.7224425161417,1.0215
"SLE","Sierra Leone","Sub-Saharan Africa","Low income",2023,-13.0941011479483,37.4557174410296,0.9999
"SLE","Sierra Leone","Sub-Saharan Africa","Low income",2024,-18.8593320511651,33.4199042876887,NA
"SLV","El Salvador","Latin America & Caribbean","Upper middle income",1976,0.359063327475075,24.3812287705418,6.4312
"SLV","El Salvador","Latin America & Caribbean","Upper middle income",1977,0.572469759301962,27.6619909417199,4.7801
"SLV","El Salvador","Latin America & Caribbean","Upper middle income",1978,-9.12160002046062,31.9185746780649,6.0229
"SLV","El Salvador","Latin America & Caribbean","Upper middle income",1979,0.287558761521369,28.1146315672134,6.7347
"SLV","El Salvador","Latin America & Caribbean","Upper middle income",1980,1.22329296419918,27.8913177705212,4.1533
"SLV","El Salvador","Latin America & Caribbean","Upper middle income",1981,-6.95449744242421,35.4860190104725,3.6555
"SLV","El Salvador","Latin America & Caribbean","Upper middle income",1982,-6.93930208237017,45.1748926471905,7.4362
"SLV","El Salvador","Latin America & Caribbean","Upper middle income",1983,-5.26815965033474,52.4777176810583,5.6209
"SLV","El Salvador","Latin America & Caribbean","Upper middle income",1984,-7.24038566523802,52.649752283335,7.4467
"SLV","El Salvador","Latin America & Caribbean","Upper middle income",1985,-7.44243597844693,51.2441204518951,4.8438
"SLV","El Salvador","Latin America & Caribbean","Upper middle income",1986,-4.35776261822561,51.8416882371682,4.8863
"SLV","El Salvador","Latin America & Caribbean","Upper middle income",1987,-7.85993936704825,52.3952772097786,5.5172
"SLV","El Salvador","Latin America & Caribbean","Upper middle income",1988,-8.813617573773,50.0915483569935,3.3812
"SLV","El Salvador","Latin America & Caribbean","Upper middle income",1989,-16.0984752969507,49.6694677775818,7.3789
"SLV","El Salvador","Latin America & Caribbean","Upper middle income",1990,-13.5144331182781,46.3325272531437,4.5968
"SLV","El Salvador","Latin America & Caribbean","Upper middle income",1991,-13.6426211009619,43.2673123081237,6.2506
"SLV","El Salvador","Latin America & Caribbean","Upper middle income",1992,-16.3399289030233,40.3679934767254,6.1412
"SLV","El Salvador","Latin America & Caribbean","Upper middle income",1993,-15.1698375774044,29.8332622269174,4.9193
"SLV","El Salvador","Latin America & Caribbean","Upper middle income",1994,-15.7791667137944,28.1775602040476,3.8292
"SLV","El Salvador","Latin America & Caribbean","Upper middle income",1995,-17.7485181204901,28.7991308276195,6.5083
"SLV","El Salvador","Latin America & Caribbean","Upper middle income",1996,-13.8999598650621,29.9646914754991,7.0745
"SLV","El Salvador","Latin America & Caribbean","Upper middle income",1997,-12.6732031968021,31.3382568715854,6.0525
"SLV","El Salvador","Latin America & Caribbean","Upper middle income",1998,-13.2991410162638,30.2712010920253,6.9164
"SLV","El Salvador","Latin America & Caribbean","Upper middle income",1999,-13.6349976874739,33.3474846770222,7.2645
"SLV","El Salvador","Latin America & Caribbean","Upper middle income",2000,-16.754451535583,38.4819062148341,6.405
"SLV","El Salvador","Latin America & Caribbean","Upper middle income",2001,-17.7723918459299,43.5134447969269,7.4835
"SLV","El Salvador","Latin America & Caribbean","Upper middle income",2002,-16.6189069347766,48.2780296842191,7.4963
"SLV","El Salvador","Latin America & Caribbean","Upper middle income",2003,-18.0718622855499,65.0602038742055,6.49
"SLV","El Salvador","Latin America & Caribbean","Upper middle income",2004,-19.956158468665,66.651484913355,7.2593
"SLV","El Salvador","Latin America & Caribbean","Upper middle income",2005,-21.5409579534631,65.4617958109947,5.6999
"SLV","El Salvador","Latin America & Caribbean","Upper middle income",2006,-23.7505382849507,62.528959859099,6.624
"SLV","El Salvador","Latin America & Caribbean","Upper middle income",2007,-26.4869869355005,57.9887358155393,5.3177
"SLV","El Salvador","Latin America & Caribbean","Upper middle income",2008,-27.1850219798976,59.4234825225484,5.1117
"SLV","El Salvador","Latin America & Caribbean","Upper middle income",2009,-18.1691074462114,59.1183038436235,3.8874
"SLV","El Salvador","Latin America & Caribbean","Upper middle income",2010,-19.6439824542458,62.3143991111193,2.3728
"SLV","El Salvador","Latin America & Caribbean","Upper middle income",2011,-21.3131317728213,62.7553808437086,5.4953
"SLV","El Salvador","Latin America & Caribbean","Upper middle income",2012,-20.5064633582751,63.3503742889674,4.1693
"SLV","El Salvador","Latin America & Caribbean","Upper middle income",2013,-21.0014030920368,64.2624847814738,1.3404
"SLV","El Salvador","Latin America & Caribbean","Upper middle income",2014,-19.5568402568905,67.1604484366501,4.8511
"SLV","El Salvador","Latin America & Caribbean","Upper middle income",2015,-17.1131471638776,66.5756230553147,3.2476
"SLV","El Salvador","Latin America & Caribbean","Upper middle income",2016,-15.8985623272387,68.5485314576278,2.3039
"SLV","El Salvador","Latin America & Caribbean","Upper middle income",2017,-16.4595709066924,68.8264141799634,7.9342
"SLV","El Salvador","Latin America & Caribbean","Upper middle income",2018,-18.2865133658203,64.1278301204611,3.016
"SLV","El Salvador","Latin America & Caribbean","Upper middle income",2019,-16.4125741008007,64.6127169145356,6.0327
"SLV","El Salvador","Latin America & Caribbean","Upper middle income",2020,-17.3769534857748,74.1751362362712,6.0119
"SLV","El Salvador","Latin America & Caribbean","Upper middle income",2021,-24.556722739475,70.0406006878044,1.5116
"SLV","El Salvador","Latin America & Caribbean","Upper middle income",2022,-25.1556340218193,66.4832410857697,3.4806
"SLV","El Salvador","Latin America & Caribbean","Upper middle income",2023,-19.6263207372348,68.1109795840542,5.203
"SLV","El Salvador","Latin America & Caribbean","Upper middle income",2024,-20.3628628987087,71.5655794104484,8.0896
"SRB","Serbia","Europe & Central Asia","Upper middle income",2007,-22.5655785641928,58.3933813353279,4.9514
"SRB","Serbia","Europe & Central Asia","Upper middle income",2008,-23.5981150974309,56.2393695926516,3.7181
"SRB","Serbia","Europe & Central Asia","Upper middle income",2009,-14.9702578476766,72.0018336399658,1.3024
"SRB","Serbia","Europe & Central Asia","Upper middle income",2010,-14.3968945251888,75.5849455541894,2.5044
"SRB","Serbia","Europe & Central Asia","Upper middle income",2011,-14.4752654633497,61.7686760578802,3.9511
"SRB","Serbia","Europe & Central Asia","Upper middle income",2012,-15.7558232565842,76.1832032089991,5.2776
"SRB","Serbia","Europe & Central Asia","Upper middle income",2013,-10.1265200962589,70.6303294620965,4.322
"SRB","Serbia","Europe & Central Asia","Upper middle income",2014,-9.85130355440348,65.3714672187636,1.7253
"SRB","Serbia","Europe & Central Asia","Upper middle income",2015,-7.83214630577981,73.2421817391029,0.8926
"SRB","Serbia","Europe & Central Asia","Upper middle income",2016,-5.79572532522404,66.0873668244589,1.8694
"SRB","Serbia","Europe & Central Asia","Upper middle income",2017,-7.47218028843028,67.2810245329728,1.2619
"SRB","Serbia","Europe & Central Asia","Upper middle income",2018,-9.11817470280395,58.8168521603035,1.4164
"SRB","Serbia","Europe & Central Asia","Upper middle income",2019,-9.57801345117018,60.147722908927,1.7703
"SRB","Serbia","Europe & Central Asia","Upper middle income",2020,-8.37103043137964,69.6547496798219,1.8752
"SRB","Serbia","Europe & Central Asia","Upper middle income",2021,-8.22419162909844,63.4959527473565,1.2976
"SRB","Serbia","Europe & Central Asia","Upper middle income",2022,-11.2113783311005,67.1311694098098,3.134
"SRB","Serbia","Europe & Central Asia","Upper middle income",2023,-4.67910234460699,61.7859042806445,4.4209
"SRB","Serbia","Europe & Central Asia","Upper middle income",2024,-4.8520508072361,57.7029216868205,3.1957
"STP","Sao Tome and Principe","Sub-Saharan Africa","Lower middle income",1997,-21.7554725171411,259.147414070607,1.6162
"STP","Sao Tome and Principe","Sub-Saharan Africa","Lower middle income",1998,-21.2129072882307,357.280691912946,2.0538
"STP","Sao Tome and Principe","Sub-Saharan Africa","Lower middle income",1999,-22.5491460231025,416.264557750152,1
"STP","Sao Tome and Principe","Sub-Saharan Africa","Lower middle income",2000,-27.9831179253582,400.050288354528,0.9376
"STP","Sao Tome and Principe","Sub-Saharan Africa","Lower middle income",2001,-36.8982180803115,405.992868422621,0.75
"STP","Sao Tome and Principe","Sub-Saharan Africa","Lower middle income",2002,-30.0894667169858,391.506159683529,1.9715
"STP","Sao Tome and Principe","Sub-Saharan Africa","Lower middle income",2003,-30.7304828130304,333.013290411711,0.7509
"STP","Sao Tome and Principe","Sub-Saharan Africa","Lower middle income",2004,-33.8696689510005,310.74398504732,0.9649
"STP","Sao Tome and Principe","Sub-Saharan Africa","Lower middle income",2005,-26.9107708685028,243.500057807641,NA
"STP","Sao Tome and Principe","Sub-Saharan Africa","Lower middle income",2006,-42.646249125555,243.882206733275,NA
"STP","Sao Tome and Principe","Sub-Saharan Africa","Lower middle income",2007,-46.9500445198771,109.175745307625,4.5963
"STP","Sao Tome and Principe","Sub-Saharan Africa","Lower middle income",2008,-51.1020709061747,68.2763803732906,0.7923
"STP","Sao Tome and Principe","Sub-Saharan Africa","Lower middle income",2009,-41.430205461403,76.5672253209248,0.5786
"STP","Sao Tome and Principe","Sub-Saharan Africa","Lower middle income",2010,-50.6280434634452,93.5349623225775,1.8899
"STP","Sao Tome and Principe","Sub-Saharan Africa","Lower middle income",2011,-51.9923616851943,95.5421763760268,1.8394
"STP","Sao Tome and Principe","Sub-Saharan Africa","Lower middle income",2012,-48.2844358781711,84.2909995577441,1.8383
"STP","Sao Tome and Principe","Sub-Saharan Africa","Lower middle income",2013,-47.8416752631637,77.2432392185578,NA
"STP","Sao Tome and Principe","Sub-Saharan Africa","Lower middle income",2014,-48.4783599130966,70.3883213885707,0.1578
"STP","Sao Tome and Principe","Sub-Saharan Africa","Lower middle income",2015,-36.9442648042995,90.1326793195973,1.2965
"STP","Sao Tome and Principe","Sub-Saharan Africa","Lower middle income",2016,-30.2028581086904,82.430107753452,1.9775
"STP","Sao Tome and Principe","Sub-Saharan Africa","Lower middle income",2017,-31.376424726065,84.6296523889143,1
"STP","Sao Tome and Principe","Sub-Saharan Africa","Lower middle income",2018,-25.7740270645881,66.6181871288629,NA
"STP","Sao Tome and Principe","Sub-Saharan Africa","Lower middle income",2019,-28.3396556962706,66.7258166263076,2
"STP","Sao Tome and Principe","Sub-Saharan Africa","Lower middle income",2020,-23.5044086653072,66.3916581876925,0.75
"STP","Sao Tome and Principe","Sub-Saharan Africa","Lower middle income",2021,-24.0060313421402,62.4493922053964,NA
"STP","Sao Tome and Principe","Sub-Saharan Africa","Lower middle income",2022,-42.7791294809044,53.0458336123935,NA
"STP","Sao Tome and Principe","Sub-Saharan Africa","Lower middle income",2023,-22.7795613272851,46.1260822127047,4.7438
"STP","Sao Tome and Principe","Sub-Saharan Africa","Lower middle income",2024,-14.4183070209952,39.5647963871747,0.1013
"SUR","Suriname","Latin America & Caribbean","Upper middle income",2015,-16.3570180287405,49.9888617159452,3.2316
"SUR","Suriname","Latin America & Caribbean","Upper middle income",2016,-2.8918785178114,89.2907829879647,5.9903
"SUR","Suriname","Latin America & Caribbean","Upper middle income",2017,10.1207588322933,87.08884780759,3.281
"SUR","Suriname","Latin America & Caribbean","Upper middle income",2018,4.15497211576421,88.5884493890208,3.8972
"SUR","Suriname","Latin America & Caribbean","Upper middle income",2019,-3.1365440554359,97.7962153934159,4.563
"SUR","Suriname","Latin America & Caribbean","Upper middle income",2020,20.651640814335,133.449792517811,2.7731
"SUR","Suriname","Latin America & Caribbean","Upper middle income",2021,4.90607285884969,133.18979330327,1.0145
"SUR","Suriname","Latin America & Caribbean","Upper middle income",2022,-6.91050944611702,110.635602545945,4.2027
"SUR","Suriname","Latin America & Caribbean","Upper middle income",2023,-3.75707736370957,116.553990991963,6.429
"SWZ","Eswatini","Sub-Saharan Africa","Lower middle income",1974,23.1069041102127,13.6903782835779,3.5242
"SWZ","Eswatini","Sub-Saharan Africa","Lower middle income",1975,14.8686728375016,11.7053831619649,5.0819
"SWZ","Eswatini","Sub-Saharan Africa","Lower middle income",1976,7.76371113248945,14.9637496254165,0.3232
"SWZ","Eswatini","Sub-Saharan Africa","Lower middle income",1977,-1.36157303209893,20.0944966207869,6.4181
"SWZ","Eswatini","Sub-Saharan Africa","Lower middle income",1978,-27.1775758963538,43.5213066489546,7.1285
"SWZ","Eswatini","Sub-Saharan Africa","Lower middle income",1979,-42.1047495428728,44.438659564324,1.0512
"SWZ","Eswatini","Sub-Saharan Africa","Lower middle income",1980,-39.4447078167871,38.310706963353,7.9646
"SWZ","Eswatini","Sub-Saharan Africa","Lower middle income",1981,-30.6448412881504,32.5603908783402,8.4033
"SWZ","Eswatini","Sub-Saharan Africa","Lower middle income",1982,-35.257843350443,38.2575494393075,5.4088
"SWZ","Eswatini","Sub-Saharan Africa","Lower middle income",1983,-38.3061257561309,42.6869614388622,8.0189
"SWZ","Eswatini","Sub-Saharan Africa","Lower middle income",1984,-37.2446755259316,38.7061525348448,7.116
"SWZ","Eswatini","Sub-Saharan Africa","Lower middle income",1985,-36.1707165203708,65.6934083051414,5.6803
"SWZ","Eswatini","Sub-Saharan Africa","Lower middle income",1986,-10.9919143007615,60.8667984390659,3.8881
"SWZ","Eswatini","Sub-Saharan Africa","Lower middle income",1987,-0.277474099027484,51.8371954981657,2.8531
"SWZ","Eswatini","Sub-Saharan Africa","Lower middle income",1988,-3.38778438455361,37.4893990719286,0.7499
"SWZ","Eswatini","Sub-Saharan Africa","Lower middle income",1989,-2.78476789098415,38.9062629739792,2.4154
"SWZ","Eswatini","Sub-Saharan Africa","Lower middle income",1990,-9.85412594713677,22.9699312060672,NA
"SWZ","Eswatini","Sub-Saharan Africa","Lower middle income",1991,-11.376824775191,22.5265343469104,2
"SWZ","Eswatini","Sub-Saharan Africa","Lower middle income",1992,-19.5433951454045,18.5178990953151,8.05
"SWZ","Eswatini","Sub-Saharan Africa","Lower middle income",1993,-19.7071452367868,16.8117173549442,6.1751
"SWZ","Eswatini","Sub-Saharan Africa","Lower middle income",1994,-9.8026884532981,16.9655234036503,0.75
"SWZ","Eswatini","Sub-Saharan Africa","Lower middle income",1995,-14.9632466629122,14.6934832258214,7.09
"SWZ","Eswatini","Sub-Saharan Africa","Lower middle income",1996,-21.4549024940749,14.6535025704677,7.3099
"SWZ","Eswatini","Sub-Saharan Africa","Lower middle income",1997,-14.97784106564,23.8275779419857,13.4999
"SWZ","Eswatini","Sub-Saharan Africa","Lower middle income",1998,-17.8967370946606,19.0769954198198,11.0168
"SWZ","Eswatini","Sub-Saharan Africa","Lower middle income",1999,-15.3769654082806,21.9842349680113,3
"SWZ","Eswatini","Sub-Saharan Africa","Lower middle income",2000,-11.6541142726919,19.6631694636075,0.5932
"SWZ","Eswatini","Sub-Saharan Africa","Lower middle income",2001,-11.7057557849507,23.1912733382101,6.6021
"SWZ","Eswatini","Sub-Saharan Africa","Lower middle income",2002,-4.67127540968402,29.4752254332512,NA
"SWZ","Eswatini","Sub-Saharan Africa","Lower middle income",2003,-0.820702831996041,21.0942569148315,3.3162
"SWZ","Eswatini","Sub-Saharan Africa","Lower middle income",2004,-1.36892886072746,17.1048638481455,2.2229
"SWZ","Eswatini","Sub-Saharan Africa","Lower middle income",2005,-12.2144790861568,16.7948130335598,NA
"SWZ","Eswatini","Sub-Saharan Africa","Lower middle income",2006,-10.6391396629266,14.7723338249986,2.2346
"SWZ","Eswatini","Sub-Saharan Africa","Lower middle income",2007,-9.53349070261874,14.6786278309928,12.4999
"SWZ","Eswatini","Sub-Saharan Africa","Lower middle income",2008,-13.4716770144378,14.8494562840152,4.9662
"SWZ","Eswatini","Sub-Saharan Africa","Lower middle income",2009,-13.7162660500767,14.9538812113492,2.5034
"SWZ","Eswatini","Sub-Saharan Africa","Lower middle income",2010,-12.8880261346356,23.3193486550567,0.9444
"SWZ","Eswatini","Sub-Saharan Africa","Lower middle income",2011,-7.96308648289552,22.0024824660684,0.9758
"SWZ","Eswatini","Sub-Saharan Africa","Lower middle income",2012,-4.24232600088118,18.193431966741,1.9533
"SWZ","Eswatini","Sub-Saharan Africa","Lower middle income",2013,-1.73068741108748,16.8971703592153,NA
"SWZ","Eswatini","Sub-Saharan Africa","Lower middle income",2014,-0.996254385868474,12.5392472578603,0.4477
"SWZ","Eswatini","Sub-Saharan Africa","Lower middle income",2015,1.36429632959962,11.5129334437331,1.4379
"SWZ","Eswatini","Sub-Saharan Africa","Lower middle income",2016,1.20730399906301,20.5633501651037,0.9305
"SWZ","Eswatini","Sub-Saharan Africa","Lower middle income",2017,-0.735294542069373,19.5627000307114,3.162
"SWZ","Eswatini","Sub-Saharan Africa","Lower middle income",2018,-3.60848871539658,16.5046779535701,1.4683
"SWZ","Eswatini","Sub-Saharan Africa","Lower middle income",2019,2.68352544434756,18.0638998791654,1.2747
"SWZ","Eswatini","Sub-Saharan Africa","Lower middle income",2020,2.94163368323753,23.1597109356285,2.0507
"SWZ","Eswatini","Sub-Saharan Africa","Lower middle income",2021,-0.848532393132706,24.5268282858297,1.7151
"SWZ","Eswatini","Sub-Saharan Africa","Lower middle income",2022,-4.08031368962495,26.2921130287168,1.3434
"SWZ","Eswatini","Sub-Saharan Africa","Lower middle income",2023,-4.00396378410601,26.5764427376335,5.4386
"SWZ","Eswatini","Sub-Saharan Africa","Lower middle income",2024,-1.08772492263104,25.4914511842722,5.7666
"SYR","Syrian Arab Republic","Middle East, North Africa, Afghanistan & Pakistan","Low income",2008,0.895987512798434,10.252889376046,1.5917
"SYR","Syrian Arab Republic","Middle East, North Africa, Afghanistan & Pakistan","Low income",2009,-1.82006828955426,10.5127297764093,1.9409
"SYR","Syrian Arab Republic","Middle East, North Africa, Afghanistan & Pakistan","Low income",2010,0.3208864399675,8.59506044341174,NA
"TCD","Chad","Sub-Saharan Africa","Low income",1977,-12.2824694271077,22.0930385448762,5.3441
"TCD","Chad","Sub-Saharan Africa","Low income",1978,-13.2839967045379,25.2224066793779,4.9714
"TCD","Chad","Sub-Saharan Africa","Low income",1979,-2.55242635445759,30.7111876904145,NA
"TCD","Chad","Sub-Saharan Africa","Low income",1980,-0.785329680055887,27.5155072572742,NA
"TCD","Chad","Sub-Saharan Africa","Low income",1981,-2.16751316863486,29.5528483020107,1.562
"TCD","Chad","Sub-Saharan Africa","Low income",1982,-5.23672199201767,26.4316517604159,NA
"TCD","Chad","Sub-Saharan Africa","Low income",1983,-8.92513203016295,26.3627524988812,3.5125
"TCD","Chad","Sub-Saharan Africa","Low income",1984,-7.82055153859477,21.1041126305464,2.2792
"TCD","Chad","Sub-Saharan Africa","Low income",1985,-21.8480154076899,20.9558356366877,4.5606
"TCD","Chad","Sub-Saharan Africa","Low income",1986,-21.9754054111404,24.645377308552,0.9125
"TCD","Chad","Sub-Saharan Africa","Low income",1987,-20.9759805900138,29.9078913505137,1.5069
"TCD","Chad","Sub-Saharan Africa","Low income",1988,-14.9530457775144,26.6910440843895,0.9098
"TCD","Chad","Sub-Saharan Africa","Low income",1989,-17.6185897106522,27.8074176097663,1.1106
"TCD","Chad","Sub-Saharan Africa","Low income",1990,-12.4513829499378,29.5742184766473,1.7658
"TCD","Chad","Sub-Saharan Africa","Low income",1991,-12.4342466589872,32.8457785784538,0.785
"TCD","Chad","Sub-Saharan Africa","Low income",1992,-13.7160563372454,34.0985490235242,0.8608
"TCD","Chad","Sub-Saharan Africa","Low income",1993,-17.1840392294241,47.3111698367606,0.9725
"TCD","Chad","Sub-Saharan Africa","Low income",1994,-18.7632553314007,66.4533536926364,0.955
"TGO","Togo","Sub-Saharan Africa","Low income",1974,11.785993892768,16.0186129767558,5.4146
"TGO","Togo","Sub-Saharan Africa","Low income",1975,-12.8172560030821,19.2508995107902,7.7944
"TGO","Togo","Sub-Saharan Africa","Low income",1976,-6.63187960902016,27.693570277071,6.0038
"TGO","Togo","Sub-Saharan Africa","Low income",1977,-10.5724160036663,39.5589322136044,4.8661
"TGO","Togo","Sub-Saharan Africa","Low income",1978,-21.2278404235383,70.4578754835054,7.6997
"TGO","Togo","Sub-Saharan Africa","Low income",1979,-21.7503658111632,87.6077536965047,2.8288
"TGO","Togo","Sub-Saharan Africa","Low income",1980,-8.80115249312584,69.9304624123778,4.0248
"TGO","Togo","Sub-Saharan Africa","Low income",1981,-6.26309434241702,73.4708226303487,3.6485
"TGO","Togo","Sub-Saharan Africa","Low income",1982,-9.57214102226084,81.9507424332104,2.7562
"TGO","Togo","Sub-Saharan Africa","Low income",1983,-6.04494334081469,84.772626088992,2.7706
"TGO","Togo","Sub-Saharan Africa","Low income",1984,-0.796347278491968,79.0784289482405,4.2568
"TGO","Togo","Sub-Saharan Africa","Low income",1985,-6.18654700198837,86.8227300245439,0.7942
"TGO","Togo","Sub-Saharan Africa","Low income",1986,-8.33124077413468,71.0704609068887,2.7569
"TGO","Togo","Sub-Saharan Africa","Low income",1987,-6.6548470941223,69.9866510366359,1.4975
"TGO","Togo","Sub-Saharan Africa","Low income",1988,-8.429881870269,62.7512714522005,1.9444
"TGO","Togo","Sub-Saharan Africa","Low income",1989,-6.60548507667126,61.5497457313826,1.3514
"TGO","Togo","Sub-Saharan Africa","Low income",1990,-7.99753476155968,55.6783077745016,0.7314
"TGO","Togo","Sub-Saharan Africa","Low income",1991,-9.82842365520684,59.7020370500889,0.75
"TGO","Togo","Sub-Saharan Africa","Low income",1992,-8.43930875410628,56.5597859691017,0.75
"TGO","Togo","Sub-Saharan Africa","Low income",1993,-8.89116895037866,74.1965351967534,NA
"TGO","Togo","Sub-Saharan Africa","Low income",1994,-6.59976497684025,104.810706835613,NA
"TGO","Togo","Sub-Saharan Africa","Low income",1995,-11.1402127283924,79.7675501528718,0.6847
"TGO","Togo","Sub-Saharan Africa","Low income",1996,-10.2596598270837,71.8646630067095,0.969
"TGO","Togo","Sub-Saharan Africa","Low income",1997,-8.85439373419395,63.5228504235652,0.9563
"TGO","Togo","Sub-Saharan Africa","Low income",1998,-9.20742382494449,65.6576426982171,2.6028
"TGO","Togo","Sub-Saharan Africa","Low income",1999,-7.19367170381429,69.0925601499793,0.7683
"TGO","Togo","Sub-Saharan Africa","Low income",2000,-8.49434825048764,68.6314358986092,NA
"TGO","Togo","Sub-Saharan Africa","Low income",2001,-10.3744693703299,67.9913045534718,2.4999
"TGO","Togo","Sub-Saharan Africa","Low income",2002,-8.73294198397285,66.4854498046879,2.5
"TGO","Togo","Sub-Saharan Africa","Low income",2003,-8.93072597891561,57.9842784510216,NA
"TGO","Togo","Sub-Saharan Africa","Low income",2004,-10.7216633490115,57.6237545192843,2.1218
"TGO","Togo","Sub-Saharan Africa","Low income",2005,-11.0886689486397,52.3765425620229,1.7066
"TGO","Togo","Sub-Saharan Africa","Low income",2006,-11.5173778939605,54.0567258929034,1.9584
"TGO","Togo","Sub-Saharan Africa","Low income",2007,-12.3707759368911,52.3253890072797,1.6308
"TGO","Togo","Sub-Saharan Africa","Low income",2008,-11.6378771743754,35.7822424525421,2.5391
"TGO","Togo","Sub-Saharan Africa","Low income",2009,-10.489296170131,36.5220004808695,1.8656
"TGO","Togo","Sub-Saharan Africa","Low income",2010,-11.2189612663739,27.191528078802,1.7915
"TGO","Togo","Sub-Saharan Africa","Low income",2011,-14.8797405655257,11.7374971880035,1.6804
"TGO","Togo","Sub-Saharan Africa","Low income",2012,-10.0168800143012,14.0432404176572,2.9792
"TGO","Togo","Sub-Saharan Africa","Low income",2013,-14.2164223502173,15.5380534434135,0.4859
"TGO","Togo","Sub-Saharan Africa","Low income",2014,-12.9034004901532,16.1249206570961,2.0229
"TGO","Togo","Sub-Saharan Africa","Low income",2015,-15.9572592148231,19.193872143179,2.2962
"TGO","Togo","Sub-Saharan Africa","Low income",2016,-13.5353583630713,19.9928255540145,1.6718
"TGO","Togo","Sub-Saharan Africa","Low income",2017,-7.85908881184571,25.5907767233367,1.27
"TGO","Togo","Sub-Saharan Africa","Low income",2018,-8.90588937144528,24.2660286064618,1.0189
"TGO","Togo","Sub-Saharan Africa","Low income",2019,-8.51724159550673,28.7249988753507,3.0218
"TGO","Togo","Sub-Saharan Africa","Low income",2020,-8.91833849007605,34.3141878653624,2.6625
"THA","Thailand","East Asia & Pacific","Upper middle income",1975,-4.68974623993971,12.5334024818911,7.3824
"THA","Thailand","East Asia & Pacific","Upper middle income",1976,-2.54891771510467,13.6921111436857,7.7758
"THA","Thailand","East Asia & Pacific","Upper middle income",1977,-5.55539025358731,16.9088524717874,7.1659
"THA","Thailand","East Asia & Pacific","Upper middle income",1978,-4.35144673515633,20.9490090965976,7.0483
"THA","Thailand","East Asia & Pacific","Upper middle income",1979,-6.8235538089348,24.2761178103665,7.7692
"THA","Thailand","East Asia & Pacific","Upper middle income",1980,-6.35837034334202,25.6450602458204,9.5285
"THA","Thailand","East Asia & Pacific","Upper middle income",1981,-6.41748428202651,31.1416450894338,10.0481
"THA","Thailand","East Asia & Pacific","Upper middle income",1982,-1.8356189205754,33.4462555742587,9.2941
"THA","Thailand","East Asia & Pacific","Upper middle income",1983,-7.30258442827359,34.7188900371518,8.2234
"THA","Thailand","East Asia & Pacific","Upper middle income",1984,-4.41008411614749,35.9178850386299,8.7673
"THA","Thailand","East Asia & Pacific","Upper middle income",1985,-2.84167506899532,45.1032307399598,8.3263
"THA","Thailand","East Asia & Pacific","Upper middle income",1986,1.9468130934074,43.012964521739,5.6341
"THA","Thailand","East Asia & Pacific","Upper middle income",1987,0.473771463014449,40.3385831756002,5.3218
"THA","Thailand","East Asia & Pacific","Upper middle income",1988,-1.61555545827886,35.29179930999,5.4538
"THA","Thailand","East Asia & Pacific","Upper middle income",1989,-2.71784777820881,32.5764757832421,7.3894
"THA","Thailand","East Asia & Pacific","Upper middle income",1990,-7.78153344933161,33.0021952558964,4.8296
"THA","Thailand","East Asia & Pacific","Upper middle income",1991,-6.87838010538953,38.451090569894,4.9791
"THA","Thailand","East Asia & Pacific","Upper middle income",1992,-4.70269303122161,37.562504440811,5.968
"THA","Thailand","East Asia & Pacific","Upper middle income",1993,-4.4210740184075,40.9011486714586,4.6695
"THA","Thailand","East Asia & Pacific","Upper middle income",1994,-5.08283691650318,44.7195001374963,4.8124
"THA","Thailand","East Asia & Pacific","Upper middle income",1995,-7.06208542050897,59.1288546740568,5.6729
"THA","Thailand","East Asia & Pacific","Upper middle income",1996,-6.59209570569108,61.6709126429893,4.7159
"THA","Thailand","East Asia & Pacific","Upper middle income",1997,-0.0131008029989702,73.0658919017704,6.0401
"THA","Thailand","East Asia & Pacific","Upper middle income",1998,15.3025056681211,92.3188395944451,4.9787
"THA","Thailand","East Asia & Pacific","Upper middle income",1999,11.893697301678,76.500911007809,3.5085
"THA","Thailand","East Asia & Pacific","Upper middle income",2000,7.99779576848135,63.1605754740911,1.4955
"THA","Thailand","East Asia & Pacific","Upper middle income",2001,5.78347796959549,55.9423773627241,2.1092
"THA","Thailand","East Asia & Pacific","Upper middle income",2002,5.7439266116655,46.8515913458656,2.2338
"THA","Thailand","East Asia & Pacific","Upper middle income",2003,5.78150687592882,38.3850463272138,1.8555
"THA","Thailand","East Asia & Pacific","Upper middle income",2004,3.90310097257498,33.7872564651601,1.6924
"THA","Thailand","East Asia & Pacific","Upper middle income",2005,-1.83338219884507,30.9133812030795,3.4087
"THA","Thailand","East Asia & Pacific","Upper middle income",2006,2.55582771949484,28.2814534460913,5.8478
"THA","Thailand","East Asia & Pacific","Upper middle income",2007,7.1053334360985,24.0189310840942,4.1149
"THA","Thailand","East Asia & Pacific","Upper middle income",2008,1.52771790681184,22.8938362292685,1.5249
"THA","Thailand","East Asia & Pacific","Upper middle income",2009,9.57608402426322,28.7284395565713,1.5964
"THA","Thailand","East Asia & Pacific","Upper middle income",2010,5.77073266191135,31.4172914708508,2.417
"THA","Thailand","East Asia & Pacific","Upper middle income",2011,2.05836552170908,31.7354862577456,3.0562
"THA","Thailand","East Asia & Pacific","Upper middle income",2012,0.221364123363666,38.0184547121956,2.3009
"THA","Thailand","East Asia & Pacific","Upper middle income",2013,1.77023542201556,36.5978600151394,NA
"THA","Thailand","East Asia & Pacific","Upper middle income",2014,5.86950296637341,36.0694517999081,NA
"THA","Thailand","East Asia & Pacific","Upper middle income",2015,10.3864232795684,30.6478131512903,3.9999
"THA","Thailand","East Asia & Pacific","Upper middle income",2016,13.5596512807276,31.708236173351,1.2539
"THA","Thailand","East Asia & Pacific","Upper middle income",2017,12.4632819076839,33.6516249694886,2.7493
"THA","Thailand","East Asia & Pacific","Upper middle income",2018,8.86468762535731,33.961348505059,2.2145
"THA","Thailand","East Asia & Pacific","Upper middle income",2019,9.38412262242706,30.9939540956808,2.5295
"THA","Thailand","East Asia & Pacific","Upper middle income",2020,5.00866395859952,37.3526681825487,1.575
"THA","Thailand","East Asia & Pacific","Upper middle income",2021,-0.272399446840594,38.8648978288936,4.0414
"THA","Thailand","East Asia & Pacific","Upper middle income",2022,-2.11834586162741,40.5597214884058,1.8696
"THA","Thailand","East Asia & Pacific","Upper middle income",2023,2.19219120697441,37.6572525493983,7.0598
"THA","Thailand","East Asia & Pacific","Upper middle income",2024,3.64807309360784,36.2358562546866,5.8361
"TJK","Tajikistan","Europe & Central Asia","Lower middle income",2002,-13.0735309793529,102.718676046495,1.1058
"TJK","Tajikistan","Europe & Central Asia","Lower middle income",2003,-9.80764540506366,81.8050596950272,1.5133
"TJK","Tajikistan","Europe & Central Asia","Lower middle income",2004,-10.8429153275307,56.1936159866304,1.3231
"TJK","Tajikistan","Europe & Central Asia","Lower middle income",2005,-38.6587310351394,48.3019006845207,0.7495
"TJK","Tajikistan","Europe & Central Asia","Lower middle income",2006,-47.2918941145909,37.480926510805,1.9618
"TJK","Tajikistan","Europe & Central Asia","Lower middle income",2007,-70.4072328094692,36.2542803841136,1.5252
"TJK","Tajikistan","Europe & Central Asia","Lower middle income",2008,-64.1567526225666,48.3801618857955,1.237
"TJK","Tajikistan","Europe & Central Asia","Lower middle income",2009,-44.8734095164976,53.544410822183,2.0179
"TJK","Tajikistan","Europe & Central Asia","Lower middle income",2010,-44.3411204652721,63.1167275777163,1.7111
"TJK","Tajikistan","Europe & Central Asia","Lower middle income",2011,-45.9207956866821,60.1295483835734,1.8249
"TJK","Tajikistan","Europe & Central Asia","Lower middle income",2012,-48.1381497165307,60.5180084422002,2.1777
"TJK","Tajikistan","Europe & Central Asia","Lower middle income",2013,-52.2380333659833,57.5527457226689,1.8484
"TJK","Tajikistan","Europe & Central Asia","Lower middle income",2014,-36.8967162311403,56.2270503882607,1.7367
"TJK","Tajikistan","Europe & Central Asia","Lower middle income",2015,-30.2270887632417,62.1915205884518,1.1176
"TJK","Tajikistan","Europe & Central Asia","Lower middle income",2016,-28.9948182045493,74.0873500520655,0.9761
"TJK","Tajikistan","Europe & Central Asia","Lower middle income",2017,-21.7470302267936,77.834922185396,4.5826
"TJK","Tajikistan","Europe & Central Asia","Lower middle income",2018,-27.1107665659228,78.3859529482071,1.9916
"TJK","Tajikistan","Europe & Central Asia","Lower middle income",2019,-26.0858800059813,79.9051375452236,1.3478
"TJK","Tajikistan","Europe & Central Asia","Lower middle income",2020,-21.1005162375038,84.8744779750337,1.1082
"TJK","Tajikistan","Europe & Central Asia","Lower middle income",2021,-23.461995273875,73.7387253282396,1
"TJK","Tajikistan","Europe & Central Asia","Lower middle income",2022,-32.7449395486359,62.7574885206701,0.8342
"TJK","Tajikistan","Europe & Central Asia","Lower middle income",2023,-31.2510993057995,53.8137927476607,0.75
"TJK","Tajikistan","Europe & Central Asia","Lower middle income",2024,-36.3930926324503,48.3700156782845,5.9734
"TLS","Timor-Leste","East Asia & Pacific","Lower middle income",2012,-134.262895000092,6.55163408024609,0.8859
"TLS","Timor-Leste","East Asia & Pacific","Lower middle income",2013,-79.9954998818308,6.41204671485277,1.5172
"TLS","Timor-Leste","East Asia & Pacific","Lower middle income",2014,-77.8188732599698,7.20572824066731,NA
"TLS","Timor-Leste","East Asia & Pacific","Lower middle income",2015,-77.2604600352378,7.34043721417026,0.9448
"TLS","Timor-Leste","East Asia & Pacific","Lower middle income",2016,-65.152055094636,4.93199128466411,1.7412
"TLS","Timor-Leste","East Asia & Pacific","Lower middle income",2017,-63.9087237305348,7.85690557710926,2
"TLS","Timor-Leste","East Asia & Pacific","Lower middle income",2018,-60.2737205876909,10.1579444091043,2.6022
"TLS","Timor-Leste","East Asia & Pacific","Lower middle income",2019,-12.9221004715549,10.0071648703028,0.75
"TLS","Timor-Leste","East Asia & Pacific","Lower middle income",2020,12.5341089884282,10.7185090468077,0.75
"TLS","Timor-Leste","East Asia & Pacific","Lower middle income",2021,47.629713777503,7.68585336655536,1.343
"TLS","Timor-Leste","East Asia & Pacific","Lower middle income",2022,17.8343861287063,8.97395171333141,1.6049
"TLS","Timor-Leste","East Asia & Pacific","Lower middle income",2023,-22.4735839186194,14.700787290039,NA
"TLS","Timor-Leste","East Asia & Pacific","Lower middle income",2024,-53.2406017262713,15.9022574483849,NA
"TON","Tonga","East Asia & Pacific","Upper middle income",2001,-35.9151012403432,39.3974367539915,2.5
"TON","Tonga","East Asia & Pacific","Upper middle income",2002,-36.7842958821605,44.5907639778216,1.1263
"TON","Tonga","East Asia & Pacific","Upper middle income",2003,-35.1135895950851,46.189151341721,0.75
"TON","Tonga","East Asia & Pacific","Upper middle income",2004,-34.971196934063,40.903932073261,NA
"TON","Tonga","East Asia & Pacific","Upper middle income",2005,-39.6408297807603,34.0038137298794,0.75
"TON","Tonga","East Asia & Pacific","Upper middle income",2006,-38.9183810677872,31.3513483820543,NA
"TON","Tonga","East Asia & Pacific","Upper middle income",2007,-49.4202735168367,32.449447013068,2
"TON","Tonga","East Asia & Pacific","Upper middle income",2008,-49.9274061960962,28.730660210954,NA
"TON","Tonga","East Asia & Pacific","Upper middle income",2009,-63.4698302842259,36.7755677028249,3.6812
"TON","Tonga","East Asia & Pacific","Upper middle income",2010,-49.2422200068179,41.8799517983728,1.9927
"TON","Tonga","East Asia & Pacific","Upper middle income",2011,-46.4275251195501,46.1679445025405,NA
"TON","Tonga","East Asia & Pacific","Upper middle income",2012,-43.4980300415017,42.0265891836127,NA
"TON","Tonga","East Asia & Pacific","Upper middle income",2013,-41.839020795358,44.1717746394591,0.75
"TON","Tonga","East Asia & Pacific","Upper middle income",2014,-40.5113255137703,44.4275246065984,0.75
"TON","Tonga","East Asia & Pacific","Upper middle income",2015,-42.6585622337762,42.1321279352473,0.75
"TON","Tonga","East Asia & Pacific","Upper middle income",2016,-39.555019456943,41.4448572826895,0.8833
"TON","Tonga","East Asia & Pacific","Upper middle income",2017,-44.1343404699312,41.9743624301625,1.1075
"TON","Tonga","East Asia & Pacific","Upper middle income",2018,-43.9556954480042,37.8903269320005,0.75
"TON","Tonga","East Asia & Pacific","Upper middle income",2019,-44.8563289527528,36.8845431152279,NA
"TON","Tonga","East Asia & Pacific","Upper middle income",2020,-43.4121604646833,38.4110389266167,NA
"TON","Tonga","East Asia & Pacific","Upper middle income",2021,-48.6109376020655,43.0625849821115,0.5
"TON","Tonga","East Asia & Pacific","Upper middle income",2022,-51.3545161160767,37.7217867508594,NA
"TON","Tonga","East Asia & Pacific","Upper middle income",2023,-51.1247583834123,33.2330052313887,NA
"TON","Tonga","East Asia & Pacific","Upper middle income",2024,-44.5497024086804,26.7458311012738,NA
"TUN","Tunisia","Middle East, North Africa, Afghanistan & Pakistan","Lower middle income",1976,-9.46714953061548,28.6306670958057,5.3725
"TUN","Tunisia","Middle East, North Africa, Afghanistan & Pakistan","Lower middle income",1977,-11.7719820264004,44.0021433030521,6.276
"TUN","Tunisia","Middle East, North Africa, Afghanistan & Pakistan","Lower middle income",1978,-8.37393147062769,49.5025601988261,7.3314
"TUN","Tunisia","Middle East, North Africa, Afghanistan & Pakistan","Lower middle income",1979,-5.23613320216201,47.4419229716486,7.4807
"TUN","Tunisia","Middle East, North Africa, Afghanistan & Pakistan","Lower middle income",1980,-5.76112733978356,40.4088580537235,6.2381
"TUN","Tunisia","Middle East, North Africa, Afghanistan & Pakistan","Lower middle income",1981,-6.48726356120932,42.8450653471595,8.0919
"TUN","Tunisia","Middle East, North Africa, Afghanistan & Pakistan","Lower middle income",1982,-9.55373433200286,46.4412284441626,7.4455
"TUN","Tunisia","Middle East, North Africa, Afghanistan & Pakistan","Lower middle income",1983,-8.34495215191734,48.6582067275874,8.2741
"TUN","Tunisia","Middle East, North Africa, Afghanistan & Pakistan","Lower middle income",1984,-10.448501541816,49.6371811115122,7.8732
"TUN","Tunisia","Middle East, North Africa, Afghanistan & Pakistan","Lower middle income",1985,-6.34056807090686,58.1030903715447,7.6621
"TUN","Tunisia","Middle East, North Africa, Afghanistan & Pakistan","Lower middle income",1986,-7.15043702211099,65.9218681517007,6.6274
"TUN","Tunisia","Middle East, North Africa, Afghanistan & Pakistan","Lower middle income",1987,-1.55563481857871,70.3115453291798,7.0747
"TUN","Tunisia","Middle East, North Africa, Afghanistan & Pakistan","Lower middle income",1988,0.0692792512554856,67.3540752573736,4.6276
"TUN","Tunisia","Middle East, North Africa, Afghanistan & Pakistan","Lower middle income",1989,-4.72372057613262,69.0447980386781,7.1243
"TUN","Tunisia","Middle East, North Africa, Afghanistan & Pakistan","Lower middle income",1990,-6.79930831452252,62.5672531272871,6.857
"TUN","Tunisia","Middle East, North Africa, Afghanistan & Pakistan","Lower middle income",1991,-4.82247964739339,63.1081886448521,6.6218
"TUN","Tunisia","Middle East, North Africa, Afghanistan & Pakistan","Lower middle income",1992,-7.89446506009083,55.1258034815773,7.1917
"TUN","Tunisia","Middle East, North Africa, Afghanistan & Pakistan","Lower middle income",1993,-9.44554634076042,59.5128452816154,6.1606
"TUN","Tunisia","Middle East, North Africa, Afghanistan & Pakistan","Lower middle income",1994,-4.23048154000667,61.4977705269008,7.7693
"TUN","Tunisia","Middle East, North Africa, Afghanistan & Pakistan","Lower middle income",1995,-4.61510452157508,60.005291961753,6.105
"TUN","Tunisia","Middle East, North Africa, Afghanistan & Pakistan","Lower middle income",1996,-1.90388211501188,58.0946053229091,4.7379
"TUN","Tunisia","Middle East, North Africa, Afghanistan & Pakistan","Lower middle income",1997,-2.523600797976,54.1267330248525,5.187
"TUN","Tunisia","Middle East, North Africa, Afghanistan & Pakistan","Lower middle income",1998,-2.98459369650588,49.7438487619094,3.9906
"TUN","Tunisia","Middle East, North Africa, Afghanistan & Pakistan","Lower middle income",1999,-1.98414156482632,51.9201471035167,2.8674
"TUN","Tunisia","Middle East, North Africa, Afghanistan & Pakistan","Lower middle income",2000,-3.28198497312808,52.8798911752212,4.518
"TUN","Tunisia","Middle East, North Africa, Afghanistan & Pakistan","Lower middle income",2001,-3.9973050204726,58.5373786080116,4.0477
"TUN","Tunisia","Middle East, North Africa, Afghanistan & Pakistan","Lower middle income",2002,-3.85700127191669,67.0247559557601,5.0689
"TUN","Tunisia","Middle East, North Africa, Afghanistan & Pakistan","Lower middle income",2003,-3.4404568576025,66.0378429071231,4.3237
"TUN","Tunisia","Middle East, North Africa, Afghanistan & Pakistan","Lower middle income",2004,-2.17258706137558,63.1268092663466,3.6832
"TUN","Tunisia","Middle East, North Africa, Afghanistan & Pakistan","Lower middle income",2005,-0.41174071722054,55.9185570353848,3.5794
"TUN","Tunisia","Middle East, North Africa, Afghanistan & Pakistan","Lower middle income",2006,-1.9571118230972,54.7823854545124,3.1507
"TUN","Tunisia","Middle East, North Africa, Afghanistan & Pakistan","Lower middle income",2007,-1.97715758410767,53.2178813072318,2.5048
"TUN","Tunisia","Middle East, North Africa, Afghanistan & Pakistan","Lower middle income",2008,-3.04614253470785,48.0950034749157,2.7794
"TUN","Tunisia","Middle East, North Africa, Afghanistan & Pakistan","Lower middle income",2009,-2.70190124954839,52.7081161645834,2.1357
"TUN","Tunisia","Middle East, North Africa, Afghanistan & Pakistan","Lower middle income",2010,-4.57654590153526,49.0398907577446,2.6556
"TUN","Tunisia","Middle East, North Africa, Afghanistan & Pakistan","Lower middle income",2011,-6.87024540931062,47.5165252566267,1.94
"TUN","Tunisia","Middle East, North Africa, Afghanistan & Pakistan","Lower middle income",2012,-8.77133103631743,53.7217451514863,1.5742
"TUN","Tunisia","Middle East, North Africa, Afghanistan & Pakistan","Lower middle income",2013,-8.85088038974386,53.9426598240524,1.9237
"TUN","Tunisia","Middle East, North Africa, Afghanistan & Pakistan","Lower middle income",2014,-10.6432464860355,54.8935335224112,1.5568
"TUN","Tunisia","Middle East, North Africa, Afghanistan & Pakistan","Lower middle income",2015,-10.4868254897987,61.5932150544833,2.5224
"TUN","Tunisia","Middle East, North Africa, Afghanistan & Pakistan","Lower middle income",2016,-10.3134832542324,66.5624857229203,1.4638
"TUN","Tunisia","Middle East, North Africa, Afghanistan & Pakistan","Lower middle income",2017,-12.2022517069154,79.9606598336893,2.5139
"TUN","Tunisia","Middle East, North Africa, Afghanistan & Pakistan","Lower middle income",2018,-11.6575632548542,82.5673144449933,3.3517
"TUN","Tunisia","Middle East, North Africa, Afghanistan & Pakistan","Lower middle income",2019,-9.34438322622018,95.9883006168406,2.9052
"TUN","Tunisia","Middle East, North Africa, Afghanistan & Pakistan","Lower middle income",2020,-7.92724917073021,98.7893963603236,1.0603
"TUN","Tunisia","Middle East, North Africa, Afghanistan & Pakistan","Lower middle income",2021,-8.75968323359326,91.3938336274705,1.5842
"TUN","Tunisia","Middle East, North Africa, Afghanistan & Pakistan","Lower middle income",2022,-11.5712786073521,91.3449349921745,1.9999
"TUN","Tunisia","Middle East, North Africa, Afghanistan & Pakistan","Lower middle income",2023,-4.60717735313187,87.9724313471005,4.9966
"TUN","Tunisia","Middle East, North Africa, Afghanistan & Pakistan","Lower middle income",2024,-4.81313961893322,78.6971115307678,4.6566
"TUR","Turkiye","Europe & Central Asia","Upper middle income",1974,-5.29164985881404,13.0817883855587,6.2975
"TUR","Turkiye","Europe & Central Asia","Upper middle income",1975,-6.34408935774124,10.9872447120385,7.1268
"TUR","Turkiye","Europe & Central Asia","Upper middle income",1976,-5.53741496598639,11.6643037702624,7.1331
"TUR","Turkiye","Europe & Central Asia","Upper middle income",1977,-6.65606361829026,19.5153615996024,7.4806
"TUR","Turkiye","Europe & Central Asia","Upper middle income",1978,-2.91902142992604,22.537408041722,6.6312
"TUR","Turkiye","Europe & Central Asia","Upper middle income",1979,-2.50736114610705,17.7740810222526,10.8085
"TUR","Turkiye","Europe & Central Asia","Upper middle income",1980,-6.48178029289183,27.7972518397584,8.3159
"TUR","Turkiye","Europe & Central Asia","Upper middle income",1981,-4.31018858372358,27.0237426176902,7.598
"TUR","Turkiye","Europe & Central Asia","Upper middle income",1982,-2.70470444711309,30.6294167874564,9.9102
"TUR","Turkiye","Europe & Central Asia","Upper middle income",1983,-3.58717225905737,32.8849188385781,8.8853
"TUR","Turkiye","Europe & Central Asia","Upper middle income",1984,-3.21000495519864,36.0503832144774,9.061
"TUR","Turkiye","Europe & Central Asia","Upper middle income",1985,-2.04662136171304,38.6904364400051,8.6273
"TUR","Turkiye","Europe & Central Asia","Upper middle income",1986,-1.88706579769104,43.5210804845603,7.2388
"TUR","Turkiye","Europe & Central Asia","Upper middle income",1987,-1.19738389949934,46.9589878530419,7.0019
"TUR","Turkiye","Europe & Central Asia","Upper middle income",1988,2.2228292622529,45.1089558302306,7.6743
"TUR","Turkiye","Europe & Central Asia","Upper middle income",1989,-0.151222110829526,38.8109947753947,7.7578
"TUR","Turkiye","Europe & Central Asia","Upper middle income",1990,-2.97499924947884,32.8060722192878,8.4257
"TUR","Turkiye","Europe & Central Asia","Upper middle income",1991,-1.40762325212988,33.6833045747534,7.5143
"TUR","Turkiye","Europe & Central Asia","Upper middle income",1992,-1.42610429425408,35.5450418552161,7.3094
"TUR","Turkiye","Europe & Central Asia","Upper middle income",1993,-4.06838077083978,38.0259267721084,5.8995
"TUR","Turkiye","Europe & Central Asia","Upper middle income",1994,2.20818225672018,50.7072010757338,6.1712
"TUR","Turkiye","Europe & Central Asia","Upper middle income",1995,-1.50490226383669,31.4363952621158,6.2112
"TUR","Turkiye","Europe & Central Asia","Upper middle income",1996,-1.4406852747092,32.2026576880563,6.4293
"TUR","Turkiye","Europe & Central Asia","Upper middle income",1997,-1.56775011413552,32.1130705144049,7.4915
"TUR","Turkiye","Europe & Central Asia","Upper middle income",1998,-0.188381653771111,35.1237104989492,6.5088
"TUR","Turkiye","Europe & Central Asia","Upper middle income",1999,-0.884000926097014,39.6550819643772,7.8286
"TUR","Turkiye","Europe & Central Asia","Upper middle income",2000,-3.88791983635591,42.5113497133982,8.1785
"TUR","Turkiye","Europe & Central Asia","Upper middle income",2001,2.85516343581413,55.8600582209391,6.5863
"TUR","Turkiye","Europe & Central Asia","Upper middle income",2002,0.620903881328679,54.7218403303276,6.1925
"TUR","Turkiye","Europe & Central Asia","Upper middle income",2003,-0.956584628487994,47.0393427129185,8.1856
"TUR","Turkiye","Europe & Central Asia","Upper middle income",2004,-2.36641215430045,40.3440440763292,5.5843
"TUR","Turkiye","Europe & Central Asia","Upper middle income",2005,-3.35697874605255,35.0682312914417,5.1021
"TUR","Turkiye","Europe & Central Asia","Upper middle income",2006,-4.82250089303293,38.8700281199111,5.7092
"TUR","Turkiye","Europe & Central Asia","Upper middle income",2007,-4.7778224208381,39.2123486044828,5.9023
"TUR","Turkiye","Europe & Central Asia","Upper middle income",2008,-4.38590413939191,37.9727316773102,5.4883
"TUR","Turkiye","Europe & Central Asia","Upper middle income",2009,-0.923084757903447,43.7379069896108,4.4468
"TUR","Turkiye","Europe & Central Asia","Upper middle income",2010,-5.05785180434251,40.4636708407118,3.7299
"TUR","Turkiye","Europe & Central Asia","Upper middle income",2011,-8.15832874585482,38.0225509419278,3.0567
"TUR","Turkiye","Europe & Central Asia","Upper middle income",2012,-4.14072701101873,39.916923704497,4.0845
"TUR","Turkiye","Europe & Central Asia","Upper middle income",2013,-4.36368862326221,41.7991681478146,3.0977
"TUR","Turkiye","Europe & Central Asia","Upper middle income",2014,-2.6980609338958,43.9122616772724,3.5275
"TUR","Turkiye","Europe & Central Asia","Upper middle income",2015,-1.50994837828472,46.1556803244418,2.3797
"TUR","Turkiye","Europe & Central Asia","Upper middle income",2016,-1.67003894241955,45.8123103371211,3.3633
"TUR","Turkiye","Europe & Central Asia","Upper middle income",2017,-3.11897148282921,51.7358606407333,4.2827
"TUR","Turkiye","Europe & Central Asia","Upper middle income",2018,-0.546706641505854,54.0064790928401,4.597
"TUR","Turkiye","Europe & Central Asia","Upper middle income",2019,3.34934519419102,53.4045236198739,4.7812
"TUR","Turkiye","Europe & Central Asia","Upper middle income",2020,-3.0774442081066,58.5151000043244,4.1454
"TUR","Turkiye","Europe & Central Asia","Upper middle income",2021,0.418721048722957,51.7743506826833,3.366
"TUR","Turkiye","Europe & Central Asia","Upper middle income",2022,-4.0058418173892,49.2349085135378,6.8688
"TUR","Turkiye","Europe & Central Asia","Upper middle income",2023,-2.68181304329001,43.7956062600857,7.4704
"TUR","Turkiye","Europe & Central Asia","Upper middle income",2024,0.396064002681321,37.8912671489295,5.7866
"TZA","Tanzania","Sub-Saharan Africa","Lower middle income",1976,-1.09556142210381,41.7464307423964,3.2517
"TZA","Tanzania","Sub-Saharan Africa","Lower middle income",1977,-2.13894152181748,44.8822674329533,4.5293
"TZA","Tanzania","Sub-Saharan Africa","Lower middle income",1978,-6.81959718127233,47.173343140945,3.23
"TZA","Tanzania","Sub-Saharan Africa","Lower middle income",1979,-5.22833437637564,42.8781980092245,4.656
"TZA","Tanzania","Sub-Saharan Africa","Lower middle income",1980,-5.57760840920114,45.9454116811765,4.068
"TZA","Tanzania","Sub-Saharan Africa","Lower middle income",1981,-3.91657855037339,43.7609502456989,4.4386
"TZA","Tanzania","Sub-Saharan Africa","Lower middle income",1982,-4.43448478297163,44.0410854995177,2.2769
"TZA","Tanzania","Sub-Saharan Africa","Lower middle income",1983,-2.7076778857514,48.412466526866,4.064
"TZA","Tanzania","Sub-Saharan Africa","Lower middle income",1984,-3.33736142084372,55.5083057124303,4.4233
"TZA","Tanzania","Sub-Saharan Africa","Lower middle income",1985,-4.20019211528146,59.3407163791694,5.7073
"TZA","Tanzania","Sub-Saharan Africa","Lower middle income",1986,-6.41738199799606,45.1775302883556,2.0625
"TZA","Tanzania","Sub-Saharan Africa","Lower middle income",1987,-10.6293859248616,70.3443740121406,2.2747
"TZA","Tanzania","Sub-Saharan Africa","Lower middle income",1988,-10.7004399490665,81.1348162859175,2.7631
"TZA","Tanzania","Sub-Saharan Africa","Lower middle income",1989,-12.6228446554228,91.1474601229875,3.6241
"TZA","Tanzania","Sub-Saharan Africa","Lower middle income",1990,-15.1290631640468,104.024850700019,1.1198
"TZA","Tanzania","Sub-Saharan Africa","Lower middle income",1991,-14.2366360258881,91.1325637569705,1.3323
"TZA","Tanzania","Sub-Saharan Africa","Lower middle income",1992,-16.4656173488155,99.8120869953845,1.0269
"TZA","Tanzania","Sub-Saharan Africa","Lower middle income",1993,-20.3177669081653,109.484858187887,1.7847
"TZA","Tanzania","Sub-Saharan Africa","Lower middle income",1994,-13.3571991763958,110.343242306008,1.1951
"TZA","Tanzania","Sub-Saharan Africa","Lower middle income",1995,-11.4554441905103,96.5867312577235,1.1637
"TZA","Tanzania","Sub-Saharan Africa","Lower middle income",1996,-8.42012342730302,77.8510660437791,1.2638
"TZA","Tanzania","Sub-Saharan Africa","Lower middle income",1997,-6.4092390115294,63.7209190831008,0.9657
"TZA","Tanzania","Sub-Saharan Africa","Lower middle income",1998,-9.5487195578078,61.722780205728,1.4967
"TZA","Tanzania","Sub-Saharan Africa","Lower middle income",1999,-7.93903829194245,62.3229241262258,1.5893
"TZA","Tanzania","Sub-Saharan Africa","Lower middle income",2000,-5.15266548782421,53.8425066446912,0.8785
"TZA","Tanzania","Sub-Saharan Africa","Lower middle income",2001,-3.26588237578082,48.1050921022629,0.7471
"TZA","Tanzania","Sub-Saharan Africa","Lower middle income",2002,-1.72800157340621,50.6800440135666,0.57
"TZA","Tanzania","Sub-Saharan Africa","Lower middle income",2003,-3.22486472228992,48.151305368231,0.9456
"TZA","Tanzania","Sub-Saharan Africa","Lower middle income",2004,-5.0517860377285,51.782974966808,0.8773
"TZA","Tanzania","Sub-Saharan Africa","Lower middle income",2005,-6.70406070452126,45.8167007979013,1.1436
"TZA","Tanzania","Sub-Saharan Africa","Lower middle income",2006,-8.95691751830178,22.0650645438282,0.7727
"TZA","Tanzania","Sub-Saharan Africa","Lower middle income",2007,-9.93587249120369,23.0644615517175,0.7652
"TZA","Tanzania","Sub-Saharan Africa","Lower middle income",2008,-11.079935129472,21.5921171596136,0.7464
"TZA","Tanzania","Sub-Saharan Africa","Lower middle income",2009,-8.17454563793206,26.3941983439566,1.068
"TZA","Tanzania","Sub-Saharan Africa","Lower middle income",2010,-8.38527778775617,27.9271671770423,0.7528
"TZA","Tanzania","Sub-Saharan Africa","Lower middle income",2011,-13.3806149110035,29.2283493401344,1.732
"TZA","Tanzania","Sub-Saharan Africa","Lower middle income",2012,-10.0941970569677,30.3950536271787,2.4702
"TZA","Tanzania","Sub-Saharan Africa","Lower middle income",2013,-11.0799631617423,30.6046001268782,2.6077
"TZA","Tanzania","Sub-Saharan Africa","Lower middle income",2014,-9.87125757570904,32.7916462569189,1.9372
"TZA","Tanzania","Sub-Saharan Africa","Lower middle income",2015,-5.00702585911858,38.6845261318716,1.4103
"TZA","Tanzania","Sub-Saharan Africa","Lower middle income",2016,-1.29212461522628,39.2385327415336,1.3095
"TZA","Tanzania","Sub-Saharan Africa","Lower middle income",2017,-1.78652708372291,40.5757319689652,3.743
"TZA","Tanzania","Sub-Saharan Africa","Lower middle income",2018,-3.75068104580064,39.698188057399,2.845
"TZA","Tanzania","Sub-Saharan Africa","Lower middle income",2019,-1.22083309437464,40.067097461947,4.9211
"TZA","Tanzania","Sub-Saharan Africa","Lower middle income",2020,-0.900937299766257,39.0081591697007,2.4205
"TZA","Tanzania","Sub-Saharan Africa","Lower middle income",2021,-2.4575635616409,40.7864316034066,3.0238
"TZA","Tanzania","Sub-Saharan Africa","Lower middle income",2022,-6.18923161261595,40.1900197682855,1.1767
"TZA","Tanzania","Sub-Saharan Africa","Lower middle income",2023,-2.77928699039501,43.7612212302003,4.1274
"TZA","Tanzania","Sub-Saharan Africa","Lower middle income",2024,-1.29016085545789,45.8670945606329,4.5349
"UGA","Uganda","Sub-Saharan Africa","Low income",1980,-8.97469890166398,55.4794795719141,4.8573
"UGA","Uganda","Sub-Saharan Africa","Low income",1981,-8.34517310999776,52.8808124429821,5.8468
"UGA","Uganda","Sub-Saharan Africa","Low income",1982,-6.92996555683123,40.1565466222732,3.9001
"UGA","Uganda","Sub-Saharan Africa","Low income",1983,-5.57059961315281,45.0397837985419,3.6242
"UGA","Uganda","Sub-Saharan Africa","Low income",1984,1.52116599721188,29.7110762599895,3.2619
"UGA","Uganda","Sub-Saharan Africa","Low income",1985,0.076711182638456,35.1896033953299,3.4856
"UGA","Uganda","Sub-Saharan Africa","Low income",1986,-1.85560722384273,36.2686163129527,5.6153
"UGA","Uganda","Sub-Saharan Africa","Low income",1987,-5.74525454381297,30.8733123768851,3.7412
"UGA","Uganda","Sub-Saharan Africa","Low income",1988,-7.5649895612887,29.8169030643155,1.9272
"UGA","Uganda","Sub-Saharan Africa","Low income",1989,-10.3819197080876,41.621827718491,2.2424
"UGA","Uganda","Sub-Saharan Africa","Low income",1990,-11.813495062646,60.5386065753395,1.032
"UGA","Uganda","Sub-Saharan Africa","Low income",1991,-12.7915305427326,84.3923416326439,2.3394
"UGA","Uganda","Sub-Saharan Africa","Low income",1992,-16.9346335211157,103.285807480424,1.5322
"UGA","Uganda","Sub-Saharan Africa","Low income",1993,-14.8361758581352,94.796065605034,1.6063
"UGA","Uganda","Sub-Saharan Africa","Low income",1994,-15.6223747870017,85.1429990892177,0.8901
"UGA","Uganda","Sub-Saharan Africa","Low income",1995,-14.3371433775468,62.6978870748698,0.8503
"UGA","Uganda","Sub-Saharan Africa","Low income",1996,-14.5166285615907,61.3811678439734,0.75
"UGA","Uganda","Sub-Saharan Africa","Low income",1997,-15.2198001340172,62.3324537792582,0.9363
"UGA","Uganda","Sub-Saharan Africa","Low income",1998,-18.3446284323503,59.8635190197268,0.7253
"UGA","Uganda","Sub-Saharan Africa","Low income",1999,-12.1495759677873,58.9797772343756,0.7841
"UGA","Uganda","Sub-Saharan Africa","Low income",2000,-12.0356901574653,57.0806794478924,0.9885
"UGA","Uganda","Sub-Saharan Africa","Low income",2001,-13.194073515538,64.518333961101,0.7733
"UGA","Uganda","Sub-Saharan Africa","Low income",2002,-13.6918852906972,65.0606357580757,0.7613
"UGA","Uganda","Sub-Saharan Africa","Low income",2003,-11.2712390780311,69.2870122572268,0.7507
"UGA","Uganda","Sub-Saharan Africa","Low income",2004,-9.91252784501535,60.3242755855561,1.0235
"UGA","Uganda","Sub-Saharan Africa","Low income",2005,-8.7460423698585,48.277867246729,0.7545
"UGA","Uganda","Sub-Saharan Africa","Low income",2006,-12.6505919502479,13.0361105265333,0.7499
"UGA","Uganda","Sub-Saharan Africa","Low income",2007,-12.6659670722009,13.8883240482387,0.7936
"UGA","Uganda","Sub-Saharan Africa","Low income",2008,-15.6536112788574,15.8780971647913,0.7365
"UGA","Uganda","Sub-Saharan Africa","Low income",2009,-7.45966019867553,10.9964896089709,0.8759
"UGA","Uganda","Sub-Saharan Africa","Low income",2010,-10.1609312265263,11.1519252310158,0.6133
"UGA","Uganda","Sub-Saharan Africa","Low income",2011,-11.3416132892316,11.7057055694757,1.3093
"UGA","Uganda","Sub-Saharan Africa","Low income",2012,-10.2925202306838,13.8289863648491,0.8701
"UGA","Uganda","Sub-Saharan Africa","Low income",2013,-8.54198459378157,29.6029198551534,0.771
"UGA","Uganda","Sub-Saharan Africa","Low income",2014,-8.7979955717883,26.5279910259427,1.6684
"UGA","Uganda","Sub-Saharan Africa","Low income",2015,-8.04348239700973,29.5509047580606,1.9748
"UGA","Uganda","Sub-Saharan Africa","Low income",2016,-5.84923636046924,34.5438225419223,0.8003
"UGA","Uganda","Sub-Saharan Africa","Low income",2017,-6.94725002353246,37.9911686641472,1.0883
"UGA","Uganda","Sub-Saharan Africa","Low income",2018,-8.48914448913147,37.4423865924031,0.6121
"UGA","Uganda","Sub-Saharan Africa","Low income",2019,-10.2468670318024,39.5845229648995,1.5155
"UGA","Uganda","Sub-Saharan Africa","Low income",2020,-12.1994318621399,47.0783074786073,2.6024
"UGA","Uganda","Sub-Saharan Africa","Low income",2021,-10.8281853520957,51.0021159305363,1.7204
"UGA","Uganda","Sub-Saharan Africa","Low income",2022,-10.8924687018918,46.1778181952626,2.9433
"UGA","Uganda","Sub-Saharan Africa","Low income",2023,-8.91876546586382,41.5936932710868,3.045
"UGA","Uganda","Sub-Saharan Africa","Low income",2024,-9.07309063688661,38.0887457160279,3.3724
"UKR","Ukraine","Europe & Central Asia","Upper middle income",1994,-2.59944987784201,10.7263525984336,7.1257
"UKR","Ukraine","Europe & Central Asia","Upper middle income",1995,-2.46817012195592,17.4845022202177,5.159
"UKR","Ukraine","Europe & Central Asia","Upper middle income",1996,-2.51801937953115,21.406918993715,6.2081
"UKR","Ukraine","Europe & Central Asia","Upper middle income",1997,-3.06271802924008,22.200422857745,5.507
"UKR","Ukraine","Europe & Central Asia","Upper middle income",1998,-2.88187029719377,31.2135699517359,9.1148
"UKR","Ukraine","Europe & Central Asia","Upper middle income",1999,5.76619101363058,49.8819683535814,5.0505
"UKR","Ukraine","Europe & Central Asia","Upper middle income",2000,4.43550973610102,42.982076009483,7.2974
"UKR","Ukraine","Europe & Central Asia","Upper middle income",2001,1.36099135787854,56.4980347632699,4.0082
"UKR","Ukraine","Europe & Central Asia","Upper middle income",2002,4.24058845638042,53.4300437176125,9.643
"UKR","Ukraine","Europe & Central Asia","Upper middle income",2003,2.49565683834797,49.732426497554,5.6641
"UKR","Ukraine","Europe & Central Asia","Upper middle income",2004,7.40849238135726,47.7676644646036,7.5346
"UKR","Ukraine","Europe & Central Asia","Upper middle income",2005,0.755276301536106,39.3328143426973,4.2343
"UKR","Ukraine","Europe & Central Asia","Upper middle income",2006,-2.74389488476472,48.504596611237,5.2826
"UKR","Ukraine","Europe & Central Asia","Upper middle income",2007,-5.46681160848135,54.3329546301493,5.6486
"UKR","Ukraine","Europe & Central Asia","Upper middle income",2008,-7.63806823728652,52.906553826279,2.941
"UKR","Ukraine","Europe & Central Asia","Upper middle income",2009,-1.61000849803916,86.6341695728227,4.3396
"UKR","Ukraine","Europe & Central Asia","Upper middle income",2010,-2.8199301702236,88.1861266000925,4.8307
"UKR","Ukraine","Europe & Central Asia","Upper middle income",2011,-5.9911239758579,80.984391443962,5.0297
"UKR","Ukraine","Europe & Central Asia","Upper middle income",2012,-7.85687179143798,73.2492692738064,6.8329
"UKR","Ukraine","Europe & Central Asia","Upper middle income",2013,-8.20687535012808,77.1323695067417,6.1244
"UKR","Ukraine","Europe & Central Asia","Upper middle income",2014,-3.45008720404055,95.6207174487954,1.1806
"UKR","Ukraine","Europe & Central Asia","Upper middle income",2015,-2.59472139796756,130.248234360235,5.6026
"UKR","Ukraine","Europe & Central Asia","Upper middle income",2016,-6.9122595517587,124.621623735649,2.3678
"UKR","Ukraine","Europe & Central Asia","Upper middle income",2017,-7.80083914656614,110.995540948784,7.0789
"UKR","Ukraine","Europe & Central Asia","Upper middle income",2018,-8.692723200897,93.6396096096481,6.6312
"UKR","Ukraine","Europe & Central Asia","Upper middle income",2019,-8.13020030632118,81.7014429298818,5.9302
"UKR","Ukraine","Europe & Central Asia","Upper middle income",2020,-2.16897548778715,85.1790787399752,3.4756
"UKR","Ukraine","Europe & Central Asia","Upper middle income",2021,-2.12548831372875,68.5340283863096,4.0537
"UKR","Ukraine","Europe & Central Asia","Upper middle income",2022,-16.2893253109973,88.5184304883513,1.8108
"UKR","Ukraine","Europe & Central Asia","Upper middle income",2023,-20.7789894063649,98.7680277619896,1.3457
"UKR","Ukraine","Europe & Central Asia","Upper middle income",2024,-20.3192478469864,101.393162699685,2.5498
"UZB","Uzbekistan","Europe & Central Asia","Lower middle income",2005,4.1600919157306,32.4155305259414,1.9488
"UZB","Uzbekistan","Europe & Central Asia","Lower middle income",2006,4.83099578274841,26.0821014422146,3.2647
"UZB","Uzbekistan","Europe & Central Asia","Lower middle income",2007,4.00920032756229,20.9209206766185,2.8303
"UZB","Uzbekistan","Europe & Central Asia","Lower middle income",2008,1.28540115864757,17.1799483772172,2.6142
"UZB","Uzbekistan","Europe & Central Asia","Lower middle income",2009,1.11114153479947,21.6581337135171,1.396
"UZB","Uzbekistan","Europe & Central Asia","Lower middle income",2010,-1.0377226177119,14.3784771727831,1.5413
"UZB","Uzbekistan","Europe & Central Asia","Lower middle income",2011,-1.98817295839486,12.1874568202389,1.0496
"UZB","Uzbekistan","Europe & Central Asia","Lower middle income",2012,-5.07643655917602,11.3525743488831,1.3933
"UZB","Uzbekistan","Europe & Central Asia","Lower middle income",2013,-4.53254333501585,12.4787516039434,1.5567
"UZB","Uzbekistan","Europe & Central Asia","Lower middle income",2014,-3.80346414471455,13.3826653845456,1.2901
"UZB","Uzbekistan","Europe & Central Asia","Lower middle income",2015,-2.89288610010664,13.9100737512958,1.8045
"UZB","Uzbekistan","Europe & Central Asia","Lower middle income",2016,-4.01659189712952,15.6681411011664,1.7316
"UZB","Uzbekistan","Europe & Central Asia","Lower middle income",2017,-5.61445610417486,23.1077321354818,2.3135
"UZB","Uzbekistan","Europe & Central Asia","Lower middle income",2018,-15.1804682025326,29.7766027180299,2.6388
"UZB","Uzbekistan","Europe & Central Asia","Lower middle income",2019,-13.6267665810043,35.5730775851337,3.6386
"UZB","Uzbekistan","Europe & Central Asia","Lower middle income",2020,-11.5527583672832,52.9810561887421,2.0336
"UZB","Uzbekistan","Europe & Central Asia","Lower middle income",2021,-14.1602106223727,55.2818208288365,1.9347
"UZB","Uzbekistan","Europe & Central Asia","Lower middle income",2022,-15.5668811414954,56.8404857103904,2.1996
"UZB","Uzbekistan","Europe & Central Asia","Lower middle income",2023,-16.3650887272039,57.2601719010365,5.9349
"UZB","Uzbekistan","Europe & Central Asia","Lower middle income",2024,-14.3798756079242,57.8927810027018,5.6177
"VCT","St. Vincent and the Grenadines","Latin America & Caribbean","Upper middle income",1978,-15.2847973187483,9.34771379941998,4.4921
"VCT","St. Vincent and the Grenadines","Latin America & Caribbean","Upper middle income",1979,-26.8649479375594,10.1753734476513,4.9513
"VCT","St. Vincent and the Grenadines","Latin America & Caribbean","Upper middle income",1980,-29.7545530054917,12.9062390898567,4.7912
"VCT","St. Vincent and the Grenadines","Latin America & Caribbean","Upper middle income",1981,-17.14231878853,18.4323476302909,2.8561
"VCT","St. Vincent and the Grenadines","Latin America & Caribbean","Upper middle income",1982,-22.6000436679362,18.6565997986215,6.5956
"VCT","St. Vincent and the Grenadines","Latin America & Caribbean","Upper middle income",1983,-16.1138142908926,20.9382358952381,4.1981
"VCT","St. Vincent and the Grenadines","Latin America & Caribbean","Upper middle income",1984,-9.99814939603482,18.469413558506,2.6434
"VCT","St. Vincent and the Grenadines","Latin America & Caribbean","Upper middle income",1985,-4.66899229952968,18.6647448033073,4.7071
"VCT","St. Vincent and the Grenadines","Latin America & Caribbean","Upper middle income",1986,-5.89703596068021,19.4987523209735,4
"VCT","St. Vincent and the Grenadines","Latin America & Caribbean","Upper middle income",1987,-12.9348601035817,23.6407170795344,2.6371
"VCT","St. Vincent and the Grenadines","Latin America & Caribbean","Upper middle income",1988,-5.86941385593949,24.0501681995769,2.3333
"VCT","St. Vincent and the Grenadines","Latin America & Caribbean","Upper middle income",1989,-14.4805681038003,24.5543198930585,4.1291
"VCT","St. Vincent and the Grenadines","Latin America & Caribbean","Upper middle income",1990,-9.19428650672582,26.086909915407,3.9914
"VCT","St. Vincent and the Grenadines","Latin America & Caribbean","Upper middle income",1991,-16.2882971920237,27.0199354761351,3.3413
"VCT","St. Vincent and the Grenadines","Latin America & Caribbean","Upper middle income",1992,-8.5345378957467,27.4308787056284,2.5084
"VCT","St. Vincent and the Grenadines","Latin America & Caribbean","Upper middle income",1993,-15.1727617298164,35.5258237713931,4.3248
"VCT","St. Vincent and the Grenadines","Latin America & Caribbean","Upper middle income",1994,-19.9749193837334,39.4456407751958,1.4246
"VCT","St. Vincent and the Grenadines","Latin America & Caribbean","Upper middle income",1995,-12.0883242305619,37.4350006762617,3.5068
"VCT","St. Vincent and the Grenadines","Latin America & Caribbean","Upper middle income",1996,-11.1774038568971,36.9522215090165,4.3211
"VCT","St. Vincent and the Grenadines","Latin America & Caribbean","Upper middle income",1997,-23.1772774712986,33.8502210451767,4.2976
"VCT","St. Vincent and the Grenadines","Latin America & Caribbean","Upper middle income",1998,-24.516986032495,36.4806337331601,3.8585
"VCT","St. Vincent and the Grenadines","Latin America & Caribbean","Upper middle income",1999,-16.0691603313932,49.6015366343109,4.4117
"VCT","St. Vincent and the Grenadines","Latin America & Caribbean","Upper middle income",2000,-8.97181501499938,45.5846384863512,2.5
"VCT","St. Vincent and the Grenadines","Latin America & Caribbean","Upper middle income",2001,-7.82821739146933,42.2112335298153,3.8622
"VCT","St. Vincent and the Grenadines","Latin America & Caribbean","Upper middle income",2002,-4.93247109176488,36.0057768596886,2.4361
"VCT","St. Vincent and the Grenadines","Latin America & Caribbean","Upper middle income",2003,-8.84023947140452,39.1428594479309,6.2006
"VCT","St. Vincent and the Grenadines","Latin America & Caribbean","Upper middle income",2004,-13.0209122857887,41.5771443726656,5.2697
"VCT","St. Vincent and the Grenadines","Latin America & Caribbean","Upper middle income",2005,-13.5782414271634,43.5369123577357,5.6101
"VCT","St. Vincent and the Grenadines","Latin America & Caribbean","Upper middle income",2006,-16.3446402617912,38.2426999560449,NA
"VCT","St. Vincent and the Grenadines","Latin America & Caribbean","Upper middle income",2007,-21.811489584953,28.7478839213561,5.8375
"VCT","St. Vincent and the Grenadines","Latin America & Caribbean","Upper middle income",2008,-30.8735152750853,31.5192512906237,8.5
"VCT","St. Vincent and the Grenadines","Latin America & Caribbean","Upper middle income",2009,-25.8168042917481,34.4095071944794,2.7655
"VCT","St. Vincent and the Grenadines","Latin America & Caribbean","Upper middle income",2010,-26.4794676005067,41.2355606257897,2.459
"VCT","St. Vincent and the Grenadines","Latin America & Caribbean","Upper middle income",2011,-22.8856604199202,42.796954352891,0.8789
"VCT","St. Vincent and the Grenadines","Latin America & Caribbean","Upper middle income",2012,-26.3806381716877,39.9749877691914,1.8376
"VCT","St. Vincent and the Grenadines","Latin America & Caribbean","Upper middle income",2013,-26.0208028085741,41.8369821862402,2.3135
"VCT","St. Vincent and the Grenadines","Latin America & Caribbean","Upper middle income",2014,-25.0159729138577,46.3651497989363,1.3683
"VCT","St. Vincent and the Grenadines","Latin America & Caribbean","Upper middle income",2015,-16.8727785292791,47.2147896072892,3.9713
"VCT","St. Vincent and the Grenadines","Latin America & Caribbean","Upper middle income",2016,-16.7052072941826,44.3730704842128,2.1196
"VCT","St. Vincent and the Grenadines","Latin America & Caribbean","Upper middle income",2017,-16.1326686889027,42.0987356591528,3.409
"VCT","St. Vincent and the Grenadines","Latin America & Caribbean","Upper middle income",2018,-14.7748167453942,37.3310601882991,3.8699
"VCT","St. Vincent and the Grenadines","Latin America & Caribbean","Upper middle income",2019,-10.7193118415165,37.4002384810642,2.5139
"VCT","St. Vincent and the Grenadines","Latin America & Caribbean","Upper middle income",2020,-22.0236489271011,52.2436553957666,1.3485
"VCT","St. Vincent and the Grenadines","Latin America & Caribbean","Upper middle income",2021,-32.5945754616722,64.3012013678248,1.0421
"VCT","St. Vincent and the Grenadines","Latin America & Caribbean","Upper middle income",2022,-26.5409865546407,63.1305938647826,1.2529
"VCT","St. Vincent and the Grenadines","Latin America & Caribbean","Upper middle income",2023,-22.0506092143804,65.1399571152728,2.7111
"VCT","St. Vincent and the Grenadines","Latin America & Caribbean","Upper middle income",2024,-23.039318762282,69.6891020777989,3.8849
"VNM","Viet Nam","East Asia & Pacific","Lower middle income",1996,-11.5015852554809,106.701907657317,2.5227
"VNM","Viet Nam","East Asia & Pacific","Lower middle income",1997,-6.96625267470817,81.3257096350645,3.2984
"VNM","Viet Nam","East Asia & Pacific","Lower middle income",1998,-5.58258807756976,82.7366207903162,2.3547
"VNM","Viet Nam","East Asia & Pacific","Lower middle income",1999,1.4816798648304,81.3312578077631,2.1316
"VNM","Viet Nam","East Asia & Pacific","Lower middle income",2000,-0.56139192135783,41.1939063698938,1.3247
"VNM","Viet Nam","East Asia & Pacific","Lower middle income",2001,-0.2784134816894,38.650014269742,1.038
"VNM","Viet Nam","East Asia & Pacific","Lower middle income",2002,-5.14486245758379,38.0530643759969,1.3071
"VNM","Viet Nam","East Asia & Pacific","Lower middle income",2003,-8.49250711403455,39.423532035171,1.9027
"VNM","Viet Nam","East Asia & Pacific","Lower middle income",2004,-6.95388329766101,38.8115067855442,1.7912
"VNM","Viet Nam","East Asia & Pacific","Lower middle income",2005,-4.74585196509579,32.2618299782711,2.8479
"VNM","Viet Nam","East Asia & Pacific","Lower middle income",2006,-4.19417202758663,28.2536928663639,2.9736
"VNM","Viet Nam","East Asia & Pacific","Lower middle income",2007,-14.4586747535028,29.8851139137673,2.9741
"VNM","Viet Nam","East Asia & Pacific","Lower middle income",2008,-13.8534831753037,26.7300865193586,2.4416
"VNM","Viet Nam","East Asia & Pacific","Lower middle income",2009,-9.45906919017305,30.9139549296385,1.2082
"VNM","Viet Nam","East Asia & Pacific","Lower middle income",2010,-5.16096430144207,30.5850969961046,2.3127
"VNM","Viet Nam","East Asia & Pacific","Lower middle income",2011,-1.98731076946758,31.4722571488795,2.3211
"VNM","Viet Nam","East Asia & Pacific","Lower middle income",2012,3.80693022714391,31.8289436459655,1.7455
"VNM","Viet Nam","East Asia & Pacific","Lower middle income",2013,2.62225967957543,30.9998849198339,1.7749
"VNM","Viet Nam","East Asia & Pacific","Lower middle income",2014,3.68213574031594,32.0125740966801,1.9965
"VNM","Viet Nam","East Asia & Pacific","Lower middle income",2015,1.09045315899612,34.1993838021166,1.2019
"VNM","Viet Nam","East Asia & Pacific","Lower middle income",2016,2.63870304046603,35.1946697331398,1.5609
"VNM","Viet Nam","East Asia & Pacific","Lower middle income",2017,2.42257424641548,39.058736810793,1.8451
"VNM","Viet Nam","East Asia & Pacific","Lower middle income",2018,4.14700430206217,36.3171985441629,2.2558
"VNM","Viet Nam","East Asia & Pacific","Lower middle income",2019,5.72524980586787,36.6353754435514,2.001
"VNM","Viet Nam","East Asia & Pacific","Lower middle income",2020,5.89153859145182,37.3552619401272,0.334
"VNM","Viet Nam","East Asia & Pacific","Lower middle income",2021,0.490893297941346,38.1615652863777,1.3298
"VNM","Viet Nam","East Asia & Pacific","Lower middle income",2022,3.74777572713638,35.4634129100968,0.5669
"VNM","Viet Nam","East Asia & Pacific","Lower middle income",2023,8.11447470773352,32.6978872951399,0.6842
"VNM","Viet Nam","East Asia & Pacific","Lower middle income",2024,6.89424855998451,27.9026840029569,2.7877
"VUT","Vanuatu","East Asia & Pacific","Lower middle income",1982,-8.69648673590802,3.56081667997096,3.8293
"VUT","Vanuatu","East Asia & Pacific","Lower middle income",1983,-5.62379284115068,9.04607660634375,2.922
"VUT","Vanuatu","East Asia & Pacific","Lower middle income",1984,2.36573652412657,8.95589861999025,13.255
"VUT","Vanuatu","East Asia & Pacific","Lower middle income",1985,-12.0028480091454,11.9545702180731,3.8549
"VUT","Vanuatu","East Asia & Pacific","Lower middle income",1986,-18.3478307781692,14.4170076622459,1.4894
"VUT","Vanuatu","East Asia & Pacific","Lower middle income",1987,-16.3489605236146,16.9575474463877,8.5625
"VUT","Vanuatu","East Asia & Pacific","Lower middle income",1988,-12.8333364231986,16.9107162539647,1
"VUT","Vanuatu","East Asia & Pacific","Lower middle income",1989,-14.9382801043178,19.6834099177249,1.1896
"VUT","Vanuatu","East Asia & Pacific","Lower middle income",1990,-17.3471056583712,22.6302048805504,NA
"VUT","Vanuatu","East Asia & Pacific","Lower middle income",1991,-9.93847956278524,17.3191541524038,0.8715
"VUT","Vanuatu","East Asia & Pacific","Lower middle income",1992,-2.7985514914038,17.3261601464558,1
"VUT","Vanuatu","East Asia & Pacific","Lower middle income",1993,-4.17148485501793,20.0454538002371,NA
"VUT","Vanuatu","East Asia & Pacific","Lower middle income",1994,-2.08641250146802,19.5040851759465,NA
"VUT","Vanuatu","East Asia & Pacific","Lower middle income",1995,-1.91781128815386,19.6305493486342,NA
"VUT","Vanuatu","East Asia & Pacific","Lower middle income",1996,2.04184413376673,18.3187312815613,3.5109
"VUT","Vanuatu","East Asia & Pacific","Lower middle income",1997,2.99314935417487,17.8664618448396,NA
"VUT","Vanuatu","East Asia & Pacific","Lower middle income",1998,5.54596951461549,24.4639686245695,3.298
"VUT","Vanuatu","East Asia & Pacific","Lower middle income",1999,-6.00365604115415,32.8264601912671,NA
"VUT","Vanuatu","East Asia & Pacific","Lower middle income",2000,3.64302186926248,41.2712263650723,2
"VUT","Vanuatu","East Asia & Pacific","Lower middle income",2001,-4.5761327532124,47.557634660569,NA
"VUT","Vanuatu","East Asia & Pacific","Lower middle income",2002,-6.16645124542316,61.1524658405168,NA
"VUT","Vanuatu","East Asia & Pacific","Lower middle income",2003,-4.75469615153768,51.2435219665229,NA
"VUT","Vanuatu","East Asia & Pacific","Lower middle income",2004,-4.97378716767145,42.1735043555498,NA
"VUT","Vanuatu","East Asia & Pacific","Lower middle income",2005,-7.07591792039233,25.406838501154,NA
"VUT","Vanuatu","East Asia & Pacific","Lower middle income",2006,-8.03114853196792,25.1693508648528,NA
"VUT","Vanuatu","East Asia & Pacific","Lower middle income",2007,-6.32721303624062,24.7677471405701,NA
"VUT","Vanuatu","East Asia & Pacific","Lower middle income",2008,-29.9420836220961,25.2020723865035,1.9999
"VUT","Vanuatu","East Asia & Pacific","Lower middle income",2009,1.27956198646923,25.869576178132,NA
"VUT","Vanuatu","East Asia & Pacific","Lower middle income",2010,-6.40422050666121,26.4876628724586,NA
"VUT","Vanuatu","East Asia & Pacific","Lower middle income",2011,-7.07410587182462,23.1699928468419,NA
"VUT","Vanuatu","East Asia & Pacific","Lower middle income",2012,-5.7074236716149,24.3651066865058,0.7144
"VUT","Vanuatu","East Asia & Pacific","Lower middle income",2013,-2.96353157172401,18.355493115243,NA
"VUT","Vanuatu","East Asia & Pacific","Lower middle income",2014,-4.31362391184608,23.12067580407,2
"VUT","Vanuatu","East Asia & Pacific","Lower middle income",2015,-21.9883902494022,30.0216358451643,0.6023
"VUT","Vanuatu","East Asia & Pacific","Lower middle income",2016,-15.2536182374735,32.2892772976977,0.7735
"VUT","Vanuatu","East Asia & Pacific","Lower middle income",2017,-13.7893228448648,40.2008678241015,0.8931
"VUT","Vanuatu","East Asia & Pacific","Lower middle income",2018,-12.843548823875,38.8858931505384,2
"VUT","Vanuatu","East Asia & Pacific","Lower middle income",2019,-15.6067998116769,40.0097510682974,1.379
"VUT","Vanuatu","East Asia & Pacific","Lower middle income",2020,-30.0205581709825,43.2419672654428,0.75
"VUT","Vanuatu","East Asia & Pacific","Lower middle income",2021,-40.0713954934921,43.5850646386419,3
"VUT","Vanuatu","East Asia & Pacific","Lower middle income",2022,-37.0929134567337,40.233370318382,0.75
"WSM","Samoa","East Asia & Pacific","Upper middle income",2004,-22.2185635661118,43.2856840378754,0.9736
"WSM","Samoa","East Asia & Pacific","Upper middle income",2005,-23.9806794328219,35.4650574570005,3.75
"WSM","Samoa","East Asia & Pacific","Upper middle income",2006,-28.0774578998508,33.0931976576639,1.3833
"WSM","Samoa","East Asia & Pacific","Upper middle income",2007,-20.2962570962484,32.7250710697626,1.0978
"WSM","Samoa","East Asia & Pacific","Upper middle income",2008,-22.2088733767914,32.3328135093047,0.842
"WSM","Samoa","East Asia & Pacific","Upper middle income",2009,-18.1395982686383,40.2680293533834,NA
"WSM","Samoa","East Asia & Pacific","Upper middle income",2010,-27.2098928164854,47.7902309953571,1.3513
"WSM","Samoa","East Asia & Pacific","Upper middle income",2011,-29.2559383768694,49.4973707551041,1.0578
"WSM","Samoa","East Asia & Pacific","Upper middle income",2012,-22.7019575443382,54.6994751469545,1.7655
"WSM","Samoa","East Asia & Pacific","Upper middle income",2013,-23.0897691552524,58.6504948055949,NA
"WSM","Samoa","East Asia & Pacific","Upper middle income",2014,-23.8763941485834,60.7095461377909,1.9999
"WSM","Samoa","East Asia & Pacific","Upper middle income",2015,-17.0095127871589,56.5800326229044,NA
"WSM","Samoa","East Asia & Pacific","Upper middle income",2016,-17.9884122071363,52.6207882785105,0.7499
"WSM","Samoa","East Asia & Pacific","Upper middle income",2017,-14.8941499260605,53.4832508302678,1.3406
"WSM","Samoa","East Asia & Pacific","Upper middle income",2018,-13.5995031938845,50.8310076744674,NA
"WSM","Samoa","East Asia & Pacific","Upper middle income",2019,-13.1360174460249,47.6318613401183,NA
"WSM","Samoa","East Asia & Pacific","Upper middle income",2020,-29.9546450692717,54.9283105136156,NA
"WSM","Samoa","East Asia & Pacific","Upper middle income",2021,-38.6445275864453,58.8115956155185,NA
"WSM","Samoa","East Asia & Pacific","Upper middle income",2022,-37.8440750834751,52.9144577543899,NA
"WSM","Samoa","East Asia & Pacific","Upper middle income",2023,-20.5373390201399,41.3906544432356,NA
"WSM","Samoa","East Asia & Pacific","Upper middle income",2024,-17.5325278486019,33.5903422921981,NA
"XKX","Kosovo","Europe & Central Asia","Upper middle income",2008,-42.3493439476889,13.6436877205797,NA
"XKX","Kosovo","Europe & Central Asia","Upper middle income",2009,-39.5547138986321,34.2690894971104,NA
"XKX","Kosovo","Europe & Central Asia","Upper middle income",2010,-38.720321322043,31.8311881769797,2.9538
"XKX","Kosovo","Europe & Central Asia","Upper middle income",2011,-36.1579702172938,30.6706774306728,2.1297
"XKX","Kosovo","Europe & Central Asia","Upper middle income",2012,-32.3753852495089,32.5477944801621,3.2
"XKX","Kosovo","Europe & Central Asia","Upper middle income",2013,-29.1664062331895,32.9732448797202,2.4265
"XKX","Kosovo","Europe & Central Asia","Upper middle income",2014,-29.8798605242302,29.7460592646185,1.1
"XKX","Kosovo","Europe & Central Asia","Upper middle income",2015,-29.0485970252372,33.4017321259027,1.5981
"XKX","Kosovo","Europe & Central Asia","Upper middle income",2016,-27.3082789982807,31.7938486851538,1.0857
"XKX","Kosovo","Europe & Central Asia","Upper middle income",2017,-25.6522694476975,34.8738578698128,1.4256
"XKX","Kosovo","Europe & Central Asia","Upper middle income",2018,-28.1752140737897,29.5152022789503,0.4393
"XKX","Kosovo","Europe & Central Asia","Upper middle income",2019,-27.1184010418609,30.6037633145265,0.9908
"XKX","Kosovo","Europe & Central Asia","Upper middle income",2020,-32.3202337737242,39.9298121651381,0.6401
"XKX","Kosovo","Europe & Central Asia","Upper middle income",2021,-31.7601769770787,35.5465119146207,1.4278
"XKX","Kosovo","Europe & Central Asia","Upper middle income",2022,-32.0338099682244,39.074924842327,2.3874
"XKX","Kosovo","Europe & Central Asia","Upper middle income",2023,-30.5209017921118,40.5173062501594,1.0965
"XKX","Kosovo","Europe & Central Asia","Upper middle income",2024,-30.1778210105478,39.2347901141521,0.8786
"YEM","Yemen, Rep.","Middle East, North Africa, Afghanistan & Pakistan","Low income",2005,4.96622319401025,32.7378745349218,2.3751
"YEM","Yemen, Rep.","Middle East, North Africa, Afghanistan & Pakistan","Low income",2006,0.440955609308971,29.972867236756,1.9189
"YEM","Yemen, Rep.","Middle East, North Africa, Afghanistan & Pakistan","Low income",2007,-7.3164033259633,28.4308047630517,2.6796
"YEM","Yemen, Rep.","Middle East, North Africa, Afghanistan & Pakistan","Low income",2008,-5.5709488049577,23.1454423397162,2.5223
"YEM","Yemen, Rep.","Middle East, North Africa, Afghanistan & Pakistan","Low income",2009,-11.4213755038119,27.0557928594777,2.0797
"YEM","Yemen, Rep.","Middle East, North Africa, Afghanistan & Pakistan","Low income",2010,-4.39552047969986,21.0453870764006,1.482
"YEM","Yemen, Rep.","Middle East, North Africa, Afghanistan & Pakistan","Low income",2011,-0.989301105146617,19.6450073151608,2.4341
"YEM","Yemen, Rep.","Middle East, North Africa, Afghanistan & Pakistan","Low income",2012,-12.1756997775974,21.4281345627256,0.7217
"YEM","Yemen, Rep.","Middle East, North Africa, Afghanistan & Pakistan","Low income",2013,-8.56337042563888,19.0247290988489,2.0428
"YEM","Yemen, Rep.","Middle East, North Africa, Afghanistan & Pakistan","Low income",2014,-13.4475030813052,17.8658222548627,2.0567
"YEM","Yemen, Rep.","Middle East, North Africa, Afghanistan & Pakistan","Low income",2015,-13.7359017167124,17.196311433827,NA
"YEM","Yemen, Rep.","Middle East, North Africa, Afghanistan & Pakistan","Low income",2016,-23.3657370450575,22.5522419544552,NA
"ZAF","South Africa","Sub-Saharan Africa","Upper middle income",1994,1.99376117427647,14.1167459878483,14.83167
"ZAF","South Africa","Sub-Saharan Africa","Upper middle income",1995,0.59814352262736,14.7656924810272,16.10667
"ZAF","South Africa","Sub-Saharan Africa","Upper middle income",1996,1.34299609750496,15.9585947055555,15.48333
"ZAF","South Africa","Sub-Saharan Africa","Upper middle income",1997,1.01208823047821,18.1289235302227,14.6975
"ZAF","South Africa","Sub-Saharan Africa","Upper middle income",1998,1.1306259696366,17.0049405439384,15.1225
"ZAF","South Africa","Sub-Saharan Africa","Upper middle income",1999,2.2834011907481,16.9748907790358,14.90167
"ZAF","South Africa","Sub-Saharan Africa","Upper middle income",2000,2.58340220364391,17.5734843376603,13.78667
"ZAF","South Africa","Sub-Saharan Africa","Upper middle income",2001,3.59433532558772,18.9619925935639,11.40667
"ZAF","South Africa","Sub-Saharan Africa","Upper middle income",2002,3.37937520050525,27.1908514727554,11.50888
"ZAF","South Africa","Sub-Saharan Africa","Upper middle income",2003,2.05389700035538,20.3601184267966,9.617318
"ZAF","South Africa","Sub-Saharan Africa","Upper middle income",2004,-0.160421159423145,17.205787390581,9.515293
"ZAF","South Africa","Sub-Saharan Africa","Upper middle income",2005,-0.21925018338813,15.6109880643947,8.067034
"ZAF","South Africa","Sub-Saharan Africa","Upper middle income",2006,-1.52509379796058,19.0703843567579,7.934869
"ZAF","South Africa","Sub-Saharan Africa","Upper middle income",2007,-1.20063675563526,21.8604197165678,7.98763
"ZAF","South Africa","Sub-Saharan Africa","Upper middle income",2008,-1.55964293867814,23.4967683518304,9.091066
"ZAF","South Africa","Sub-Saharan Africa","Upper middle income",2009,0.461234698506271,25.5901897759799,8.691194
"ZAF","South Africa","Sub-Saharan Africa","Upper middle income",2010,1.19308629867663,27.6330525650741,8.615417
"ZAF","South Africa","Sub-Saharan Africa","Upper middle income",2011,0.780673028387688,27.0943974354521,8.514085
"ZAF","South Africa","Sub-Saharan Africa","Upper middle income",2012,-1.29478395043146,34.0631092027682,7.902799
"ZAF","South Africa","Sub-Saharan Africa","Upper middle income",2013,-2.12373359541402,35.3345013486308,7.719594
"ZAF","South Africa","Sub-Saharan Africa","Upper middle income",2014,-1.51189405623848,39.1735978083847,8.243854
"ZAF","South Africa","Sub-Saharan Africa","Upper middle income",2015,-1.28531289368584,36.8471201403147,8.159151
"ZAF","South Africa","Sub-Saharan Africa","Upper middle income",2016,0.474029897289383,44.5194674297744,9.016841
"ZAF","South Africa","Sub-Saharan Africa","Upper middle income",2017,1.14014857379725,45.8842812600713,9.054002
"ZAF","South Africa","Sub-Saharan Africa","Upper middle income",2018,0.490154834513468,44.4638423803416,9.127577
"ZAF","South Africa","Sub-Saharan Africa","Upper middle income",2019,0.497999843131,48.9938823047491,9.072575
"ZAF","South Africa","Sub-Saharan Africa","Upper middle income",2020,4.46164646369644,51.9055006855165,10.07324
"ZAF","South Africa","Sub-Saharan Africa","Upper middle income",2021,6.27444681558006,40.3459441007969,9.789732
"ZAF","South Africa","Sub-Saharan Africa","Upper middle income",2022,2.21050111186128,42.1327991308046,10.73649
"ZAF","South Africa","Sub-Saharan Africa","Upper middle income",2023,0.818609286345424,43.47710616833,11.62392
"ZAF","South Africa","Sub-Saharan Africa","Upper middle income",2024,1.94730133250116,43.8483709647774,11.16963
"ZMB","Zambia","Sub-Saharan Africa","Lower middle income",1997,-2.68167008891336,154.761844431377,1.7654
"ZMB","Zambia","Sub-Saharan Africa","Lower middle income",1998,-9.39017049452118,194.203937408233,0.8906
"ZMB","Zambia","Sub-Saharan Africa","Lower middle income",1999,-8.73017416452704,174.869315645676,1.6497
"ZMB","Zambia","Sub-Saharan Africa","Lower middle income",2000,-12.2297026292712,161.429438733111,0.7648
"ZMB","Zambia","Sub-Saharan Africa","Lower middle income",2001,-13.7926412532163,151.285024810663,0.6878
"ZMB","Zambia","Sub-Saharan Africa","Lower middle income",2002,-11.3099168931329,159.307551386011,0.8123
"ZMB","Zambia","Sub-Saharan Africa","Lower middle income",2003,-11.1062314219694,140.400553853155,2.168
"ZMB","Zambia","Sub-Saharan Africa","Lower middle income",2004,-1.57422062212833,121.33566957058,0.8271
"ZMB","Zambia","Sub-Saharan Africa","Lower middle income",2005,3.0569935840987,64.4515419777357,0.785
"ZMB","Zambia","Sub-Saharan Africa","Lower middle income",2006,10.9529123498199,17.6424383664447,3.1488
"ZMB","Zambia","Sub-Saharan Africa","Lower middle income",2007,5.56031042248047,19.4924295471792,1.3157
"ZMB","Zambia","Sub-Saharan Africa","Lower middle income",2008,1.35495845788034,16.3979158334956,0.8544
"ZMB","Zambia","Sub-Saharan Africa","Lower middle income",2009,5.31885206383506,23.7526483536317,1.5619
"ZMB","Zambia","Sub-Saharan Africa","Lower middle income",2010,12.120705044357,21.320421386551,2.5525
"ZMB","Zambia","Sub-Saharan Africa","Lower middle income",2011,7.97874896776057,22.1641835094224,1.6248
"ZMB","Zambia","Sub-Saharan Africa","Lower middle income",2012,4.90689651765219,24.2398010387245,3.5616
"ZMB","Zambia","Sub-Saharan Africa","Lower middle income",2013,2.10361341852201,23.7847491161472,3.4338
"ZMB","Zambia","Sub-Saharan Africa","Lower middle income",2014,3.06486268523793,35.5572394178404,5.6462
"ZMB","Zambia","Sub-Saharan Africa","Lower middle income",2015,-3.03582224376637,57.9297392350209,6.3346
"ZMB","Zambia","Sub-Saharan Africa","Lower middle income",2016,-2.44244477212359,75.1763519417345,3.232
"ZMB","Zambia","Sub-Saharan Africa","Lower middle income",2017,1.35609038569356,91.7508057385654,4.5441
"ZMB","Zambia","Sub-Saharan Africa","Lower middle income",2018,-0.799721967916357,93.5559431007208,5.1176
"ZMB","Zambia","Sub-Saharan Africa","Lower middle income",2019,0.953163817609503,126.118793886958,4.781
"ZMB","Zambia","Sub-Saharan Africa","Lower middle income",2020,14.8435195751548,162.81726133629,5.0009
"ZMB","Zambia","Sub-Saharan Africa","Lower middle income",2021,18.2688239782805,121.935926943746,1.9493
"ZMB","Zambia","Sub-Saharan Africa","Lower middle income",2022,8.30406384578591,97.4613171833498,2.1097
"ZMB","Zambia","Sub-Saharan Africa","Lower middle income",2023,2.08011503703057,105.433889016101,0.6947
"ZMB","Zambia","Sub-Saharan Africa","Lower middle income",2024,2.72191404482011,111.123302936683,3.6353
"ZWE","Zimbabwe","Sub-Saharan Africa","Lower middle income",2009,-18.4928326363089,66.4546341524701,NA
"ZWE","Zimbabwe","Sub-Saharan Africa","Lower middle income",2010,-24.1272058248647,58.5199764155133,3.8738
"ZWE","Zimbabwe","Sub-Saharan Africa","Lower middle income",2011,-31.2025442422513,54.5482336699979,3.2826
"ZWE","Zimbabwe","Sub-Saharan Africa","Lower middle income",2012,-23.8358096434318,53.7216058773031,1.9999
"ZWE","Zimbabwe","Sub-Saharan Africa","Lower middle income",2013,-22.1282134701892,45.703029641768,1.9683
"ZWE","Zimbabwe","Sub-Saharan Africa","Lower middle income",2014,-19.8537041207076,44.3911030411935,2.0881
"ZWE","Zimbabwe","Sub-Saharan Africa","Lower middle income",2015,-16.2748307199437,50.042227449714,3.9145
"ZWE","Zimbabwe","Sub-Saharan Africa","Lower middle income",2016,-10.3584566537541,57.4701054333208,2.1073
"ZWE","Zimbabwe","Sub-Saharan Africa","Lower middle income",2017,-3.09800267826713,25.2067082228502,1.75
"ZWE","Zimbabwe","Sub-Saharan Africa","Lower middle income",2018,-7.21712817061751,38.030515077276,0.75
"ZWE","Zimbabwe","Sub-Saharan Africa","Lower middle income",2019,-0.394005338340384,37.5917238132182,1.9032
"ZWE","Zimbabwe","Sub-Saharan Africa","Lower middle income",2020,-2.01342342084916,40.7575551241877,2
"ZWE","Zimbabwe","Sub-Saharan Africa","Lower middle income",2021,-3.70338267398493,34.1772625046745,0.75
"ZWE","Zimbabwe","Sub-Saharan Africa","Lower middle income",2022,-5.18940506945208,34.6457784250888,0.9999
"ZWE","Zimbabwe","Sub-Saharan Africa","Lower middle income",2023,-7.49983588703821,40.5570439372335,9.071
"ZWE","Zimbabwe","Sub-Saharan Africa","Lower middle income",2024,-5.93352332766047,34.6894386447083,NA
