Country Name,Country Code,Counterpart-Area Name,Counterpart-Area Code,Series Name,Series Code,1970 [YR1970],1971 [YR1971],1972 [YR1972],1973 [YR1973],1974 [YR1974],1975 [YR1975],1976 [YR1976],1977 [YR1977],1978 [YR1978],1979 [YR1979],1980 [YR1980],1981 [YR1981],1982 [YR1982],1983 [YR1983],1984 [YR1984],1985 [YR1985],1986 [YR1986],1987 [YR1987],1988 [YR1988],1989 [YR1989],1990 [YR1990],1991 [YR1991],1992 [YR1992],1993 [YR1993],1994 [YR1994],1995 [YR1995],1996 [YR1996],1997 [YR1997],1998 [YR1998],1999 [YR1999],2000 [YR2000],2001 [YR2001],2002 [YR2002],2003 [YR2003],2004 [YR2004],2005 [YR2005],2006 [YR2006],2007 [YR2007],2008 [YR2008],2009 [YR2009],2010 [YR2010],2011 [YR2011],2012 [YR2012],2013 [YR2013],2014 [YR2014],2015 [YR2015],2016 [YR2016],2017 [YR2017],2018 [YR2018],2019 [YR2019],2020 [YR2020],2021 [YR2021],2022 [YR2022],2023 [YR2023],2024 [YR2024],2025 [YR2025]
Afghanistan,AFG,World,WLD,"External debt stocks, total (DOD, current US$)",DT.DOD.DECT.CD,..,..,..,..,..,..,..,..,..,..,..,..,..,..,..,..,..,..,..,..,..,..,..,..,..,..,..,..,..,..,..,..,..,..,..,..,979344507.8,2023034713.1,2143951791.1,2480214113.7,2435844906,2485331046.1,2580623924.1,2587774666.5,2529865267.8,2596917266.2,2596050086.4,2751986638.9,2678760424.2,2661685956.5,3040072312.4,3555784339.6,3393247241.7,3428116975.5,3344095867.1,..
Afghanistan,AFG,World,WLD,Average interest on new external debt commitments (%),DT.INR.DPPG,..,..,..,..,..,..,..,..,..,..,..,..,..,..,..,..,..,..,..,..,..,..,..,..,..,..,..,..,..,..,..,..,..,..,..,..,1.2496,1.3852,0.4823,0,2.9999,0,0,0,0,0,0,0.5705,0,0,0,0,0,0,0,..
Albania,ALB,World,WLD,"External debt stocks, total (DOD, current US$)",DT.DOD.DECT.CD,..,..,..,..,..,..,..,..,..,..,..,..,..,..,..,..,..,..,..,..,..,511485756.3,632621789.2,786033591.2,883115193.8,458862737.5,491993448.6,517675961.3,624791791.8,773092900.6,1122055223.3,1154309753.2,1180989821.7,1550807967.9,1604463698.8,2126952749.1,2517944832.6,2968003033.7,4258015319,4606466990.7,5437682810.5,6485279264.8,7385570078.1,8648154911.3,8512992906.4,8447105962.8,8516021767.5,9801555134.1,9651016801.8,9274431083.1,10477651758.8,11054994588.4,10420148491.4,11315021852.5,10712630800.8,..
Albania,ALB,World,WLD,Average interest on new external debt commitments (%),DT.INR.DPPG,..,..,..,..,..,..,..,..,..,..,..,..,..,..,..,..,..,..,..,..,..,4.6757,1.8262,0.598,1.6894,3.3454,1.387,3.3275,2.6332,1.9061,3.459,3.2367,1.2416,1.7934,2.3309,2.0165,2.172,4.074,4.2726,7.072,5.981,2.2381,1.9022,1.9787,1.3006,3.4162,0.6807,1.6625,3.2853,1.317,2.6339,2.416,4.2443,5.1513,3.9176,..
Algeria,DZA,World,WLD,"External debt stocks, total (DOD, current US$)",DT.DOD.DECT.CD,939559305.4,1260807888.7,1549785827.5,2991368810.9,3365980296.4,4632815496.7,6114379902.6,10598959726.9,15733600491,18505548616.7,19363299072.8,18370318142.2,17639470178.6,16367488197.1,15890285871.5,18260741782.4,22649736536.7,24448828591.3,26101327226.2,27248503765.9,28153911739.3,28489965549.1,27351247767.3,26274665108.1,30239373924.7,33048876968.7,33651326322.4,30896804008.7,30686949509,28203525381.3,25461612754.1,22747999963,23038055336.5,23769764316.8,22415803094.9,17082050354.3,5899332942,6130437725.6,6240595213.8,7414345918.6,7253019348.3,6054554674.7,5516939176.2,5247039317.8,5521236298.5,4671438792,5463041852.5,5706819221.4,5710492428.3,5492379098.5,5177879567.2,7378780279.1,7129258689.2,7315267064.9,6898271361,..
Algeria,DZA,World,WLD,Average interest on new external debt commitments (%),DT.INR.DPPG,5.6541,5.5127,6.0445,8.8595,6.7695,7.6079,7.9768,7.8177,8.8565,9.7661,8.1414,8.2964,9.4677,9.9482,9.6788,8.4048,7.2835,7.2833,7.45,7.7248,8.4125,7.3509,5.6606,5.2402,5.4413,6.5051,5.4714,5.5251,5.3703,4.8862,6.1835,3.214,2.9496,2.4822,3.5068,2.2733,1.7825,1.7126,3.8165,1.7888,0,1.9848,0,0,0,0,0.7499,0,0,0,0,0,0,0,0,..
Angola,AGO,World,WLD,"External debt stocks, total (DOD, current US$)",DT.DOD.DECT.CD,..,..,..,..,..,..,..,..,..,..,..,..,..,..,..,..,..,..,..,7288778066.3,8591895991.1,9000344458.8,10059207810.7,10571384637.8,11292755787.9,11502043062.1,10545818707.6,9948274153,10784076259.7,10673241870.4,9763465564.4,8776917205,9119036718.7,9114598189.4,9801188917.7,12238371900.2,9905180985.8,11941803690.9,15596027678.7,20277281252.9,26795572704.5,34679553283.4,36165323895.3,43350110779.1,45924334305.5,48771532654.3,57434097528.2,58745881698.6,61791490176.7,62292159789.9,65405244103.7,66019700768.5,60445747533.3,57273124300.5,58733063313.6,..
Angola,AGO,World,WLD,Average interest on new external debt commitments (%),DT.INR.DPPG,..,..,..,..,..,..,..,..,..,..,..,..,..,..,..,..,..,..,..,6.8966,6.931,4.9889,5.559,6.5614,6.9072,8.0972,7.285,7.6064,6.9622,7.8202,4.829,5,5.1683,3.558,3.0216,6.5605,4.6622,4.9243,4.5562,4.4514,3.7528,3.901,3.0584,3.8841,4.0483,5.0511,4.28,5.3494,5.5898,6.3574,3.7828,3.2321,5.0408,5.5487,5.0561,..
Argentina,ARG,World,WLD,"External debt stocks, total (DOD, current US$)",DT.DOD.DECT.CD,5893191433.6,6353903964.5,6893803268.3,7374621350.5,7798525658.1,7901576052.9,9501611014.5,11675739426.3,13507657037.8,21176835027.4,27322463712.9,35809463187.8,43787004262.2,46108319454.6,49060805832.6,51156733946,52688148843.8,58722673496.6,59015245403.5,65538413075.1,62477601311.9,65672366930.1,68605638952.4,64681387080.3,75094061335.7,98773122012.7,111145506414,128251441841.7,141504501057.7,151913800711.3,150062928187.3,152649929432.5,148320192549.3,163442688409.3,167999635827.3,130788488210.2,118921233033.8,120818039247.5,129751137881.3,133694134247.7,126641509908.2,142883776038.3,139876851066.6,150224280402.1,153793074987.6,177183976465.6,181637286190.7,225923967186.1,277825747406.2,280683596388,255603072878.8,246114307414,248976650822,252793904703.1,242357155703.1,..
Argentina,ARG,World,WLD,Average interest on new external debt commitments (%),DT.INR.DPPG,7.1894,7.5483,8.3691,8.5995,8.7932,7.6898,7.332,7.8457,9.5442,11.228,13.6681,11.8227,10.7791,11.8806,9.2017,10.1682,8.0037,8.2656,7.7029,8.0371,6.3707,7.9056,8.2112,7.0487,7.0792,6.8868,8.3067,8.1747,8.8656,9.6052,9.9308,6.2032,2.9231,3.3738,2.6655,4.9214,5.5382,6.5279,4.138,1.8326,2.6172,5.4845,1.9832,2.7234,5.6936,3.5964,10.0438,4.8113,7.9457,9.2428,2.4469,1.9128,1.2953,5.8951,5.0819,..
Armenia,ARM,World,WLD,"External debt stocks, total (DOD, current US$)",DT.DOD.DECT.CD,..,..,..,..,..,..,..,..,..,..,..,..,..,..,..,..,..,..,..,..,..,..,..,133922025.2,214328549.4,370656928,520544050.4,638485619.5,804242112.9,1022596079.8,1018418173.9,1410424531.1,1719549290.3,1996130970.2,2107914571.2,1969824792.5,2138883502.7,3081934925.4,3612490093,4934959249.6,6307170668.6,7410792665.3,7640566516.3,8681090391.3,8555656187,8831021220.8,9855623087.1,10228295738.5,10725730268.9,11884488146.3,13061785395.5,14039607363.2,15931152887.6,15838832193.4,16396165488.7,..
Armenia,ARM,World,WLD,Average interest on new external debt commitments (%),DT.INR.DPPG,..,..,..,..,..,..,..,..,..,..,..,..,..,..,..,..,..,..,..,..,..,..,..,4.3874,3.5711,1.3294,1.845,2.1033,1.4473,0.7746,0.75,0.7695,0.75,0.75,0.75,0.7897,0.75,1.4694,1.2215,2.858,1.8319,0.9465,1.7646,4.4484,1.307,3.3936,1.6275,2.2209,3.4517,2.9899,1,2.9996,2.0782,4.8622,4.0204,..
Azerbaijan,AZE,World,WLD,"External debt stocks, total (DOD, current US$)",DT.DOD.DECT.CD,..,..,..,..,..,..,..,..,..,..,..,..,..,..,..,..,..,..,..,..,..,..,..,35540000,112814844.4,320987667.6,438309868.3,508060653.1,706603152.3,1289063609,1585215993.3,1519801453.6,1701647122.3,1959261793.7,2192577447.2,2270055653.1,2820389403.5,3924409213.9,4522619511.2,4579733732.4,7285505104.2,7722133655.1,10856678607.3,10596759022.3,12117384320.8,13179085411.9,14469746198.7,15297961777.3,16463882677.6,16437653830,16384510859.4,15577206234.4,15457490377.2,14989804725.5,12199421517.2,..
Azerbaijan,AZE,World,WLD,Average interest on new external debt commitments (%),DT.INR.DPPG,..,..,..,..,..,..,..,..,..,..,..,..,..,..,..,..,..,..,..,..,..,..,..,6.2105,6.2663,1.3703,2.3869,3.5533,2.7338,1.641,5.4044,1.3581,0.75,1.5518,2.7146,3.0047,4.5136,5.5128,3.6922,1.937,2.0035,1.7994,2.3694,0.7589,3.4314,0.9812,3.9318,3.4632,2.0735,3.3199,1.1525,0.8251,7.0508,1.5268,5.1893,..
Bangladesh,BGD,World,WLD,"External debt stocks, total (DOD, current US$)",DT.DOD.DECT.CD,..,..,146504255,497826100.3,1257484131.2,1680485423.5,1993989051.5,2331728887.3,2820088627,2967069235.7,3802228595.2,4209310810.8,4940329805.1,5346293426.4,5541814231.1,6530064193.2,7913829647.5,9737967442,10275887393.3,10701050528.9,12291780361.5,12997665568.6,13427954471.8,14125214056.8,15490545904.5,15734744113.2,15169074222.9,14257776105.5,15507392996.3,16449663349.3,15600564697.1,14978802400.8,16687587182.1,18440377575.4,19714073691.8,18503086016.3,20160932717.1,21523544177.4,23346917708.3,25377795050.4,26571755072,27046084648.2,29155976742.1,32454687016.8,35271839354.7,38704937144.2,41569252897.7,51068283464.6,57125459320.6,62468325028.8,73550857817.1,91477590071.6,96944431751,101370771740.3,104486886261.1,..
Bangladesh,BGD,World,WLD,Average interest on new external debt commitments (%),DT.INR.DPPG,..,..,2.2923,2.1631,2.7852,1.8758,1.5845,1.5742,1.7335,1.2937,1.6662,2.1008,1.8288,1.8715,1.5149,1.4759,1.3806,1.2691,1.5194,1.136,1.5642,0.9835,1.1392,1.104,1.1365,1.8775,1.0573,1.727,1.7324,1.329,2.3359,1.4577,1.3478,1.2234,1.0023,1.4527,2.0305,2.1095,1.1633,1.9725,0.9241,0.9528,1.73,0.6465,0.8141,0.9288,2.1079,1.2611,1.6288,1.4829,1.1935,1.1485,1.6752,2.3687,1.727,..
Belarus,BLR,World,WLD,"External debt stocks, total (DOD, current US$)",DT.DOD.DECT.CD,..,..,..,..,..,..,..,..,..,..,..,..,..,..,..,..,..,..,..,..,..,..,..,968283686.2,1296124124.3,1693743257.4,1958924253.1,2082345263,2386480834.1,2703253741.5,2620196263.4,2798732256.7,3399007710,3779551001.2,4601438650.3,5300175946.7,6562099699.5,12526106963.9,15152844791,22078685409.7,28412146648.8,33932546340.5,33755733316,39573469218.4,40013829087.7,38257921211.1,37515947697.5,39584221158.1,38767563257,40734118642.4,41792363746.1,41653683788.2,39858867169.4,36774534069.5,34217084774.6,..
Belarus,BLR,World,WLD,Average interest on new external debt commitments (%),DT.INR.DPPG,..,..,..,..,..,..,..,..,..,..,..,..,..,..,..,..,..,..,..,..,..,..,..,7.1975,6.435,5.6533,6.1537,6.0542,5.0504,5.9503,7.0183,3.8703,2.6009,3.8306,3.4354,5.3064,6.8305,4.5786,6.1213,4.0508,6.6955,2.9082,5.0733,4.3207,5.0268,4.0464,4.3041,5.0564,3.4514,3.8419,3.6414,2.5234,0,0,0,..
Belize,BLZ,World,WLD,"External debt stocks, total (DOD, current US$)",DT.DOD.DECT.CD,4084800,4338910,5068965.7,4825894.4,5274044.5,4827053,9165985.1,20669097.4,33312767.1,71830514.1,63043521.2,60228528.7,69805336.4,100638089.8,98761894.3,118125320.2,121873478.7,137196602.4,132277165.4,137214241,142750749.7,161781662.7,180961169,194553505.8,198665305,255157967.5,281542136.1,450090458.6,333460184.2,416579339.1,629903800.8,721979991.7,849529037.9,1061730342.3,965854392.5,1023162269.1,1054232125.7,1075497698.7,1275782808,1291168230.7,1303876871.3,1274688747.1,1196357127.5,1249160027.9,1286836300.3,1280311151.2,1290777702.5,1339403309.2,1349377447.4,1377889086.7,1527863210.8,1452131243.3,1471192939.9,1518303204.9,1558943630.7,..
Belize,BLZ,World,WLD,Average interest on new external debt commitments (%),DT.INR.DPPG,7,0,0,4,4,0.7469,3.5672,4,4,7.569,5.5295,9.9412,7.6914,7.5571,3.7586,3.9007,8.6103,5.1299,7.0617,5.7094,5,7.7162,6.2292,6.2217,5.8356,5.955,4.3478,6.8314,6.5884,5.8955,8.5502,4.9989,6.6821,8.8319,6.4075,3.6135,2.9174,4.3048,4.1012,1.9352,2.0424,3.2758,0.0707,1.8357,2.9294,2.3383,2.0759,3.198,3.4875,3.2588,2.93,3.226,2.6274,3.1651,4.554,..
Benin,BEN,World,WLD,"External debt stocks, total (DOD, current US$)",DT.DOD.DECT.CD,43206645.9,51050106,47315754,90483938.2,108808916.9,119207923.7,141222202.2,212376218.6,283904950.1,453818384.5,474871020.5,543224056.1,758283071.1,798438969.5,762600512.6,902878842.8,1038615913.2,1244496821.6,1170205810,1070152454.6,1110830135.6,1149708001.3,1198996389.7,1270610521.6,1382104403.8,1396447482.6,1377472571.8,1374358792.3,1467129720.3,1562316602.2,1504156540.8,1628922367.1,1851279355.1,1706632655.7,1994818354.6,1876387170.5,1254967318.4,1498259890.4,1702121197.5,2015238572.4,2284118354.5,2190453779.1,2670381365.2,3072865045.4,3646902868.7,3604375281.2,4184965533.2,4916905709.4,6891192963.8,6938801010.2,8516297040.3,10440535052.1,10927329920.1,12540297201.5,14162933686.6,..
Benin,BEN,World,WLD,Average interest on new external debt commitments (%),DT.INR.DPPG,1.7803,2.7617,0.4099,1.9917,2.7932,2.0067,1.5192,1.7807,4.5827,6.8108,8.2254,2.9879,3.8428,2.1075,4.7912,3.8664,4.1032,1.0664,2.5836,1.0651,1.7163,1.2326,1.4075,0.9145,0.8084,1.6764,1.1761,1.781,2.3903,2.418,1.8708,0.863,1.1056,1.7025,1.0178,1.4096,1.2421,1.5022,1.337,1.3786,1.1482,1.2879,1.1289,2.0391,2.9822,2.243,1.6867,1.9606,3.3059,2.9464,1.6398,3.5099,2.4123,2.9587,4.664,..
Bhutan,BTN,World,WLD,"External debt stocks, total (DOD, current US$)",DT.DOD.DECT.CD,..,..,..,..,..,..,..,..,..,..,..,325908.8,1143925.1,1764110.8,2731924.9,8833074.5,20953606.6,40242793.9,67083431.5,73855715.5,83545689.9,86339685.4,89198882.7,96619573,104507960.6,105769087.6,113040448.6,119619860,171042023.7,192034098.7,211571982.8,272712510.2,386049931.1,493626169.2,601316819.9,656602174.2,721112613.6,801238273.2,693075804.2,786548880.3,934629272.1,1070492249.6,1449649027.4,1628150561,1941155641.3,2111104022.8,2389670352.4,2707950876.9,2651977085,2803804731.6,3236756638.4,3268867963.8,3160243054.4,3266699740.1,3400087106.3,..
Bhutan,BTN,World,WLD,Average interest on new external debt commitments (%),DT.INR.DPPG,..,..,..,..,..,..,..,..,..,..,..,0,0,1.6465,1.2976,1.2815,1.4299,1,5.5058,1,0,1,4.3623,0.75,9.3718,1.3061,9,0,2.0573,0,3.5517,1.1336,6.8426,5.5904,8.8873,0.8323,1.387,9.6945,0.75,4.0431,9.8816,0.5078,3.292,4.6705,2.0596,4.2397,1.3852,2,3.7057,4.1897,7.61,2.7627,3.2825,1.9553,4.8496,..
Bolivia,BOL,World,WLD,"External debt stocks, total (DOD, current US$)",DT.DOD.DECT.CD,716253874.1,693954454.3,809516354.4,851175724.6,946414912,1080565198.2,1360672695.7,1803420861.4,2238360353.6,2633582875.2,2784672649.8,3310315978.8,3422096975.7,4164917350.3,4412205630.3,4898177366.7,5670015389.5,5934538201.2,4997498695.1,4229853023.5,4369976028,4158857030.9,4332374230.3,4400366539,4965186858.3,5359275052.5,5275484513.9,5313085255.3,5688227905.2,5655151008.4,5892765188.4,4794042371.9,5107005795.5,5864138345.8,6284467791.5,6967641266.1,6255767963.5,5064781761.7,5701040187.5,5780325836.3,5776504655.7,6181999152.8,6617099947.7,8141786767.5,8884014490.4,9895204080.3,10994252972.4,12990057752.2,13248377783.1,14301151537.3,15420130053.6,16025613524,15930334885.1,16311190351.2,15717587538.6,..
Bolivia,BOL,World,WLD,Average interest on new external debt commitments (%),DT.INR.DPPG,2.3104,5.3707,4.3035,4.1712,4.8522,7.3934,6.9189,7.1956,7.9096,6.3639,8.3807,7.8625,9.5306,6.4184,6.7049,5.1392,3.9337,5.3568,4.081,4.1037,4.1512,4.8499,3.0184,3.2061,3.3719,3.7982,1.7824,4.8323,1.6576,2.0477,4.22,3.2237,3.9259,3.0011,3.1716,4.8685,4.069,2.6838,3.3657,2.8146,1.9933,1.6041,3.118,3.1682,1.7741,2.2555,2.4265,2.5377,2.5294,2.5969,1.7877,1.1197,4.2078,5.5411,6.9395,..
Bosnia and Herzegovina,BIH,World,WLD,"External debt stocks, total (DOD, current US$)",DT.DOD.DECT.CD,..,..,..,..,..,..,..,..,..,..,..,..,..,..,..,..,..,..,..,..,..,..,..,..,..,..,..,..,..,2408825764.2,2791207814.6,2669145304.3,3191487155.7,4533614360.9,5584724123.6,7073464506.8,8690258362.2,11648664235.4,13182478252.4,14080358517,14356729617,12407888515.4,13058791609.5,13839008792.5,13130629004.8,11655585848.2,11664670468.5,13062518681.4,12981480931.4,12697136611.3,13980162216.6,13746604227.8,13439997978.9,13868345420.2,13888491676.4,..
Bosnia and Herzegovina,BIH,World,WLD,Average interest on new external debt commitments (%),DT.INR.DPPG,..,..,..,..,..,..,..,..,..,..,..,..,..,..,..,..,..,..,..,..,..,..,..,..,..,..,..,..,..,1.4529,3.4126,2.0321,0.75,1.3711,1.4025,1.8976,3.1169,3.9364,4.4431,1.6782,1.0747,2.6329,1.2504,1.4529,1.164,0.8667,1.7073,1.1731,1.4494,1.3534,1.0699,4.0488,2.2178,4.6915,4.3292,..
Botswana,BWA,World,WLD,"External debt stocks, total (DOD, current US$)",DT.DOD.DECT.CD,17358400,33201565.7,74756512,114920842.5,134055048,147979450.1,166353134.3,185561932.5,125537379.1,130018668,135629101.5,159540360.1,204807763.8,228122753.2,266914783.7,345662733.4,407035314.5,543402800.4,532601060.4,549840386.8,552920438.5,612559218.7,606348584.4,663983873,700397765.1,717153185,626530347.7,574727348,532169048.7,510191242.4,452434627.4,400352880.4,491350071,514126449.3,515796292.8,460538960.4,364731487.2,425189546.8,448508779.9,1643300883.2,1806938426.7,2395188968.7,2517445031.3,2378002492.2,2490383552.1,2223000319.7,2121220930.7,1732142195.8,1773968857.7,1564146563.7,1602987277.9,1997456430.5,2002717072.9,2184503342.8,2317990593,..
Botswana,BWA,World,WLD,Average interest on new external debt commitments (%),DT.INR.DPPG,0.6249,5.1807,0.9118,1.0817,5.7436,2.9698,2.3537,5.1167,8.9836,1.5616,6.0149,7.3981,6.9092,9.9874,9.876,8.142,6.8475,4.6635,3.6373,4.9404,6.8417,1.2833,5.1708,3.6638,4.0081,0,3.8939,2.4999,4.2773,3.9999,0,3.8819,0,3.1861,3.125,0,4.5304,3.3318,0,0.7878,1.1441,3.6447,1.9382,3.75,3.2324,3.75,3.75,2.3519,3.75,0,5.3972,0.7876,1.253,3.7048,0.01,..
Brazil,BRA,World,WLD,"External debt stocks, total (DOD, current US$)",DT.DOD.DECT.CD,5984162468.6,7726273573.1,11863655548.9,15066000213.8,22464958636,27781563139.4,33801318618.9,42500176105.4,55032094032.5,61795286977.7,71983934096.8,81914155928.9,94428719113.5,99022210538.2,104364922436.4,104173244270.1,109645181057.1,120476573202.5,118039405885,114930095027.7,120311895094.7,121336709129.8,129535948557.2,144599577124.3,152903103557.7,160964228343.5,181793526989.2,198980293495.1,241998415763.8,245114967226,242511685521.8,229959717402.1,231944181034.5,235907984168.4,220693592600.6,188364545589.9,194303018016.9,238444452622.6,262957236462.6,281651138432.4,352364412862.6,404046105342.1,440496598192.8,483734834011.9,556919631071.7,543397356309.8,543257228545.3,543000470110.9,557765380774.6,568708887352.2,549329010779,571193915507.8,579257850288.2,607387151485.1,605463780812.8,..
Brazil,BRA,World,WLD,Average interest on new external debt commitments (%),DT.INR.DPPG,6.7313,7.1702,7.0888,8.5966,9.8925,8.6018,7.8985,7.5696,9.6744,11.3563,11.8966,14.9496,12.095,10.9226,12.1976,8.9212,8.2296,7.6954,9.3441,8.8199,8.1677,7.3628,6.7945,7.25,7.8199,7.2049,8.0936,7.3202,7.2356,8.8304,8.4514,6.3222,7.4306,7.0973,6.293,7.5401,7.0386,7.2223,4.8027,4.1106,2.973,4.0761,2.7698,2.3599,2.568,1.1095,4.5299,3.9851,6.3833,4.3986,4.2892,3.394,6.4765,7.1876,6.7574,..
Burkina Faso,BFA,World,WLD,"External debt stocks, total (DOD, current US$)",DT.DOD.DECT.CD,20789505.9,23598002.3,20015915.3,31067227.5,47354443.4,62537911.1,85306252,164285524.9,262707189,295034801.5,330416655.7,328158612.3,351832578.4,397717113.7,409962570.8,511100955.5,639696853.1,827502134.8,845249596.1,717259802.1,833673417.3,967441445.2,1039802411.9,1118907234.9,1135033979.4,1274258080.3,1301463551.1,1307801527.1,1470373375.7,1608245528.6,1446330172.4,1516006603.1,1564526409.9,1757847852.1,1944506311.9,2011339006.1,1143923817.7,1969571660.4,2674882379,3723010559.1,4807758194.5,5977740713.9,7439424331.8,8946024649.5,10302548966.3,12601802193.7,10251883007.9,12771161142.4,10625588206.9,9160899696.4,9769403426.9,10332659621,9905922029.1,10477855860.6,10845161721.4,..
Burkina Faso,BFA,World,WLD,Average interest on new external debt commitments (%),DT.INR.DPPG,2.325,2.5279,3.1085,0.7591,1.3918,1.2843,1.9927,1.5531,4.6777,3.7585,4.3195,5.0025,2.1856,3.3139,3.7155,2.2438,2.3476,2.9169,2.5974,1.6928,2.529,0.9928,0.75,1.1981,1.7673,0.75,1.4687,1.1017,2.7839,1.0479,1.3836,0.9347,1.4012,0.8779,0.8974,1.2147,0.7943,1.2502,1.1123,0.8847,1.9824,1.6277,1.1804,2.0482,2.0572,1.1053,0.7182,1.0275,1.4483,1.2114,1.3902,1.2809,1.7459,0.4913,1.3459,..
Burundi,BDI,World,WLD,"External debt stocks, total (DOD, current US$)",DT.DOD.DECT.CD,14970400.9,13628499,6895385.6,7780758.4,9437482,19378709.7,22365684.2,47221848.4,74679956.5,136189377,165719681.3,178613654.8,227431810.4,307726678.6,348008143.1,455096618.9,570430014.5,769586468.4,800694146.9,888845816.1,906936375.2,963475598.4,1026584699.6,1065645817.3,1127404969,1161951393.2,1130746660.3,1068957656.4,1121825243.5,1153732063.6,1125869260.9,1093536451,1232214637.4,1348337839.1,1357933155.3,1287893069.1,1371901889.5,1409730477.1,1390288828.7,607188101.8,620881162,605057004.8,663926347.2,680219691.9,691128126.4,626941607.8,603715776.7,608422362.7,593765019,628698017.3,665065566.7,975977735.5,946930431.9,1033705051.6,1023879227.4,..
Burundi,BDI,World,WLD,Average interest on new external debt commitments (%),DT.INR.DPPG,2.938,0,0,6.4119,3.1073,3.3806,1.4644,2.088,1.9796,0.4732,1.3423,2.9474,5.1599,4.3327,2.175,1.3771,1.429,1.933,1.1454,0.99,0.8604,1.1381,0.7294,1.058,0.75,0.8247,0,0,2,1.27,1.6944,0.75,0.75,0,0.7499,0.7499,0,1.4829,1.0552,0.4444,0,1.3194,0.5037,0.7622,0.5097,1.4629,2,1.7,1.4617,1.6929,0,1.9545,2,1.4047,8,..
Cabo Verde,CPV,World,WLD,"External debt stocks, total (DOD, current US$)",DT.DOD.DECT.CD,..,..,..,..,..,..,..,..,..,..,..,39376101.9,59016887.4,71696307,76251079.2,94918904.3,113301983.5,129541097.3,124352364,126041739.9,133755465,134240227.2,141994227,147571336.8,175919927.3,214117753.8,202637635.8,206529452.3,246754113.6,328538337,319703769.2,345641178.3,387894289.8,441401882.3,464179206.7,477481514.4,524173293.2,580581230.6,626141362.5,724585647.4,884895435.6,1041521701,1607699439.1,1968454491.1,1852837788.6,1841259211.7,1837379413.6,2115033204,2090969867.7,2153271383.5,2429314534.4,2456644490,2402574451.3,2462649634.6,2359581722.2,..
Cabo Verde,CPV,World,WLD,Average interest on new external debt commitments (%),DT.INR.DPPG,..,..,..,..,..,..,..,..,..,..,..,7.4338,0.6883,3.8916,1.3983,2.7722,0.6359,0.881,1.7516,1.0324,1.5298,0.4988,1.9735,2.0338,3.2408,0.75,0.75,0.75,1.1934,0.7986,2.8767,2.6504,0.8691,1.2823,2.6846,3.4945,2.8904,1.3129,1.8307,1.4579,1.5473,1.071,0.7578,0.99,0.4403,1.235,1.6302,0.9974,0.7745,1.0081,0.8556,0.8204,0.7371,3.1925,2.9284,..
Cambodia,KHM,World,WLD,"External debt stocks, total (DOD, current US$)",DT.DOD.DECT.CD,..,..,..,..,..,..,..,..,..,..,..,163589000,163609000,163629000,163649000,163669000,186616660.8,190280363,189218800.8,253725961.9,264873693.3,1698280868.8,1674463038.5,1657688468.3,1743207879.7,1854015535.6,1916699701,1931499360,2001835074.1,2067765596.3,2108290127.2,2178847689.5,2391328664.2,2681720223.1,2890524251.2,2934613692.7,3033315872.6,2248479410.3,2648360714.7,3303650951.5,4010466367.2,4655287804,6749242998.3,7619793338,8320161444.1,9438769397.9,10063760399.9,11434259074.2,13548715757.7,15362550605.3,17593817433.3,20050196516.8,22473750966.3,22533630678.5,20977325204.1,..
Cambodia,KHM,World,WLD,Average interest on new external debt commitments (%),DT.INR.DPPG,..,..,..,..,..,..,..,..,..,..,..,0,0,0,0,0,0,0,0,0,0,0,0,0.8767,1.0084,1.7541,3.3232,1.355,0.75,1.1318,1.4096,0.8642,1.129,1.062,0.9404,1.2763,0.9468,1.5442,1.0189,1.1379,1.4832,1.1529,1.6484,1.2861,1.3282,0.8937,1.0726,0.736,1.6515,0.9254,0.9153,0.9865,0.9872,1.5942,2.2859,..
Cameroon,CMR,World,WLD,"External debt stocks, total (DOD, current US$)",DT.DOD.DECT.CD,145926448.1,180102180.3,221568381.9,265900308.6,323585813.7,441409824.4,610919470,1112883432.3,1529103944.1,2172010618.9,2572800048.4,2646367541.9,2802933669.6,2895588378.1,2895906089.6,3161506000.8,4137225986,4588512728.7,4812725442.2,5364587527.1,6562505108,6767223905.9,7514931937.2,7745306458.5,9358516039,10953419023.3,11074529701.3,10751459761.8,11317978713.1,10765384769.6,10561281361.4,9748844313,10285903206,11408147625.6,10855782708.2,7700089817.9,3418558775.7,3085552120.7,2835553588.4,3237320906.9,3190178368.7,3094521348.4,3887899904.7,5177990160,5765541169.1,7304904667,7890233642.2,10049854104.8,11004928184.8,12928642115.2,14723493939.9,15377892944.4,15122663059.8,15402026302.1,15770789430.1,..
Cameroon,CMR,World,WLD,Average interest on new external debt commitments (%),DT.INR.DPPG,4.662,4.3255,4.9524,1.9522,6.0169,4.8458,5.7479,5.2075,6.7088,8.643,6.7586,6.8418,8.2419,6.9433,4.5597,7.5825,6.6997,5.8333,4.2591,6.7218,6.5733,6.1375,4.2967,4.8837,2.4439,2.5883,1.3071,2.4377,1.2622,1.9824,0.9177,2.423,1.2254,1.7385,1.5143,0.3932,1.3793,0.9211,0.674,1.3016,0.9175,1.8018,1.8826,1.8089,1.0616,4.5707,1.0054,1.5317,1.1723,1.3465,1.0485,2.9263,1.2432,1.9891,5.6499,..
Central African Republic,CAF,World,WLD,"External debt stocks, total (DOD, current US$)",DT.DOD.DECT.CD,24142239.5,28420020.5,36809736.2,56151760.7,68570794,79160192.1,94577875.7,131960067.2,142360554.6,157822458.1,194665446.9,233383987.6,253472380.5,257907897.6,263621787.4,343526726.1,461863128.5,617836345.5,668836055.3,693537146.4,698505035.4,794180184,813886188.5,875128942.6,888050750.8,945983160.3,932746933.3,882958613.1,918825268.8,924194362.5,869008795.3,834810718.1,1068420600.7,1049087826,1101576591.6,1043682987.1,1047458554.1,1027670389.6,996791752.1,549290216,655032073.2,620505554.4,626782829,650766057,712774619.5,740289908.2,743898467.8,772718360,835250129.2,867729783.4,907746512.3,1111435661.5,1045511289.2,1083496566.5,1045905200.4,..
Central African Republic,CAF,World,WLD,Average interest on new external debt commitments (%),DT.INR.DPPG,2.0408,6.1913,5.0628,6.1355,2.8849,3.9693,0.972,3.8529,1.863,0.75,0.6126,3.1672,3.6642,1.7002,2.1273,3.5566,2.2731,4.0207,0.919,1.072,1.0341,3.3933,1.8845,0.7438,0,0.75,1,0,0,0,0.75,0.75,0,0,0,0,0,1,1.75,0,0.4224,0.7665,0.9736,1,0.8584,0.6663,0,0.75,1,1,0,0,1,0,0,..
Chad,TCD,World,WLD,"External debt stocks, total (DOD, current US$)",DT.DOD.DECT.CD,35194310.6,46987777.5,36535574.4,47949602.6,76033230.3,143033649.6,155883421.2,206649548,280957463.7,308437524.2,284235851.4,259160026.3,220537735.7,219447718.7,193968687.4,216488390.3,263170300.2,347956438.9,395720698.4,398671140,514179006.1,616560585.1,641682750.2,692281243.3,784041894.7,841874677.3,946588238.7,956913401.4,1029974192.7,1109216581,1098901268.9,1095686160.4,1276030379,1539458240.8,1652259152.8,1629648503.1,1757292382.6,1848758227.2,1802466708.4,1874375774.9,2157556371.3,2331370125.4,2346572489,2910578276.1,3724337229.9,2798645241.3,2857894668.9,3131541325.8,3178231952.9,3213862269.3,3487524895.9,3584972747.9,3269658175.5,3191737796.4,3348359914.3,..
Chad,TCD,World,WLD,Average interest on new external debt commitments (%),DT.INR.DPPG,5.6834,4.3775,1.1959,3.876,0.9074,3.7611,2.5502,5.3441,4.9714,0,0,1.562,0,3.5125,2.2792,4.5606,0.9125,1.5069,0.9098,1.1106,1.7658,0.785,0.8608,0.9725,0.955,0.9675,0.9012,0.8389,2.3357,1.2108,0.7442,2.2231,0.6529,0.9175,1.1066,1.5706,0,1.3396,0.6088,2.658,5.0823,2.4579,2.5651,6.4631,2.4808,3.7386,1.9721,3.2807,1.1327,1.7808,2.653,6.5041,0.5946,1,1.0944,..
China,CHN,World,WLD,"External debt stocks, total (DOD, current US$)",DT.DOD.DECT.CD,..,..,..,..,..,..,..,..,..,..,..,5798013609.4,8359968254.8,9611696896,12088935352.5,16699215995.6,23719315917.2,35339526722.2,42438957562.4,44932469163.1,55301409898.8,60259186451.5,72538895534.7,86092752669.9,100667359411.3,118314843047,129037039407.6,146904623209.9,144214433291.8,148825573986.7,145906872763.7,184315443994.2,185465746540.1,207180503978.3,247359209017.2,285857036926.9,326419519861.6,377749152515.9,386423097229.7,454495613318.6,742737476056.6,1054209569422.7,1148164368937.8,1480476659937.3,1778380562695.9,1333768986063.5,1413904270462.7,1710819944231.6,1961562462976.8,2114161989828.3,2326232537961.7,2724353650084.8,2530502272052.6,2447537483872.8,2419835436491.8,..
China,CHN,World,WLD,Average interest on new external debt commitments (%),DT.INR.DPPG,..,..,..,..,..,..,..,..,..,..,..,7.9201,6.8358,7.5238,7.2463,7.4455,6.4431,6.6056,7.1993,7.3092,7.4822,6.0321,6.232,5.4508,5.497,6.507,6.6188,6.4762,5.747,5.6598,6.2217,5.4822,4.3776,2.7547,3.5385,4.2803,4.7656,4.3092,3.8224,2.8714,2.012,4.7905,3.8883,2.1125,4.443,4.3576,2.6465,3.1903,5.024,4.5897,4.7867,4.7934,3.5148,4.6247,4.9766,..
Colombia,COL,World,WLD,"External debt stocks, total (DOD, current US$)",DT.DOD.DECT.CD,2337070268.9,2635933295.3,2964726928.6,3326835665.2,3515017082.7,3934674960.3,4123797359.3,5232469210.6,5286643740.9,6056966897.1,7135607164.5,8925377457.4,10519983135.4,11639494606.6,12274130804.8,14474612765.2,15583214225.9,17237208187.3,17214277533.7,17075305862.5,17411174140.2,17383347947.8,17560822308.2,19227912007.6,22219527944.1,25347081126.7,29206623223.1,32277648233.6,33420800455.2,34845494450.5,34329248550.6,36614196486.3,33581481521.5,37324166936.2,38237909040.2,37497341480,38621303304.6,44323265169.8,47039916554.3,53678222227.4,64432098617.3,76162726605.4,79252462685.4,92652963348.3,104660028439.7,113419683932.3,120886231723.7,126232114685.3,133418271143.3,139077632215,155866446816.4,172248574075,184496121410.2,196165876816.2,201763641280.4,..
Colombia,COL,World,WLD,Average interest on new external debt commitments (%),DT.INR.DPPG,5.7228,5.9407,5.5408,7.8513,7.1406,7.4935,6.3538,6.9813,7.8804,9.9969,12.7265,11.9557,10.6795,10.4366,10.36,9.5969,8.0059,7.8954,8.1279,8.8666,7.9594,7.3064,7.436,6.9661,4.9996,4.7817,7.2298,7.2545,7.8872,7.3329,7.8515,8.6733,7.6719,5.7406,6.5497,6.8677,6.8543,7.8777,4.3273,5.1898,4.2779,4.1757,3.3979,3.1853,3.9672,3.0139,2.5722,4.0359,3.3623,4.1852,3.5963,2.2663,4.2427,7.8179,7.9422,..
Comoros,COM,World,WLD,"External debt stocks, total (DOD, current US$)",DT.DOD.DECT.CD,1172240.8,1238316,1506741.7,1691961.4,4294057.5,4721546,18516825.3,24523586.4,29353464.9,40107759,43977472.9,54854843.4,68943862.9,85804560.1,104792039.2,134214350.2,166566409.2,203347529.5,199821386.3,174684281.4,184825142.1,179473164.4,187894213.8,185123541.7,197159439.1,208925905.4,220902346.9,222230696.3,229844128.3,231531804.5,232285377.4,242747448.1,270536977.6,289991668.2,304262777.8,288623246,293423707,287667291,276201185.1,286766514,278373937.8,275725988.2,252320769.6,142571305,136793606.4,125602671.9,175006571.8,181646215,267255184.8,270730976.4,304821396,351494067.2,362101264.8,381730460.2,385570286.6,..
Comoros,COM,World,WLD,Average interest on new external debt commitments (%),DT.INR.DPPG,0,4.2142,3.8373,3.4196,3.1668,4.503,0.8123,1.3145,0.7388,1.7384,1.2505,1.6419,2.6357,0.8312,2.1471,4.1616,1.7633,1.3085,2.1464,0.8297,2,0.8622,1,0,1.0714,0.9467,2.4999,0.7561,0.75,2.4999,0,0.75,0,0,0.75,1,0,0,0,0,1,0,0.5083,0,0,1,0,0.7398,2.664,0.75,2.0155,0.7474,0.75,0.5139,0,..
"Congo, Dem. Rep.",COD,World,WLD,"External debt stocks, total (DOD, current US$)",DT.DOD.DECT.CD,345217589.6,410049468.9,676590008.1,1046506468.9,1538500031.9,2038607507.3,2918448483.2,3661969554,4491696535,4527133846,4770687541.2,5090789469,5078792918.5,5335734298.6,5289765975.5,6171267764.4,7190751346.9,8749837481.9,8553690732.6,9243644818.9,10250731587,10831930650.9,10995017088.9,11263657313.4,12311690430.3,13229233701.9,12819900506.7,12326993316.6,13192158065.4,12155730264.7,11804397525.6,11612181086.8,10051613856,11433512788,11524216857.1,10683990345.3,11326304418.6,12459468772.6,12296407089.8,13093042023.2,5682022045.6,5135330445.3,5277359181.5,6288532451.7,5637945726.3,5484009515.5,5218340595.9,5291550589.1,6605921744.5,7215429285.1,8476182135.2,10483933522.9,10683388144.1,12008049639.2,12484889882.1,..
"Congo, Dem. Rep.",COD,World,WLD,Average interest on new external debt commitments (%),DT.INR.DPPG,6.4731,6.1921,6.3181,7.0069,7.9783,6.4861,5.8587,3.67,4.5711,6.407,5.0594,6.1414,2.6289,2.0005,4.2347,3.9919,5.181,2.0458,3.9339,4.0289,5.8964,2.4693,11.9999,0,0,2.5,0,0,0,0,0,0,0.75,0.8732,0.7517,1.4781,1.858,0,3.8054,1,1.0859,1.2215,0.7566,0.0007,0.8684,1.2502,0.7516,0.5095,1.5941,1.3203,0.9794,0.733,0.6909,0.1122,0.3413,..
"Congo, Rep.",COG,World,WLD,"External debt stocks, total (DOD, current US$)",DT.DOD.DECT.CD,118823126.3,139971709.7,158183945.8,189108209.7,260490120.6,357190252.8,381343477.1,578772687.5,782939134.2,1056884917.1,1527071937.9,1493614161.3,1959124338.3,2024885249.4,2062648691.1,3041335207.5,3504475080.8,4282641894.3,4050960428.6,4230144754,4916034648.2,4786605644.8,4725658540,5092940382.6,5414066741.8,6009994883.9,5220897392.4,5032532283.5,5100294660.3,5028225458.1,4675949721.5,4820677198.8,5012243895.3,5537629589.3,6834196169.1,6294723995.9,6685623799.7,5281147795.4,5237381716,5054247770.7,2796299602.2,3191826925.7,3585365797.8,4201103943.7,5724086140.7,6776694503.4,6666379338.7,7327526314.8,7043574267.9,8397253562.3,8223877439.2,8150736304,7329997141.4,6870144773.2,6728317971.4,..
"Congo, Rep.",COG,World,WLD,Average interest on new external debt commitments (%),DT.INR.DPPG,2.8275,5.4346,4.7891,4.7704,8.0733,4.3509,6.0149,3.2433,9.7918,6.4654,7.6292,8.6722,11.4718,9.3632,9.7582,9.8688,7.6586,8.2698,7.7732,8.7844,5.0878,0,5.7363,5.6835,0.7938,2.1968,0,0,0,0,2,0.7636,0.75,0.519,0.75,0.3343,2.097,1,1.7729,1.0101,1.3069,1.8557,0.5865,1.3548,1.9451,2.5981,2.8585,4.9241,1.1499,1.1413,2.7438,1.3733,1.5691,3.3704,3.9766,..
Cote d'Ivoire,CIV,World,WLD,"External debt stocks, total (DOD, current US$)",DT.DOD.DECT.CD,373548111.5,514353853.5,579832810.3,863195403.9,1066224826.3,1464541780.7,1827774833.5,2572851391.8,3835985363.7,4772153135.7,7462430659.4,8140846170.9,8961395038.8,8858429060,8545882464,9658933260.7,11449812391,13577082328.8,13342278908.3,14820639273.8,17251135160,18174037181.8,18546521961.1,19070886308.1,17395169456.9,18898425486.5,19523620342.2,15608687763.3,14851815127.1,13221902540.7,12059905375.8,11620368633.5,11708673980.2,11680518563.4,13178855340.3,12010684931.6,13644008874.8,14385487798.1,12967578597.9,14894754579.1,11702345832.3,12789988721.2,9542138431.7,9853173126.4,9803934265.8,11386054127.4,11454555251.3,13445697856.3,16193842633.1,19827818563.5,25111277382.6,29772502067.3,31623476790.3,36355703861.6,40560965965.1,..
Cote d'Ivoire,CIV,World,WLD,Average interest on new external debt commitments (%),DT.INR.DPPG,5.835,6.0629,6.006,7.2798,7.909,8.2203,7.3728,7.6245,8.7576,9.6315,11.3888,13.6916,12.1709,10.2794,7.7357,9.6435,7.276,6.5291,5.607,6.8886,5.8638,5.3656,5.297,4.6564,2.0523,1.8915,1.8505,1.9118,0.6813,0.75,0.7407,0,0.7499,0,2.1594,1.7049,0.2325,2.7785,0.6264,4.197,1.0622,7.0582,2.1416,1.959,1.7661,3.5133,0.8922,3.8534,4.2853,3.3415,2.645,2.2099,3.0233,4.0164,5.3195,..
Djibouti,DJI,World,WLD,"External debt stocks, total (DOD, current US$)",DT.DOD.DECT.CD,2594794.2,2637248.5,5368001.3,6284821.9,8215540.5,12235670.8,17257778.4,19240608.5,21045654.3,20521872.5,25819344.9,19839075.3,24412686.7,33566963.8,62016208.7,95976961.9,119266842.7,154398153.6,158287377.7,131250168.3,155287776.6,204846570,219983628.2,232491922.3,257722565.5,272609469.8,287861627.6,262911137.8,279286678.7,269605349.7,297885046.7,299712992.6,358712496.2,395630618.8,460336601.1,486891630.5,566640519.7,810010699.4,845231817.3,898678026.1,768541095.7,769520335.7,802385752.1,820599815.1,943103980.6,1227496569.6,1702240895.4,2266964232.8,2321379194.7,2552579803.4,2900369858.3,3206547225.4,3170133063.9,3428806710.3,3423638382.4,..
Djibouti,DJI,World,WLD,Average interest on new external debt commitments (%),DT.INR.DPPG,3.25,0,3.9285,4.4999,3.2843,5.1271,5.6218,0,0,1.1337,2.0608,3.3523,3.204,2.9049,1.5684,2.2071,2.8444,1.2491,2.6052,1.2187,0.7499,1.3566,1.187,1.3667,0,0,6.9219,0.8461,0.75,1.6023,2.345,1.9105,1.6055,1.0058,2.1804,2.4987,2.6899,3.7484,2.5289,2,2.0567,2.0398,2.2015,2.7346,2.0037,2.4453,1.8682,2.3007,1.2907,4.2847,1.6919,0.9426,0.858,5.8513,0.3774,..
Dominica,DMA,World,WLD,"External debt stocks, total (DOD, current US$)",DT.DOD.DECT.CD,..,..,..,..,..,..,..,..,..,..,..,14433362,20521207.3,39153669.8,51482178.4,58688420.9,61404138.2,75382488.2,76660400.7,80613353.7,90754904.8,98099584.9,97714468.8,98251335.7,99698516.3,104872376.3,116474724,105116658.4,113898854.9,134177325.7,183329449.5,232891070.6,248883164.5,307393729.2,324952433,294216801.6,272826815,265526478.1,260470785.8,271883558.1,271398373.2,280448697.4,304777493.7,488948659,481925897.2,496007934.8,536051362.9,521050824.9,505427809,460210461.4,480930079.6,509985025.6,599233701.7,592225919.1,569530343,..
Dominica,DMA,World,WLD,Average interest on new external debt commitments (%),DT.INR.DPPG,..,..,..,..,..,..,..,..,..,..,..,2.28,1.7311,0.2963,4,3.9949,3.217,1.4407,2.0352,3.358,2.9551,4.0455,2.9858,3.7434,0,2.6016,2.7034,3.7091,3.3393,7.0498,4.5188,5.8077,3.5285,1.6084,2.9204,2.3555,0,0.75,1.9257,2.1403,2.5733,3.3422,3.1675,1.6146,0.8239,4.7713,2,1.6937,0.75,3.4434,1.0527,0.9222,0.75,0,1.459,..
Dominican Republic,DOM,World,WLD,"External debt stocks, total (DOD, current US$)",DT.DOD.DECT.CD,389548000,439941275,480997700,516415715.8,625955086.1,729788380.4,875533547.7,1189250133.7,1406647193.4,1682577859.2,2081568255.2,2372036370.9,2598219687.8,3002656798.7,3184573375.5,3573469225.6,3762208698.8,4012437196.7,4072680854.7,4159662668.6,4484666420.4,4599353573,4716244896.4,4957324456.8,4366328681.9,4532953461.9,4414764302,4309979738.7,4473713207.6,4794696438.9,4617977128,5212380882.2,6574924040.6,7276848800,7818993970.6,7751825568.3,9219827515.2,10747913578.6,10609348066.3,11853860787.9,13498619112.4,15097329632.2,22101544978.2,23957826085.2,26269413480.3,26727445939.7,28291425524.5,29455812951.6,31864082651.9,35095621459.1,40559732187,43884654717.7,48289508484.2,52188404942.6,53293949023.3,..
Dominican Republic,DOM,World,WLD,Average interest on new external debt commitments (%),DT.INR.DPPG,2.3681,2.0971,4.0381,4.0409,4.5073,5.1937,6.8471,7.4822,10.4672,7.5857,8.9472,6.5707,5.4866,5.8201,7.2733,7.3582,6.4359,7.4937,6.6729,5.0507,5.7369,5.0353,7.3331,3.9536,3.68,6.6288,5.482,7.1421,6.5431,4.7425,6.5337,7.0667,2.6252,6.3581,3.2807,1.416,5.6607,3.8934,2.7391,2.965,4.165,2.765,0.9788,4.1303,3.7165,4.6769,6.3922,4.7064,6.4226,6.0592,5.0224,4.3248,4.8817,9.1832,8.1478,..
East Asia & Pacific (excluding high income),EAP,World,WLD,"External debt stocks, total (DOD, current US$)",DT.DOD.DECT.CD,7026035434.9,8817214911.6,10479313752.7,12297993547.6,15147878788.8,18711976028.9,23655441434.4,29784502219.1,36653345878.2,43437510935.7,54399399056.5,64317454886,75081115444.9,83408920386.2,89212992782.3,104154212254.5,120928242092.6,147259435582.8,157076696849.2,186563459679.2,217768034182.1,246072462372,273820967535.7,302092104026.1,353288921577.3,421587138918.9,454842432154.8,479396338313.5,491354526872.4,494756268614.7,456151253751.7,469818242974.8,466167206840.9,495165490014.1,540187661542.1,581087573128.8,619776550848.3,690404924365.4,717789254446.2,829071245139.9,1192805702367.2,1558305838622.8,1740447258446.8,2110665235722.3,2444799482482.1,2004505340145.1,2111817644482.8,2489001637378.7,2798070300222.3,2993027551148.4,3263947543615.4,3696990659127.7,3496645782607.1,3416715484747.4,3409356888336,..
East Asia & Pacific (excluding high income),EAP,World,WLD,Average interest on new external debt commitments (%),DT.INR.DPPG,4.36009760342961,3.77843507074709,5.07701295842704,4.05193637493393,6.2726381501314,7.83428745370421,7.16072799126853,6.4212232548155,6.87409442849484,7.10060963650376,8.82570670806092,8.92606752200661,8.71685189846445,8.12395769479051,7.95651997547667,7.45959130421131,6.21430236778855,6.004753411587,6.16357161101557,6.5265149592681,6.53825235392755,5.68948941174044,5.94879050800331,5.29802931234806,5.08176258479785,5.8668984323703,5.93027216799265,5.96783504461732,4.94318252905936,4.80524580941394,5.50290492737067,4.47268390080458,4.43112109735997,3.55794874648637,4.11088801319985,4.71921940357351,5.35534718864917,4.09376217731046,3.350742876625,3.6331183758972,2.73627770583087,3.62107556969111,3.51952711880217,2.34177497317505,3.75636225262228,3.49906720287908,2.80737934497194,3.40638779225343,4.37300838322429,4.23476853626186,3.76603173386243,4.3309728442984,3.27376759911615,4.64130428522993,4.87902548051782,..
Ecuador,ECU,World,WLD,"External debt stocks, total (DOD, current US$)",DT.DOD.DECT.CD,402122588.1,432364315.1,535905146.8,573939123.7,708698193.9,993879992.3,1214102930.2,2485664571.4,4088901233.8,4637392148.3,6108962611.2,7772614471,7807592417,7692947367.7,8400083081.3,8792328903.3,9418379203.6,10553659498.1,10808917407.5,11376206174.6,12162620647.2,12521018295,12262513163.2,14119794865.7,18105551174.1,17002047905.1,17456887682.2,18363272531.6,18521805480,19110081292.1,17182982890.6,17813559063.3,19585719133.3,19976582978,20632713680.6,20431754371.7,20394197070.3,21117567758.9,19033218167.9,13376883645.9,15389312133.4,16180581867.5,16260757649.6,19094570319.9,24984256767.9,28405810428,35395057632.2,41170619133.1,44972778938.7,51908820292.2,56397276775.8,58115985989.7,60682883622.4,61658016751.5,60364730466.4,..
Ecuador,ECU,World,WLD,Average interest on new external debt commitments (%),DT.INR.DPPG,5.319,7.3483,5.7436,4.8666,5.4118,7.4172,7.8085,7.8443,8.1238,10.7598,10.6811,11.3966,8.6603,9.8764,8.7577,6.8915,7.4885,7.3462,5.9046,7.3677,6.4278,6.777,6.8613,5.6537,5.9826,6.3922,5.9544,9.2891,6.7474,6.8624,10.1621,5.5734,4.7415,1.7134,4.5793,7.9489,6.6455,5.3722,3.256,3.2725,4.8593,5.3662,5.6982,2.6131,2.5531,5.0979,7.3069,7.2513,6.1892,7.0759,2.7802,1.7835,3.0056,6.3788,6.3588,..
"Egypt, Arab Rep.",EGY,World,WLD,"External debt stocks, total (DOD, current US$)",DT.DOD.DECT.CD,1801624657.4,2049117407.7,1952436870.5,1991608099.4,2209478866.4,4835420182,6357338118.1,11733540781.4,12857846527.8,14905845250.8,19130724407.9,22077857201.7,27323635750.8,30213012849.9,32187450012.1,36124676237.8,39891292452.4,44151539093.1,46148551466.9,45676111287.4,33015720171.3,32604272498.3,31168986021.5,30651243858.9,32499139580,33475216024.7,31512670142.2,29952913694.8,32347186890.4,31121616151.4,29232716500.9,28331673242.3,29671747582,30467606765.2,31403286339,30575696632.4,31028391832.6,34604548133.8,33925338196.5,35417097883.9,36803931990.1,35208762810.6,40061753451.8,46534987114.9,41772774970.9,49873938935.6,69188517055.2,84587108845.3,99457163486.3,114910260649.9,132538717154,145998330659.9,163111452414.1,168182236339.6,155972716013.2,..
"Egypt, Arab Rep.",EGY,World,WLD,Average interest on new external debt commitments (%),DT.INR.DPPG,5.1993,5.5207,5.1476,3.3312,6.3504,4.5219,5.2687,4.7464,4.0287,8.1263,4.9798,7.7061,8.3527,9.2477,8.8419,7.9104,7.1224,6.6702,6.0851,7.1016,5.2695,4.6656,4.4007,2.315,2.2983,3.077,1.6025,5.9447,3.3142,0.75,5.0751,7.2768,2.5547,2.5981,2.7259,3.7863,4.0169,5.1393,2.7631,1.4106,2.3686,1.0071,2.4394,0.272,0.9976,2.6884,1.9106,4.9869,4.435,4.9321,4.0201,3.8799,3.4502,5.4363,7.3907,..
El Salvador,SLV,World,WLD,"External debt stocks, total (DOD, current US$)",DT.DOD.DECT.CD,205547537.2,230545489.7,277866666.7,282878601.1,419353322.8,491365106.2,567663297.6,813716218,998400248.5,973789596.7,996824512.7,1219725516.4,1535580026.8,1840051299.4,1927867239.5,1947465463,1955293877.5,2073829069,2098775766.3,2171656069.6,2232089054.6,2272547389.7,2346752650.2,1992942227.9,2163863049.9,2569443217.7,2872513549.1,3203304451.6,3310661338.2,3762995865.5,4535064825,5344553477.7,6114021552.3,8616503266.2,9147790266.4,9621574748.3,10004564795.6,9864898765.1,10688436435.5,10405779193,11495710496.5,12729163388.5,13548206071,14131937323.3,15173875769.4,15604154313.2,16582870003.6,17192280768.2,16686606483.9,17368634891.6,18485326634.2,20341989714.6,21188282065.6,22861743174.6,24961880871.3,..
El Salvador,SLV,World,WLD,Average interest on new external debt commitments (%),DT.INR.DPPG,4.4667,4.1852,5.2061,3.9685,9.8543,6.0903,6.4312,4.7801,6.0229,6.7347,4.1533,3.6555,7.4362,5.6209,7.4467,4.8438,4.8863,5.5172,3.3812,7.3789,4.5968,6.2506,6.1412,4.9193,3.8292,6.5083,7.0745,6.0525,6.9164,7.2645,6.405,7.4835,7.4963,6.49,7.2593,5.6999,6.624,5.3177,5.1117,3.8874,2.3728,5.4953,4.1693,1.3404,4.8511,3.2476,2.3039,7.9342,3.016,6.0327,6.0119,1.5116,3.4806,5.203,8.0896,..
Equatorial Guinea,GNQ,World,WLD,"External debt stocks, total (DOD, current US$)",DT.DOD.DECT.CD,..,..,..,..,..,..,..,..,..,..,..,..,..,..,..,..,..,..,..,..,..,..,..,..,..,..,..,..,..,..,..,..,..,..,..,..,..,..,..,..,..,..,..,..,..,..,..,..,..,1514897398.3,1325984893.7,1495464409.1,1483863201.4,1365342729.2,1219531304.1,..
Equatorial Guinea,GNQ,World,WLD,Average interest on new external debt commitments (%),DT.INR.DPPG,..,..,..,..,..,..,..,..,..,..,..,..,..,..,..,..,..,..,..,..,..,..,..,..,..,..,..,..,..,..,..,..,..,..,..,..,..,..,..,..,..,..,..,..,..,..,..,..,..,2.5521,2,0,0,0,0,..
Eritrea,ERI,World,WLD,"External debt stocks, total (DOD, current US$)",DT.DOD.DECT.CD,..,..,..,..,..,..,..,..,..,..,..,..,..,..,..,..,..,..,..,..,..,..,..,..,29056800.1,36689461.6,44286454.5,75455613.8,146136192,273362649.1,329696750.6,432797640.1,540750572.1,656094138.2,760244436.6,757208868.8,822735305.2,896724741.4,997784245.2,1050653956.3,1037322233.9,1051012567.3,990963322.4,942827437,907610925.5,875473801.3,800798598.7,825670657.9,797462901.6,779332773.6,798652429.3,772098727.5,727107699.5,725941139.1,667267678.5,..
Eritrea,ERI,World,WLD,Average interest on new external debt commitments (%),DT.INR.DPPG,..,..,..,..,..,..,..,..,..,..,..,..,..,..,..,..,..,..,..,..,..,..,..,..,1.2023,2.0031,0.9547,1.1839,1.4263,0,0.7343,1.2281,0.9108,0.75,0.6578,0,2.0014,2,5.5412,1.919,0.7499,0,0,0,0,0.75,0,0,0,0,0,0,0,0,0,..
Eswatini,SWZ,World,WLD,"External debt stocks, total (DOD, current US$)",DT.DOD.DECT.CD,37033600,34636158.6,32579541.5,36932052.2,36186536.7,33746594.9,40783709.8,61099341.7,148246663.9,183128664.8,207635163.8,185846514,205660366.1,237056126.4,191395502.5,236548443.2,273377332.3,302794584.4,259436559.3,271146128,256044454.3,260437309.6,237910547,228166871.4,240790698.9,249640731.9,234857815.8,409051383.1,300826830.3,340291444,333715753.2,348534802.3,410868440.2,453448988.2,463598561.7,520294300.9,474976016.6,497770307.9,480516699.6,527156239.6,1016890185.2,1039157895.1,863790140.3,754187660.4,537314978.9,449950527.3,765430841,873013004.1,766436157.3,834013682.1,957579428.8,1179021627.2,1247997284.2,1228148249.5,1238600512.2,..
Eswatini,SWZ,World,WLD,Average interest on new external debt commitments (%),DT.INR.DPPG,0,2.8877,4.4386,0.8421,3.5242,5.0819,0.3232,6.4181,7.1285,1.0512,7.9646,8.4033,5.4088,8.0189,7.116,5.6803,3.8881,2.8531,0.7499,2.4154,0,2,8.05,6.1751,0.75,7.09,7.3099,13.4999,11.0168,3,0.5932,6.6021,0,3.3162,2.2229,0,2.2346,12.4999,4.9662,2.5034,0.9444,0.9758,1.9533,0,0.4477,1.4379,0.9305,3.162,1.4683,1.2747,2.0507,1.7151,1.3434,5.4386,5.7666,..
Ethiopia,ETH,World,WLD,"External debt stocks, total (DOD, current US$)",DT.DOD.DECT.CD,169291507.9,204419405.7,226992441.5,256405145.8,283128081.9,343674712.5,402645522.9,500727416.8,567285829.4,740065951.6,823661624.8,1841818082.1,3279545191.2,3845189805.4,4222435578.9,5212468612.5,6144432381,7377385232,7717008720.8,7855586230.1,8645231101.2,9133608406.4,9355564836.4,9717488583.7,10079654017.6,10324075338,10091749359.6,10090618084.6,10360532218,5572314681.4,5516263792.3,5745843979,6552441032.8,7281813432.4,6568177206.7,6175805430.4,2220991208.6,2592599173.4,2847636291.2,5361419433.9,7287411658.5,8607523904.7,10465118049.7,12585463066,16946037499.2,20443875424.1,23396722284.1,26170602394.7,29842524863.7,30377335498.2,32364057104.1,32000197807.2,30620768251.9,33273672181.5,36548259483.3,..
Ethiopia,ETH,World,WLD,Average interest on new external debt commitments (%),DT.INR.DPPG,4.3585,1.7548,2.4137,2.1173,0.684,1.3315,1.3671,1.192,2.2232,4.3305,3.5906,2.3399,3.5221,2.6325,4.1059,3.3484,2.2286,4.3404,3.0862,3.2328,6.5646,4.6894,0.963,1.6798,1.1029,0.9523,2.2252,2.4313,0.7627,0,0.8264,0.9291,1.0471,1.288,0.9388,0.9412,5.2267,1.2476,2.9837,1.8906,1.881,1.5642,0.8746,2.717,2.988,1.4322,1.1845,1.9681,1.8658,1.4648,0.9984,0.6696,1.1427,1.4435,1.4716,..
Europe & Central Asia (excluding high income),ECA,World,WLD,"External debt stocks, total (DOD, current US$)",DT.DOD.DECT.CD,5075880995.8,6402531669.7,7487194493.4,9002238743.7,10273530956.2,11685564423.5,14318940784.5,21588452098.6,27396292669.9,31909776491.8,37625763685.5,39888316606.7,39621714743.6,40805944515.4,41255709573.4,48266651270.2,54436606754.5,63415517066.6,62170653168.3,60726290584.4,67567434907.5,67869835554.2,74724062678.6,93094102080.9,94492604765.2,106731712909.4,115651748983.6,126832367172.3,146540428414.7,159183103851.2,180224570450.6,188267197081,212814861938.3,242801864716.8,280013632371.7,309140387133.4,407485991165.7,528227217656.1,601901664671.9,621703099512.8,697215240366.9,734440986237.1,789236292799.6,884006273070.1,883621860389.1,854053830273,866662320879.5,933863280332.9,913246242178,926687582546.9,980518943831.6,1003676762514.6,1040767892639,1135788048367.4,1169286746391.8,..
Europe & Central Asia (excluding high income),ECA,World,WLD,Average interest on new external debt commitments (%),DT.INR.DPPG,4.61009995975482,5.36868264683592,5.28301181188488,3.76493092329734,6.43095181273777,7.84539721399274,7.34217345952461,7.67168363183366,6.47151246394658,10.6126883608229,10.2609310558366,9.66184124861551,10.9560274921881,9.65023472167039,8.94507362065999,8.66031778767979,7.23887240764241,7.03211387698112,7.83212273873927,7.77751533168025,8.39539598578933,7.4651281657783,6.85517275026905,5.76776870312716,6.0486019933832,5.61457819854497,5.88801231043759,6.58863814193326,6.17560093515648,6.9714619288791,7.77242131295714,5.69177702996937,5.66310380556075,6.7189366978333,5.36879403391474,4.47296369848956,5.16107536446309,5.44459247586621,4.9711171276715,3.5896828723526,3.86567015606108,3.32660779901611,4.61196952516619,3.83803848371964,2.93380595261374,4.01878384655193,3.06535302063376,3.92646317355857,3.84278885028794,3.85770035017939,2.98393936920904,2.96170860367374,3.68313608585917,4.64001457623219,4.30826061647716,..
Fiji,FJI,World,WLD,"External debt stocks, total (DOD, current US$)",DT.DOD.DECT.CD,11665440,14810208.6,20721484.6,47197248,54507121.5,59299120.5,63899866.3,120597359.1,103213454.6,141674748.1,216321921.5,276430731.2,302393413.9,332406077.7,314560182.5,335680653.4,339619142.3,364679007.7,370909718.9,316399872,318026329.3,282093980.4,257427622.5,246248945.3,196861157.8,183417026,165771501,158130798.8,168365632.2,231848126.2,194527935.4,181389690.1,211378367.3,258131310.3,263742090.4,302666509.7,373224464.8,397932776.2,689116436.7,1067927268.5,1107442022.4,1135273517.9,1283656604.2,1327112540.4,1433374045.4,1492464435,1401041843,1662594373.7,1628412658.2,1831700627,2047345488.9,2498008201.2,2988044051.5,3347681715.8,3868919895.3,..
Fiji,FJI,World,WLD,Average interest on new external debt commitments (%),DT.INR.DPPG,3.147,6.189,6.4638,8.0789,4.8898,5.9546,7.4779,7.9303,7.2579,10.5339,8.0822,10.8437,12.3466,10.7218,9.1037,7.0866,6.7201,0,6.5317,6.0963,6.6222,2.8961,11.755,6.8927,0,4.5,0,6.5076,2.4764,3,0,0,2.47,0,2.5899,4.8384,6.2839,0,0,0.688,1.0472,6.8774,2,0,0.5,6.4465,1.6252,3.3228,3.0515,3.3756,1.2062,0.5629,1.3679,0.75,0.7987,..
Gabon,GAB,World,WLD,"External debt stocks, total (DOD, current US$)",DT.DOD.DECT.CD,103822382.2,145538293.9,229636306.8,396230224.3,528014042.9,882643164.9,1234281993,1476400117.3,1512811249.8,1722573959.5,1514020947.9,1135600329.5,1000623472.4,914890557.4,919426012.8,1206162951.1,1943574170.3,2618902681.7,2844956364.8,3350495573.9,3982877605,4222977719.5,3850442852.3,3862504189.7,4173198026.2,4362737008.3,4313553814.7,4282600648,4430828795.7,4006728293.6,3930290528.8,3447234061.4,3517028368.8,3806803406.1,4111417357.2,3982408562,4367730175.2,5131344448.2,2487040013.1,2711428130.7,2914864858.2,3182959184.2,3241048492.7,4822851463.7,4646619425.6,5131574603.4,5386777813.9,6578650826.9,6896066351,7291337257.7,7729911668.2,7833664602.7,7990531656.9,7576008899,6816627454.3,..
Gabon,GAB,World,WLD,Average interest on new external debt commitments (%),DT.INR.DPPG,5.0674,7.5309,5.4054,7.9576,6.8953,8.4502,7.7638,8.3054,9.613,10.8313,11.1673,9.0043,8.9796,9.5326,9.733,10.2019,8.6399,8.3716,7.888,7.2771,7.8731,5.2193,8.1056,8.1811,5.5339,4.684,6.1572,5.9824,4.7253,3.4381,0,3.6918,4.2084,0,3.2787,1.9234,2.6624,6.5785,2.5826,3.1097,2.1409,2.8947,1.7249,4.4036,2.2131,4.8354,1.8986,1.4678,1.9777,0.9992,5.5538,6.7298,1.7068,6.8048,4.7182,..
"Gambia, The",GMB,World,WLD,"External debt stocks, total (DOD, current US$)",DT.DOD.DECT.CD,5076000,5479788.1,7363300.6,8860001.6,12224401.5,13415000,15427601.5,38015802.8,49814426.7,81190316.2,136794649.3,176028514.2,207092702.7,211728665.6,230291916.7,245076853.8,270132607.5,326670313.3,325153968.4,337733390.8,369107805.3,383161876.9,403393643.3,425974575.1,422977251.4,426068749.7,451989840.9,424645554.3,459520620.6,471742641.4,490135711.9,494508599.3,583775769.6,643381438.2,679691270.3,661826687.4,709322151.4,690822190.6,391243687.5,531073521.2,543809679.3,515906627,565576213.2,582880967.8,558419261.5,586005734.1,623076239.2,754615476.1,777981034.3,851796355.9,964018162.5,1112738213.7,1179606116.4,1324832841.6,1642671191.3,..
"Gambia, The",GMB,World,WLD,Average interest on new external debt commitments (%),DT.INR.DPPG,0.7395,0,0.75,0,0.5978,0.2543,1.9964,1.7818,1.0784,6.2034,3.8514,3.0944,6.2563,4.9214,0.8224,7.0683,0.75,0.6705,1.5721,0.9194,0.8414,1.9555,0.7936,0.75,0.7928,3.4743,0.3725,0.7804,1.2091,1.378,1.6827,1.0698,1.8349,2,1.1022,2.7972,0.1162,3.3217,1.9064,1.3045,1.2812,0.7422,1.1154,0.9978,1.4425,1.4049,0.6418,1.2071,1.1563,0.7798,0.6883,1.4956,0.4341,0.7437,0.2341,..
Georgia,GEO,World,WLD,"External debt stocks, total (DOD, current US$)",DT.DOD.DECT.CD,..,..,..,..,..,..,..,..,..,..,..,..,..,..,..,..,..,..,..,..,..,..,79312483,558986470.1,1450018420.1,1240357909,1361321590.8,1465764166.6,1648137048.9,1851041690.9,1825515848.6,1909485070.3,2034422947.1,2148630818.2,2316620171.1,2156209501,2573385096.3,2986949884.4,7721515061.9,8672797229.9,8790390910.4,11781288103.3,13517007945,13611150110.6,14102343179.6,14360492981.4,15830998022.1,16003229315.4,17111996250.1,18749078511.8,20083506516.9,21992748362.6,23319530472.2,24123230482,25163122115.7,..
Georgia,GEO,World,WLD,Average interest on new external debt commitments (%),DT.INR.DPPG,..,..,..,..,..,..,..,..,..,..,..,..,..,..,..,..,..,..,..,..,..,..,4.1003,3.9797,4.019,1.484,3.1962,0.9228,4.0697,0.774,1.1464,0.7254,0.75,0.7499,2.6111,1.7639,2.1798,0.75,5.1115,0.9953,4.1271,4.4601,4.5728,0.9981,0.9014,1.787,1.8379,0.9666,0.3839,0.4969,0.6427,2.313,1.0631,3.7142,2.5078,..
Ghana,GHA,World,WLD,"External debt stocks, total (DOD, current US$)",DT.DOD.DECT.CD,572138164.6,542386913.4,601807880.4,756428483.1,730055396.5,720589134.4,710690900.3,1066624519.4,1278646090.2,1281964511.1,1398364945.5,1538834501.5,1484226949.7,1666180356,1963074302.9,2256468113.8,2766891477.4,3313222736.3,3131102815.6,3402456463.2,3880932790.8,4380166480.7,4508061699,4886542112,5469152460.4,5935777124.3,6442990348.8,6347327632.8,6969089358.3,7103705178.5,6743341663.2,6860995876.9,7640294825.3,8301000837.7,7243731089.5,8091993817.5,6059739098.4,8311291215.1,10058853977.2,12962573037,17984659771.3,21317880741.9,23151628039.4,28508533533.3,28517251145.9,31306595150.8,34860777089.7,33725981614.6,35100516069.1,32685329069.8,40295305085.6,46584318739.8,43607006146.1,41700706280.4,37414621429.7,..
Ghana,GHA,World,WLD,Average interest on new external debt commitments (%),DT.INR.DPPG,2.018,2.2263,0.1484,0.7289,2.123,4.3123,3.6731,3.8171,3.8936,4.8374,1.4384,4.0122,5.1409,2.0354,2.4847,3.395,4.4344,2.8985,1.2009,3.286,3.0104,3.1062,1.8362,3.1053,4.1694,3.256,2.9364,2.5154,3.9992,3.519,3.6767,1.5751,1.7543,1.0786,1.0909,1.0802,2.0959,3.1339,2.2933,1.5255,1.4253,1.6565,1.9475,6.0346,6.2744,6.3499,4.8828,2.1208,5.9702,5.9147,4.3014,4.6292,3.2298,1.8397,1.6292,..
Grenada,GRD,World,WLD,"External debt stocks, total (DOD, current US$)",DT.DOD.DECT.CD,16048000,9107715.9,8931619.7,8980951.9,9274607.5,10525917,10642862.4,14396012.2,19119750.3,22361284.9,21536329.9,34017737,45419806.9,58501940.7,55598855.3,59764950.9,65312669.5,80338248,90751128.9,91648351.6,112883317,124502215.7,117298720.7,149341231.6,130260020.6,128146012.9,140689393.7,116640568,172158149.2,137900702.4,199420878.4,235652510.6,372086143.1,369076336.6,429599096.4,362225849.5,452574948.4,487671808.2,538874448.7,556610998.4,560589966.8,532314611.8,589266059.8,586857002.2,638459103.3,602313099.1,623422784.3,563166097.2,580171366.3,548133057.5,834201747.6,898682923.2,853727574.6,881513363.5,863278627.6,..
Grenada,GRD,World,WLD,Average interest on new external debt commitments (%),DT.INR.DPPG,7.4173,6.5,0,4,0.1691,3.0172,4,0.5,5.6202,0,1.6201,4.1215,10.1778,5.2659,1.972,1.1165,4.936,1.4453,2.5454,5.1262,4.5958,1.1082,2.9337,3.9281,4.5948,2.6124,4.2808,4.9064,4.373,6.9,4.5005,1.9399,3.3804,3.6235,4.193,2.7756,2.5587,3.0626,2.6395,2.6099,3.1063,1.3397,2.8455,2.3429,0.5414,1.4047,0.6249,2.8103,0.7804,0.75,0.7932,2.3215,0.8266,1.6003,0.75,..
Guatemala,GTM,World,WLD,"External debt stocks, total (DOD, current US$)",DT.DOD.DECT.CD,192905000,219103000,234065000,280352000,325354000,396868000,465475440,744635179.9,909888330.4,1142203893.7,1269754662.5,1368802607.7,1654445085.8,1925687830.4,2486022261.1,2787414340.4,2915605759.5,2891484672.5,2707894026.9,2701287648.9,2911024152,2867141152,2822946041.7,2945010418.7,3162188947.6,3335545326.7,3414092731.3,3513160298.8,3691416630.7,3873237129.5,3948027445.6,4381821175.1,4527094223.8,5157578025.6,8094354233.7,9506426234.1,10946171835,12678187392.3,13823078747.7,14824423718,15043073564.1,16281345423.5,15367094881.6,17484024750.5,19511836131.6,20378217942.1,21129829604.4,23264893723.8,24274929980.6,24596433139.3,24357414712.1,26313444120.1,25269486615.2,25662103251.6,27058876458.5,..
Guatemala,GTM,World,WLD,Average interest on new external debt commitments (%),DT.INR.DPPG,4.9793,5.3039,7.8057,3.6354,4.0839,5.9513,4.9658,6.5329,5.8205,5.6113,7.8793,8.3309,6.5664,8.3219,9.0968,7.9424,5.4943,3.796,6.8077,8.3151,5.6814,3.6203,7.3012,4.9167,5.7306,4.1833,6.0645,7.2959,6.2785,6.4431,7.1796,8.7439,4.4683,8.0585,7.3485,5.3708,5.6008,5.8501,4.3264,1.6359,3.7113,3.0719,0.2435,0.4426,4.4899,0.7823,0.0931,4.375,3.614,5.4839,4.1761,4.175,3.3167,6.7624,6.452,..
Guinea,GIN,World,WLD,"External debt stocks, total (DOD, current US$)",DT.DOD.DECT.CD,336538268.5,450888914.1,525057663.4,633741807.2,756104761.2,786310948.4,836375367.8,930312967.8,1053329789.7,1171297355.1,1138754761.2,1375342328.8,1369541779.3,1345686447.6,1256355640.9,1463775807.2,1763025058.9,2068868486.5,2261520052.6,2166158233.4,2430250483.9,2559675335.9,2594685886.3,2769171417.2,3041841275.2,3197334274.3,3208155193.2,3485269717.6,3540895065.5,3204587497.5,3077966048.7,2909940903.9,3162360510.6,3172816864.8,3213855090.6,3080188084.2,3156609938.3,3303261166.1,3196241393.2,3225732941.5,3239064176.1,3204983552.2,1338544650.1,1678521277.1,1841210155.9,2038505983,2217230661.2,2389897375.8,2590666017,3539865720.4,4117019182,4641861330,4903692018.9,5163409013.9,5388299536.1,..
Guinea,GIN,World,WLD,Average interest on new external debt commitments (%),DT.INR.DPPG,2.9452,3.9236,3.0973,2.3749,3.3669,3.3702,3.4046,5.0229,5.4335,3.5158,4.6371,3.8189,2.8335,4.534,3.5498,3.3709,3.3191,2.203,0.9979,1.8696,2.561,2.6003,3.0414,2.4163,1.6771,2.1375,2.4506,0.9359,1.3953,1.2387,1.2911,0.9215,1.5185,2.7875,2.5865,2.4486,1.2978,3.6232,1.8019,1,2.5,1.2202,1.7047,1.7404,1.3844,1.2768,0.8507,1.3563,3.0996,1.3058,1.2287,1.1677,0.9264,3.1562,2.2248,..
Guinea-Bissau,GNB,World,WLD,"External debt stocks, total (DOD, current US$)",DT.DOD.DECT.CD,0,0,0,0,0,7903500.5,16172701.6,25849862.3,51399777.5,69510697,137332753.3,149446902.5,170159605,198812301,254002180.8,319396839.1,372249867.5,485400954.7,569144690.3,598499893.1,697504207,750546467.4,764629993.3,789803311.4,852536430.8,896864789.9,938975769.8,924268531.8,973582599.9,943568217.5,952017343.1,906290735.5,978472635.7,1063464780.4,1109546144,1020656917.4,1043971913.1,1087751481.7,1094336083.9,1114619855.6,1074494840,260874427.2,276717156.4,311568795.3,391176127.7,577133531,595584357.4,748623418.1,823323609.8,901974865.3,1117538509.3,1257861528.4,1250735517.9,1422541608.6,1433190116.5,..
Guinea-Bissau,GNB,World,WLD,Average interest on new external debt commitments (%),DT.INR.DPPG,0,0,0,0,1,1.5995,1.3656,3.6845,3.8768,3.9696,2.7918,2.9674,4.6474,1.9898,3.8824,2.9292,3.6581,1.1725,1.0623,0.844,2.2149,0.6416,1.3581,0.7842,5.0999,0.75,1.5283,0.75,0.75,0,0.9327,0.7499,0.75,0,0.75,0.7499,0,1.8002,2,1.8537,0,1.85,1.6883,2.7335,1.4274,0.7064,3.7877,2.3753,1.3036,0.8323,2.3264,1.506,1.2437,0.8999,0,..
Guyana,GUY,World,WLD,"External debt stocks, total (DOD, current US$)",DT.DOD.DECT.CD,82870994.6,156692603.4,158437579.3,178511425.6,221016020.1,328651332.4,426652641.9,526512349.1,611104607.8,686832901.5,842654972.3,916874252,1006253020.8,1254134872.5,1313853315.8,1526166926.4,1663808255.4,1765744327.6,1894110767.7,1660210656,1963150253.4,1977631781.7,1913525234.7,1967750372.7,2051880898.6,2118471710.1,1607335579,1590512898.5,1480883510.6,1433536564.9,1374473166.9,1327603202.2,1390166088.4,1454158541.9,1368422040.1,1238833544.5,1163165911.8,848663074.1,990493994.7,1427924569.8,1408397852,2006674225,1974205213,2302019509.3,2341948615.5,1636917068,1643860201.4,1582078487.6,1607000663.7,1530459137.7,1506687262.6,1889705076,2070108385.6,2952574717.3,3681569057.1,..
Guyana,GUY,World,WLD,Average interest on new external debt commitments (%),DT.INR.DPPG,5.9587,3.8474,0.7425,6.9267,6.8481,7.2567,7.1108,4.6873,3.3807,8.4451,10.4911,4.588,3.6979,1.3275,6.9532,5.4516,5.27,5.2979,8.4931,5.9657,1.3209,3.0972,1.7463,1.5495,1.5988,2.9806,1.6131,1.5671,1.4214,1.6926,2,0.4838,1.9732,2.9554,1.4233,1.2853,1.875,1,1.59,1.6425,1.2196,1.2258,1.4217,1.3756,0.3652,0.7273,1.8713,2.2634,1.723,1.703,1.6286,2.135,2.2827,3.6713,4.5478,..
Haiti,HTI,World,WLD,"External debt stocks, total (DOD, current US$)",DT.DOD.DECT.CD,52164000,50037000,53696000,51307000,120420665,148426495,181456752.4,235043455.3,281813569,334668126.7,382656540.8,500089812.3,609871507.4,644479206.2,731567557.7,782784896.8,773996522.3,905281161.3,877117132.5,859316294.3,939004257.9,804898214.1,830301663.3,845830044.3,758204227.1,837402729.3,924237596.4,1071797087.1,1068532781.9,1221741577.8,1205143476.2,1271014239,1271148138.8,1360909986.9,1322162871.5,1345851157.9,1524872000.4,1710448631.4,2091205511.2,1556330667.7,1045027834.3,848912587.7,1265464320.3,1689407746.1,2094112399.9,2239950364.2,2300997423,2367547376,2470002746.5,2470320988.5,2619431493.9,2970068585.2,2965270069.1,3156537449.7,944741012.3,..
Haiti,HTI,World,WLD,Average interest on new external debt commitments (%),DT.INR.DPPG,3.9227,3.4289,0.5466,2.2489,1.9112,0.9202,2.0589,2.7116,1.6945,2.6253,5.2166,5.3273,2.4931,1.4963,3.4376,1.8903,2.2244,1.6707,0,1.4302,1.3669,1.3244,0,0,0,1.2051,1.7659,1.5458,0,1.5247,0,0,0.75,0,1,0.9984,0,1.7862,1,1.1495,1.2468,1.0188,1,1,1,1,1.315,1.0614,0,0,1.0001,0,0,1,0,..
Honduras,HND,World,WLD,"External debt stocks, total (DOD, current US$)",DT.DOD.DECT.CD,158332049.5,195525800.6,221179512.3,256095856.2,351485456.7,451047275.3,442654582.3,837192552.6,1024364382,1278417162.9,1572745693.6,1806705071.9,1948506802.3,2237516604,2407554578.9,2856023287.7,3098898300.3,3419824288.9,3426284929.6,3492341919.2,3816730011.6,3483455267.6,3970308051,4432302415.1,4792475230.1,4910255065.8,4806522988.7,4943512916.2,5100413863,5583856168.8,5616776612.6,5159558392.8,5491495663.9,5656942754.9,6205542461.2,5170226183.5,3987694941.5,3010680924.1,3517193356.3,3835948442.9,4008010903.5,4419471950.2,5086242375.9,6871384044.4,7374992615.7,7634387493.8,7621689846.3,8749704481.5,9177024593.1,9755669687.5,11074425349.5,12507763354.8,12638567154.6,12943993274.5,14299817842.8,..
Honduras,HND,World,WLD,Average interest on new external debt commitments (%),DT.INR.DPPG,4.0394,4.6719,5.4733,5.4049,4.2171,5.8934,5.5794,4.2966,7.6507,8.1022,6.7766,9.2704,7.0242,5.7369,8.4692,6.3545,6.2848,5.5183,7.0544,5.9614,6.4122,4.047,4.3335,3.7961,4.8839,2.3078,2.7461,6.3282,1.9982,1.2583,1.5097,1.5188,2.3895,2.0275,1.2575,1.3355,1.6965,1.6823,2.7156,2.6841,2.4505,1.3349,1.1049,4.9878,2.3921,1.124,2.1446,0.4008,2.1258,2.9065,3.4228,1.5369,2.5713,3.2592,6.6143,..
IDA only,IDX,World,WLD,"External debt stocks, total (DOD, current US$)",DT.DOD.DECT.CD,6041022145.5,7821809656.7,9163366768.8,11780919343.9,15800386652,19307316463.1,22673075949.7,30475403409.2,37409767721.5,42743644604.1,52095995991.9,60926262862.8,69414063884.3,78533143421,83824435856.1,100388130269.5,112155562926,134055409895.2,139233076686.6,144073926403.7,158327231755.3,167210808032.9,170740901796.9,177028390132.7,190664970712.1,195907817823.3,190207398011,185733390761.8,198517030549.9,194415148081.6,188778332141.2,181576352248.5,193062960836.1,204908256615.9,209727337056.7,187579670964.2,162168408745.6,180119508103.7,195852581189.3,221143393907.5,234412757790,255133539357.6,291917227163.9,335980361418,367224411320.2,394894374177.5,422566610628.9,473084632840.9,509148709898.8,543176859033.2,603448971743.2,657545225152.2,671469810623.4,703444729690.3,710055723463.4,..
IDA only,IDX,World,WLD,Average interest on new external debt commitments (%),DT.INR.DPPG,3.55342272294614,4.2699860439311,3.04814570318999,4.69161671604438,4.2178911211309,3.85751443066576,3.82839275880437,3.98124842062735,4.07166994185232,4.11010653660588,4.32490995709963,3.8417905305055,4.01958487004948,3.02871719334799,3.88748272166397,2.98248998088306,2.9746646458152,2.50056352483574,2.56457072084397,2.3499068305728,2.56753783199687,2.15015792055991,2.26157698657797,2.17157200848998,2.19589246531006,2.25896702747286,2.46128882561651,2.83750690482333,2.0894756518776,1.78138627218739,1.77898205812812,1.45536272210868,1.64609377760317,1.56894380384637,1.38374204215017,1.72538226346047,2.43067633201447,2.93607587165262,2.19063854162845,2.42093718308855,2.31431127712636,1.80283918244514,1.91209047347413,2.54919625026729,2.38963005474483,2.34219918000463,2.20368036377696,2.27131719989685,2.72647367959723,3.03016947431751,2.16637524919705,2.25770127657824,1.75188958767358,2.48357565018278,3.01359157147918,..
IDA total,IDA,World,WLD,"External debt stocks, total (DOD, current US$)",DT.DOD.DECT.CD,11912202204.1,14620716593.7,16641505221.5,21136582481.6,26442754041.9,31113881217.8,35940736650.6,48233900439.8,60529071809.6,70266336654.4,87987021410.4,101550565759.2,114444843617.9,130495009190.5,135904927976.7,158050005487.8,178691901875.8,214489031846.3,220083365369.8,229165869452.3,255346426231.8,268790243356.3,271593740578.1,281173869428.5,300311726711.4,314181943774.8,305487324939.1,294355910147.7,311663346413.5,307616610470.5,302389583208.7,294218806545.3,311393935832.5,334574034260.1,346025453389.2,303209532050.9,263124861052.6,288674599454.2,312717376925.5,353404962958.9,380781590559,418866013240,464234017173.5,521239444605.8,566633771763.6,607539976386.1,645303566168.5,747175720021.301,804916651176.9,879303821637.7,976901307306.1,1072644422982.8,1100666730442.7,1146283569843.2,1169119409283.6,..
IDA total,IDA,World,WLD,Average interest on new external debt commitments (%),DT.INR.DPPG,3.40632947479593,4.2256464325677,3.50124771857804,4.65490173897644,4.14830558295506,4.38613322532321,4.44934969410322,4.82749038958699,5.31498810869516,5.97719787062038,5.80355884033806,6.68639975600755,6.274282164083,5.38863692030352,4.72998009628665,4.40728062991029,4.26224673814507,3.60223277850248,3.74309964365406,3.79706017426968,3.982846358727,3.56653891577646,3.26275709219463,3.08713399019592,3.09797360361306,3.21105971004695,3.0754254036112,3.70097929962434,2.92484262198247,2.57319722093718,2.66415496975244,2.04853437802637,1.93771780438237,1.80099780887864,1.6411444746347,1.85001227108314,2.90747908098603,2.85430147686916,2.12986631132651,2.15201736165668,2.13119403171244,1.93861221520893,1.8764918115541,2.3545225880874,2.73449860412304,2.47394340670476,2.30548087222313,2.99920808439398,3.35992184424971,3.2308131092505,2.09537127021734,2.71432174253544,2.2995862250992,3.41533639107144,4.16906975973252,..
India,IND,World,WLD,"External debt stocks, total (DOD, current US$)",DT.DOD.DECT.CD,8425121119.4,9328742281.7,10029268976.8,10965917520.3,12696953185.8,13865614018.8,14586390285.7,15414657569.6,16520249175.3,18190384895.1,20723360696.4,22480074709.1,26942860601.2,30649492455,32763961315.2,38934813159.4,44909442697.3,53424896488.5,59288500301.3,73721064976,83471522909.2,84852336186.3,87775440181.5,91330328767.5,97898626998.8,93808975940.1,93966076365.7,94059291709,98333648294.5,99779510346.3,101131491179.6,99500093585.5,105741601402,118884622369.5,123644485822.1,121195478444.5,159525518911.4,204057539299.5,227111768434.6,256312241333.4,290427544563.2,334399298473.1,392576050359.7,427245079805.9,457507409077.4,478831010025.1,455541896498.9,511575707373.6,521175685410,561017395481.3,564979321177.1,611987174447.7,615514904164.5,647556415555.5,716456023890.4,..
India,IND,World,WLD,Average interest on new external debt commitments (%),DT.INR.DPPG,2.3992,2.0993,1.6388,1.9611,2.1836,2.5426,3.9873,3.0324,1.9129,4.0098,5.4184,4.9914,7.071,6.9014,6.9153,5.992,6.1494,5.7016,6.2737,5.7981,5.3622,5.8442,4.9666,5.9282,3.9053,3.8887,4.6209,5.0964,3.2712,3.8768,4.6956,3.5429,2.2724,1.9078,2.3686,3.129,3.3651,4.5266,2.4256,1.4209,1.4201,1.6212,2.5675,1.8188,2.2764,1.8845,1.807,1.9214,2.7005,3.1456,1.4265,1.2923,1.788,4.2293,3.9712,..
Indonesia,IDN,World,WLD,"External debt stocks, total (DOD, current US$)",DT.DOD.DECT.CD,3432691278.3,4682274735.4,5814543795.7,7270793342,9100920877.2,11497812015.2,14010058797.7,16470538470.3,18045712413.7,18623748316.7,20937697366.2,22761139319.3,25133280486.7,30229383588.6,32025253802.3,36714642568.2,42914295378.8,52526347016.8,54053879424.8,59380152209.8,69848505848.5,79528197362.6,87987351692.3,89157126589.4,107819781286.8,124399503875.8,129003514948,136339703441,151484839252.8,151806502424.2,144048996549.8,132710089751.5,128444200507.9,134372632167.3,138041813871.8,142131795440.2,135970010956.9,147827337604.3,157916194612.4,179404705351,198278352695.5,219629383247.4,252623033564.3,263643864629.2,292565412570.1,307849578357.8,319052612588.1,353688908559.2,379851596756.2,402379692152.7,417036407016.7,417845089193.8,395986001909.7,399613483613.1,421059208493.8,..
Indonesia,IDN,World,WLD,Average interest on new external debt commitments (%),DT.INR.DPPG,2.636,3.0445,4.7834,3.7995,6.4487,8.2854,7.3676,6.0306,7.6116,6.7542,8.0647,8.8638,9.0182,8.6581,8.9782,7.1888,6.7214,5.757,5.2725,6.0402,5.9455,6.0088,5.8134,5.4794,5.2242,5.6617,5.5046,5.5025,4.375,3.6238,4.1596,3.8425,3.2645,2.7596,3.4441,5.4826,5.6663,4.4186,4.3259,4.3385,4.4287,3.6276,4.1616,3.9157,3.9023,3.7342,3.6071,4.3611,4.253,4.6128,2.9263,2.4305,2.9969,4.7678,5.2015,..
"Iran, Islamic Rep.",IRN,World,WLD,"External debt stocks, total (DOD, current US$)",DT.DOD.DECT.CD,..,..,..,..,..,..,..,..,..,..,4618942613.2,3969211554.7,8269750070.8,7078085808,5159730090,6025227842,5793964260.5,6150722410.1,5843049165.3,6526858378.8,9026182538.2,11368427701.3,16074665445.3,23392435930.4,21792481976.9,21681652185.7,16684178793.1,11697339746.3,12341638353.4,9742304899.9,8800053478.5,8280878565,8934505230.4,14235372770.8,20950347846.7,21393520935.6,20494226261.2,20834072180.2,16026650174.6,18609984963.8,19768742370.1,17260291984,7481954468.2,7013042464.9,5817911004,6455859301,6058410415.5,6819093933.4,5773699803.6,4855393068.1,5433188395.8,10348874166.9,9459955524.4,9900872535.1,9654298895.5,..
"Iran, Islamic Rep.",IRN,World,WLD,Average interest on new external debt commitments (%),DT.INR.DPPG,..,0,0,0,0,0,0,0,0,0,0,2,2.0205,2.1063,7,7,7,0,11.765,8.6112,8.3041,7.3331,5.3759,4.5839,6.3481,6.5549,5.9501,6.6176,5.7483,6.312,6.0264,4.571,4.0808,2.2843,3.7707,4.6961,6.0133,0,5.5949,4.3254,2.8455,3.6843,5.5259,2.9252,0,5.5144,0,0,0.0401,0.0401,0.5199,0.0013,0.4799,0,0,..
Iraq,IRQ,World,WLD,"External debt stocks, total (DOD, current US$)",DT.DOD.DECT.CD,..,..,..,..,..,..,..,..,..,..,..,..,..,..,..,..,..,..,..,..,..,..,..,..,..,..,..,..,..,..,..,..,..,..,..,..,..,..,..,..,..,..,..,..,..,19135602755,23353445730.2,28081416224.6,27797448159.7,27486478709.1,26328297576.5,25360186233.3,22722727263.8,20318433379.4,17517006333,..
Iraq,IRQ,World,WLD,Average interest on new external debt commitments (%),DT.INR.DPPG,..,..,..,..,..,..,..,..,..,..,..,..,..,..,..,..,..,..,..,..,..,..,..,..,..,..,..,..,..,..,..,..,..,..,..,..,..,..,..,..,..,..,..,..,..,1.0269,4.1451,3.1627,2.8802,0.8428,0.0762,0.8035,0.0104,0,0,..
Jamaica,JAM,World,WLD,"External debt stocks, total (DOD, current US$)",DT.DOD.DECT.CD,981947821.4,1017279724.6,1050172114.5,1218593242,1451065680,1631097348.4,1468081463.3,1698452346.3,1443098518.8,1725519727,1933418149.2,2335978753.2,2881171635.6,3493302522.8,3636693776,4149647658.3,4267673178.1,4771043102.6,4632792353.6,4660246898.8,4784682213.8,4612479880.4,4631509929.9,4418444373.2,4644306788.5,4615813407.2,4095187169.9,3818566634.2,3945356370.6,4027853275.2,4821219734.6,5477990485.7,5601373724.4,5720223401.2,6516794517.1,6590656418.3,8084297793.3,10523969850.5,10431004395.1,11116937810.7,14186599700.2,14287642491.2,14247212086.3,12889484163.8,14077596820.6,14055964975.2,14006048394.7,14584440916.3,17530384500.9,14464674889.2,14489345389,16036439681,15812061001.6,15395210849.4,14836981078.4,..
Jamaica,JAM,World,WLD,Average interest on new external debt commitments (%),DT.INR.DPPG,5.4058,6.374,7.3995,5.6009,5.6632,6.1091,7.1732,3.9505,6.543,7.2702,7.2041,8.8404,7.8671,8.1283,7.461,7.6271,6.5954,6.0474,6.2077,7.1366,7.6274,6.2429,7.24,6.3891,3.7726,5.8355,4.5043,6.581,7.7869,6.1586,9.1735,9.7542,6.9657,6.301,9.4047,7.5723,5.551,7.2065,5.8479,3.4785,1.382,5.4806,0.275,2.2444,5.1967,6.339,6.8669,5.707,3.4114,7.8009,1.8533,1.1245,1.32,9.3582,6.275,..
Jordan,JOR,World,WLD,"External debt stocks, total (DOD, current US$)",DT.DOD.DECT.CD,119092816.3,153348201.6,180464881.2,214800116.9,270701661.2,342812687.7,432465516.3,796335241.4,1111301690.7,1417948646.1,1866844711.7,2186348488.8,2648430694.4,3021355709.1,3281112514.1,3943825661.2,4831646193.6,6261594432,5918242632.1,7316087055.4,8332902493.5,9700258842.1,7966941070.5,7630572048.1,7552887476.4,7660567356.1,7379761663.3,7313830926.3,7560990588.3,8106195546.9,11062638714.5,11885718015.6,13015834374.6,12492626260.3,12895197668.9,12766664121.9,13856775214.9,14862495842.8,13818923250.1,14269772267.4,16894215040.7,17477930466.6,18297915662.4,23003169930.4,24125234088.8,25598481274.6,27110465347.6,30051818034.6,31925591353.8,33493554481.7,38038131759.6,41757187873.1,41170195546.7,44559287366,46966040104.7,..
Jordan,JOR,World,WLD,Average interest on new external debt commitments (%),DT.INR.DPPG,3.721,0.3764,2.7181,2.5149,3.2916,5.0279,4.2065,6.6113,7.4052,6.9289,7.2533,6.8806,7.1646,8.5818,8.8775,8.3716,8.5453,7.2317,7.9052,5.9098,4.5481,2.1176,4.0415,6.1262,4.8805,4.6768,5.0178,4.5406,3.9228,4.9743,4.7934,2.1561,2.326,2.2879,4.193,2.9386,3.4323,4.9165,3.4004,2.1229,3.2642,1.8899,2.2162,3.175,2.0711,3.0102,3.4469,4.7118,3.0531,3.4137,3.0926,1.6867,4.338,6.3112,5.3724,..
Kazakhstan,KAZ,World,WLD,"External debt stocks, total (DOD, current US$)",DT.DOD.DECT.CD,..,..,..,..,..,..,..,..,..,..,..,..,..,..,..,..,..,..,..,..,..,..,34977844.5,1727754137.6,2789562086.4,3750246013.7,2922220065,4077953308.9,6074807301.8,6600356817.2,12890152382.6,15339983924.1,18437239277.2,23226790596.7,33233124794,43861793757.3,74438311787.2,96240591774.7,106738597246.1,109741327702.3,119150770510.9,124330240756,135821411914.4,151870706097.5,160226745867.8,156146738966.4,166979215648.4,163065769204.6,161167886073.7,170696302166.4,172889421872.9,173390460628.2,169570449960.3,171483605932.5,167535209792.2,..
Kazakhstan,KAZ,World,WLD,Average interest on new external debt commitments (%),DT.INR.DPPG,..,..,..,..,..,..,..,..,..,..,..,..,..,..,..,..,..,..,..,..,..,..,8.6176,6.295,5.6553,5.5492,7.1343,6.5286,5.2719,9.0569,8.345,3.7911,4.8686,1.8056,1.7699,5.0473,6.19,0,2.9843,1.4087,1.0347,0.8203,3.8991,4.7833,3.9235,4.7119,2.592,2.0126,2.0797,1.7436,1.6193,3.7406,0.4799,0,2.5339,..
Kenya,KEN,World,WLD,"External debt stocks, total (DOD, current US$)",DT.DOD.DECT.CD,477537524.6,497894895.5,581161178.6,844716764.7,1152688059,1290219777.3,1493325017.4,1658887244,2173728428.2,2720995167.7,3386803513.5,3228165912.1,3367814483.6,3628284465.8,3511509910.2,4181365915.7,4603589573.6,5783681917.2,5809644178.8,5889233567.6,7055158928.9,7453499318.4,6898195691.8,7111518961.1,7124419830.7,7309198401,6813721635.2,6465020215.1,6823161838.5,6524904617.7,6147150097.6,5495276586,6095869527.9,6715084650.7,6916593410.5,6501013208.9,6719657604,7576695048.2,7691776548.9,8585721249,8885235532.9,10042095566.4,11832175543.2,13775500738.7,16911742536.7,19783760501.7,21057671043.3,26951349499.4,31433802015.7,34970099589.9,38038451074.1,41219100011.5,41556299639.8,42910026054.2,42886127218.3,..
Kenya,KEN,World,WLD,Average interest on new external debt commitments (%),DT.INR.DPPG,2.4596,5.2804,4.114,4.4496,2.7076,6.9008,6.8135,5.7924,5.2126,7.581,3.4956,8.8766,5.4946,5.7094,6.2957,6.749,4.8912,4.6528,4.0619,3.3673,4.2789,4.4008,0.8932,2.2574,0.6882,2.9362,1.2125,1.8218,3.2683,3.3523,1.3492,3.3162,3.37,1.8612,0.7926,1.4661,1.7354,0.7143,1.2676,1.33,0.9864,1.4519,1.7268,1.3814,4.5001,2.8664,2.6783,3.8403,5.8477,4.1393,1.3981,3.395,2.0218,4.2116,5.2766,..
Kosovo,XKX,World,WLD,"External debt stocks, total (DOD, current US$)",DT.DOD.DECT.CD,..,..,..,..,..,..,..,..,..,..,..,..,..,..,..,..,..,..,..,..,..,..,..,..,..,..,..,..,..,75993698.1,72140059,69583145.7,75274464.8,82275800.7,85987699.1,79136411.6,83296240.5,534737934.6,709873305.5,1725715832.4,1701042979.9,1945016128.6,2006077874.4,2220856034,2104353099.9,2102921437.4,2124679279.7,2504211067.7,2325432781.1,2417453907.3,3088370306,3345673086.2,3660395633.4,4240846707.8,4395488576.1,..
Kosovo,XKX,World,WLD,Average interest on new external debt commitments (%),DT.INR.DPPG,0,0,0,0,0,0,0,0,0,0,0,0,0,0,0,0,0,0,0,0,0,0,0,0,0,0,0,0,0,0,0,0,0,0,0,0,0,0,0,0,2.9538,2.1297,3.2,2.4265,1.1,1.5981,1.0857,1.4256,0.4393,0.9908,0.6401,1.4278,2.3874,1.0965,0.8786,..
Kyrgyz Republic,KGZ,World,WLD,"External debt stocks, total (DOD, current US$)",DT.DOD.DECT.CD,..,..,..,..,..,..,..,..,..,..,..,..,..,..,..,..,..,..,..,..,..,..,5527412,292085078.1,446758489.5,609470825.3,1136989888.4,1340946373.3,1505065681,1852206783.5,1937816109.8,1823857616.9,1957506328.4,2148372909.4,2560865743.3,2256599326.4,2596155992.5,2878747157.8,3628104689.4,4118812292.1,4118497688,5493240304.9,6035834629,6815197401.3,7285152487.5,7720114040.8,7973634965,8129210633.4,8163747921.3,8454325248.7,8675596842.8,9060599704.3,9745837593.4,10168018289.8,11689916629.6,..
Kyrgyz Republic,KGZ,World,WLD,Average interest on new external debt commitments (%),DT.INR.DPPG,..,..,..,..,..,..,..,..,..,..,..,..,..,..,..,..,..,..,..,..,..,..,3.5154,4.491,2.1284,3.6586,2.4557,3.7249,2.0984,1.3023,0.9675,1.3005,1.2417,1.2316,1.1601,1.021,1.3688,0.5779,1.6172,1.2924,1.1613,1.7721,1.6757,1.9049,1.0484,1.2136,1.2085,1.044,1.2255,1.0601,1.0241,1.3736,0.8974,1.7188,1.0137,..
Lao PDR,LAO,World,WLD,"External debt stocks, total (DOD, current US$)",DT.DOD.DECT.CD,8345623.6,15632737.7,18801080.7,32604009.3,41034885.7,44232232.2,108234666.2,172945523.8,255345603,310865806.9,352946306.8,392654370.5,431285785.2,453213661.7,520891119.9,621358350.4,870918488.8,1163997984.1,1328065821.9,1474076595.2,1768535429.2,1873131026.3,1917265365.3,1986718378.2,2071421024.2,2158263219.7,2258225068.4,2325961460.1,2459333771.6,2559997882.5,2531032369.6,2535319431.9,3103689448.4,2441524039.7,2786769334.4,3103123019.2,3616433635.5,4794006799.5,5449173925.5,6179264568.4,6347798321.4,6873148518.7,7213688301.6,7979679310.9,9429589096.3,11488789693.8,13528101907.2,15074137638.9,15955637285.6,19038674475.5,20435014770,18711936672.3,18494671983,18056503647.6,17836681019.8,..
Lao PDR,LAO,World,WLD,Average interest on new external debt commitments (%),DT.INR.DPPG,2.9853,2.13,2.7378,3.6448,1.6325,2.1484,0.213,0.0684,0.1633,0.1468,0.1776,0.089,0.1224,0.187,0.1939,0.151,0.083,0.3774,0.2312,0.4201,0.9049,0.601,0.8589,0.9435,0.8965,2.5355,2.0058,2.6157,1.8248,0.9946,1.377,1.0679,1.438,1.3638,1.4364,3.3366,1.9428,1.5459,1.538,2.0493,2.1748,1.9726,4.0418,2.1137,2.2472,2.5821,2.9823,3.0782,2.463,3.5055,4.2743,1.6304,3.6203,2.6691,1.7384,..
Latin America & Caribbean (excluding high income),LAC,World,WLD,"External debt stocks, total (DOD, current US$)",DT.DOD.DECT.CD,28119417206.4,31505366905.5,37878015974.4,45214915642.4,59144820834.6,71394881761.1,87236980837.6,111886106613.5,134313355723.9,158481203349.6,194133536457.5,238444647949.8,272947047023.3,292396104701,306956060510.8,317780952746.8,335291432955.7,369374435239.1,357325904511.4,356749267945.6,374449801025.9,388534464468,398164368357.5,436079739503.8,474906484897.6,539841197296.2,561606567462.1,592379082044.2,674587039242.6,706058344607.5,693059444517.4,709903720009.9,701817566339.5,741763201845.6,749571660204,687518295632.6,689628867053.3,778623254417.3,819087071755.7,852687055116.3,1004719109678.2,1133577812016.2,1278305670543.8,1429948980615.9,1579083410793.4,1599458307024.6,1632941165013.5,1728164230366.7,1837110559259.3,1879667214376.2,1878613082526.4,1922148571387.4,1942081089449.9,2007323728821,2000405162743.6,..
Latin America & Caribbean (excluding high income),LAC,World,WLD,Average interest on new external debt commitments (%),DT.INR.DPPG,6.72846471117902,6.9541775727361,6.90810408047818,8.15207611841461,8.60847631579457,8.17184311070992,7.51453188813659,7.60912497533102,9.42320763841186,10.9269277803373,11.2706537181308,13.6576964107796,12.1182553431302,10.229755982064,10.8485871142775,8.81962592907962,7.78457123703983,7.42993261953975,7.80518131250839,8.00570280516087,7.93666318686229,7.21471387501421,6.99104730603445,6.55023228520935,6.20887948799241,7.23195417041891,7.65339490882975,7.49287913714451,7.58105648107357,8.29883570716383,8.45479252781419,6.68366066376774,6.35784537521418,5.6367005895158,5.38413114255226,5.78849779850944,5.57954780854558,5.88473064510168,5.08336268515338,3.54541687426654,2.72228088717216,3.22201944469178,2.37481660064061,2.30341551556381,3.29590042472797,2.79169230277522,6.22099571765407,4.12583227442427,6.21995283661953,5.17778857777126,3.70637075720323,2.99835205495664,4.1319159747791,6.05508932455701,6.56916917980947,..
Least developed countries: UN classification,LDC,World,WLD,"External debt stocks, total (DOD, current US$)",DT.DOD.DECT.CD,4266000934.9,5757860186.9,6839916040.6,8925096572.9,12404226693.3,15283613581.2,18009258820.2,23731713562.5,29556687537.2,33953841712.8,40557214178.5,47038528597.5,53288950030.4,58063214595.1,62783914491.5,76191562275.8,84239212573.2,102157417410.9,106137811248.5,109950582847.3,122813467287.5,129087835156.5,132724062319.2,136171093949.5,146590061336.6,151618036689.8,148783562703.3,143607863807.6,153371511979.4,147305716291.6,142304337450.5,136358911676.8,146288399130.7,156764127849.1,163443003019.6,158249537214.2,133516100843.7,149010173785,161195989837.9,180723219359.1,191765820056.9,209089239103.5,232261383674.9,269817298919.1,298536301138.1,324121443911.8,352747105131.7,397772139836.6,431852269078.8,463004272294.9,513740569172,556367874042.8,566461849587.5,592963142759.4,604044873462,..
Least developed countries: UN classification,LDC,World,WLD,Average interest on new external debt commitments (%),DT.INR.DPPG,3.53838463932917,4.5241949697443,2.93156924484254,4.8198359534258,4.15236148101031,3.78454327790847,3.57102282628597,3.87221044428399,4.04199675344505,3.91416152917969,4.49209875498834,3.84472758626729,4.1981443690248,3.33536121187383,3.8700948842576,3.34674427754893,3.10000404745153,2.64686817872319,2.5202033247535,2.37142331064567,2.56855227409404,1.96565593229817,2.24125806848887,1.88592318111478,1.63757526892918,2.31802344087263,2.71140870891698,3.2914353510351,2.12160289211865,2.24627360624068,1.95174467685558,1.77853259944478,1.85346324011448,2.11267115799861,2.03114804728911,4.79778921904378,2.82210357684332,2.70067816705411,2.64443673458141,3.0336512969722,2.09896732799753,2.46088004779521,2.01745816058158,2.5983191373127,2.64835736140038,2.4168516252685,2.82624705529858,2.33377029283197,2.93967252187233,2.74222707759592,1.83824164668888,2.09061718110566,2.38541494239624,2.82659687762467,3.19263314591721,..
Lebanon,LBN,World,WLD,"External debt stocks, total (DOD, current US$)",DT.DOD.DECT.CD,64232860.3,68095825.7,61559341.9,56393232.9,49284347.8,45669452.4,39041939.1,53177398,184818036.2,277528704.6,510292638.8,621064003.1,725432305.3,920213723.7,866303195.4,876001128.7,866474229.6,963318056.5,993309402.4,1031127296.3,1787046993.9,1562589912.9,1814004853,1352746947,2126701899.6,2975570831.6,4019242812.7,5093689592.1,6973464912.7,8493083054.7,10075046219.9,13544184075.4,17509147494.3,19045277128.2,22804031551,22787014776.3,24225274178.3,25926510953,44012127490.2,46139751147.2,47828988866.1,49669741104.3,55735120974.3,62119370082.4,64468852046.2,68232175837.7,69523800483.9,74188954317.3,79671964766.9,73914514299.2,68899942020.6,66924113512.2,67100895977.6,66329049009.2,67389006707.2,..
Lebanon,LBN,World,WLD,Average interest on new external debt commitments (%),DT.INR.DPPG,2.8849,3.2171,2.885,7.224,0,0,0,5.9943,8.0099,7.1386,2.9148,11.092,0,9.7491,0,8.5235,6.1553,0,6.2824,0,0,3.815,3.4116,5.7724,8.0102,7.5317,6.096,5.5663,7.8002,8.5159,8.7308,9.54,7.0194,3.422,6.993,6.9571,7.292,5.9527,8.1404,7.5507,5.9806,5.6553,5.218,5.1275,5.509,5.7433,6.1206,6.7506,7.2074,11.109,0,1.0576,0.991,6.4699,6.5326,..
Lesotho,LSO,World,WLD,"External debt stocks, total (DOD, current US$)",DT.DOD.DECT.CD,8122200,8628403.5,9486440.3,8260480.3,10154661,14085560.5,16201998.2,24589678.1,34003373.3,53128547.8,71941751,84408003,122070133.2,128672831.9,138033418.7,175286619.1,197621649.8,258625573.6,287087570.2,328147754.2,395586122.4,447387652.9,494402014.6,542372022.5,622553685.7,684357708.7,701229527.2,672950604,688207826.7,687190387.9,769689608.6,684403514,712577931.3,705761420.2,773436561.2,666293758.5,657437143.1,685484471.5,700047301.8,766529460.1,788060174.8,813623741.4,904228982.1,925015906.5,912086478.4,952588686.1,1358062674.5,1504173109.2,1463408840.9,1583480653,1737618388.9,1833103211.3,1809413920,1775614027.3,1773147342.7,..
Lesotho,LSO,World,WLD,Average interest on new external debt commitments (%),DT.INR.DPPG,4.9528,0,0,0.8713,0.75,0.8601,0.7499,1.2756,4.7048,2.9965,5.9075,9.0639,3.3729,3.0229,2.3382,3.4355,3.5304,2.636,4.238,2.8704,1.3128,5.7895,13.8168,4.1747,4.8522,6.26,8.1746,5.0809,4.572,2.6986,0.3821,0.75,1.4572,0.75,1.3336,1.717,0.793,3.9902,1.7381,0.957,5.6111,1.5678,1.9736,0.9346,1.3836,0.75,1.8242,1.7073,1.9843,0.9128,1.8367,1.6868,2,1.7499,1.5281,..
Liberia,LBR,World,WLD,"External debt stocks, total (DOD, current US$)",DT.DOD.DECT.CD,162259998.9,162113449,159380853.7,159153116.1,161975660.1,178684388.9,208531898.6,292114656.3,443069267.3,596483370.2,685684429.8,813444164,902588449.9,1006557608.5,1080098563.2,1250201170,1549811064.4,1847224451.6,1817042772.2,1877358632.2,2062086288.1,2187238147,2176746977.1,2237489926.6,2367418669.1,2489150432.9,2423875945.1,2406199569.2,2561185367.6,2588479114.5,2836274327.3,3035970627.4,3293838967,3632799616.2,3862478049.5,3950580336.9,4191788049.1,3777967270.2,3160827104.1,1850279323.4,418851731,448515402.8,487153043.1,531077326.6,681673142.7,837371678.4,949982627.2,1118118332.9,1157314862.2,1266409762.3,1459851173.9,1848155520.1,1921937046.9,2105650856.5,2234742478.9,..
Liberia,LBR,World,WLD,Average interest on new external debt commitments (%),DT.INR.DPPG,6.6366,7.1443,2.5825,4.4071,4.5688,6.6093,5.5178,6.0597,7.5246,5.7724,7.254,5.9108,3.5765,5.6736,4.6639,4.9321,0.7918,2.5777,0,0,3.9999,0,0,0,0,0,0,0,0,0,0,0,0,0,0,0,0,0,0,0,0.5556,0.75,0.9055,1.1767,0.7694,0.7928,1.2144,0.7895,0.1405,1.2227,0.7874,1.0078,0.5099,0.5069,1.8359,..
Low & middle income,LMY,World,WLD,"External debt stocks, total (DOD, current US$)",DT.DOD.DECT.CD,64274158756.8,74877546416.8,86975738455.5,104575822386.1,130305686423.8,158487355412.3,191506402583.8,255025553025.5,311416817988.8,364550863888.1,447439802486,520127924019.6,592418372930.4,640916756586.7,669356280733.3,740692325592.3,818728142136.3,943649087515.4,954735108698.5,1010324130710.3,1096997603725.4,1155473919074.3,1205585929929.8,1312003315258.3,1450191359259.2,1617434293368.9,1671832128993.1,1720130131902.7,1855119618982.7,1891679217901.8,1853033688462.8,1880103957684,1934429294975.8,2085031807165.9,2249328413655.1,2201040828448.4,2341017537393.7,2721906069253.2,2904239273452.3,3162748123336.1,3856583730058.6,4477546539176.2,4988702699830.2,5708866572522.6,6273002401221.5,5874697106806.9,6094454318528.7,6855401454949.2,7344966955942.2,7726218374455,8147285952082.8,8794230802146.5,8680503354909.6,8836272764853.9,8937029506127.4,..
Low & middle income,LMY,World,WLD,Average interest on new external debt commitments (%),DT.INR.DPPG,4.58924716290223,5.15639336915866,5.29000037777361,6.22077837077627,6.43832305488091,6.60575374207556,6.71142309427656,6.5948088068249,7.66074022076081,9.00565919235288,8.68962265753918,10.1338681246916,9.76154987379601,8.50559106255372,8.51722036765025,7.27025265852175,6.34468123903172,6.06832945783079,6.29614201710137,6.34550293731173,6.55600490196393,6.09417149677026,5.78779195261607,5.44350960566753,5.28771346174405,6.08431636060957,6.32701443493641,6.23290094336534,6.20553857325195,6.56960027051294,6.98339671470264,5.56107370132356,5.02411551860772,4.68970019246793,4.3696845774643,4.83677080585988,4.97229850034619,4.93285655994826,3.96793319119124,3.21667606479786,2.81069758264853,3.17606616870118,3.05848582004647,2.62406913189986,3.21809262799751,3.1080840485068,3.87000248152839,3.6587998967659,4.46194099369082,4.25433591164752,3.24658568762678,3.47914998011184,3.36248229280013,4.77884975923388,5.08341427418987,..
Low income,LIC,World,WLD,"External debt stocks, total (DOD, current US$)",DT.DOD.DECT.CD,2742780162.4,3098480157.7,3666868898.3,4624686562.9,6523306562.1,8144887220,9826642853,13713712093.2,16912079849.1,20069356462.6,24859698027.1,30085582926.7,35201371305.7,40229082414,43261121222.4,51856750019.9,60205917067.2,72513054404.2,74831354527.4,79028245803.3,85510684686.2,90527440829.6,92748606142.5,94998126918.5,101802366277.1,106127998915.6,105189117786.4,101140031363.8,108851435394.8,101325009264.1,98925796156.5,94291759722.5,97418252337.6,103913695078.1,105543613436.6,88845136138.1,73967898779.3,81108307295.2,83240476778.9,90817100235.6,89438998921.7,92928593135.4,105728035550.5,127290394596.5,138974784740.8,149144513012.2,156005122665.9,171402561069,182793025409.7,192829211150.3,212451896543,227164994097.6,227335219422.6,235474192287.3,242402275164,..
Low income,LIC,World,WLD,Average interest on new external debt commitments (%),DT.INR.DPPG,3.89260206223805,3.31101890833953,2.79519363901438,5.12680454779743,5.19938672209545,3.73281068367895,3.81982133262963,4.02681191543111,4.35860742291629,3.87100566410499,4.28681665909474,3.34957776776699,3.91080629849432,2.78788768561092,3.91152590811985,2.56251227612627,2.68106469494555,2.5650917658205,2.55911088259442,2.19043107228283,2.6149140937709,2.07203045918504,1.75153932362411,1.66900270444344,1.07248479019827,1.35855734903254,1.24963925579545,1.39724153273324,1.11268367181276,1.07201880446633,0.929658331057654,1.44656782493693,1.4634075840748,1.54073849674598,1.42527047961919,1.79117673501471,2.94061054002244,1.57368765836246,2.52911511896324,1.91533520673347,1.43201043613927,1.42890614617812,1.36092616963041,2.72463340485636,2.32605520311666,1.48341986914415,1.11684973269599,1.44259764733367,1.41733093018214,1.2754218428266,1.63083054901227,1.48719648281875,1.23374413015699,1.24798859353095,1.6168379887479,..
Lower middle income,LMC,World,WLD,"External debt stocks, total (DOD, current US$)",DT.DOD.DECT.CD,23960166149.6,27849484491.2,30417320216.6,35265600877.6,41603725118.2,50649711750.1,59049574393.2,79692179282.4,96416984391.1,111592347598.3,137661746471.7,155851678890.4,179692630326.2,199257659351.6,207842529831.7,239174646717.9,267960825837.4,313151170970.1,323369953636.8,365249692320.6,392839670182.5,403609448552.3,407657180044.6,419980351755.3,449129375302.3,458660092730.6,455744730694.9,448886990603.3,471869079959.9,483301285885.3,470233612669.5,465582193510.6,496640411633.5,536259288427.6,557733599656,527407118164.7,541735448626.6,621808640829.3,689341528610.1,767517101216.9,866543095073.5,965193797515.3,1085382962150.5,1198869208309,1280178769848.5,1359372805882.5,1407130685021.1,1599951991084.5,1689639591892.9,1830249388034.5,1964382367445.7,2125909500494.1,2175568780504.7,2262884453479.1,2337400554367.3,..
Lower middle income,LMC,World,WLD,Average interest on new external debt commitments (%),DT.INR.DPPG,3.23206955249304,3.96179912685988,3.76882681679308,3.78239600582208,3.94717830835322,4.84100523513471,5.49385892130507,5.40697782036029,5.750993620077,7.09242591196476,6.5442295722234,8.11751714012548,7.8231659916422,7.38754848996136,6.80270460493897,6.35328122526395,5.90631413310818,5.30973142302418,5.46317503585164,5.55515608743336,5.14878843820543,4.97613506817592,4.64196630600761,4.8100065679629,4.06484389879403,4.26242918196434,4.34152379727398,4.7394557132855,3.91845230459759,4.33133208079783,4.89567954261246,4.10106068255211,4.17495889670835,3.19347583459647,3.63343567276177,4.37901239210587,4.22363375126366,4.05184954220297,2.85776277703911,2.83228157307815,2.57732741483441,2.42991360306723,2.45206678024261,2.17822812864151,2.6878640915864,2.74155292673643,2.65958948725606,3.25277266820987,3.49352994853148,3.70866067154299,2.19137712712497,2.54927556472698,2.6968586932606,4.37552812805819,4.72092981810766,..
Madagascar,MDG,World,WLD,"External debt stocks, total (DOD, current US$)",DT.DOD.DECT.CD,485146240.2,488437476.9,510135605.2,504986847.3,750848944.2,791025348.4,189942758,781578848.3,355903317.7,773090282,1248330829.8,1613368349.2,1932701142.1,2040565064.6,2146908255.4,2529331046.5,3007383734.1,3683564458.8,3683557860.6,3431373376.8,3701101935.3,3908195316.3,3911346484.2,3804731531.5,4096453461.6,4322004158.1,4145801222.5,4108929981.9,4393975739.9,4781749985.1,4726029557,4184263804.7,4543888332.4,4979583730.9,3824731184.5,3525441335.7,1526991065.5,2332269180.4,2533049972.1,2846880423.7,2755972130.7,2867388363.7,2993469808.1,2940581583.4,2963528296.3,3007857304.8,2976805934.8,3382906474.6,3720119522.3,4044792622.6,4841435396.1,5344813135.2,5935380471,6429471661.1,6653640488.3,..
Madagascar,MDG,World,WLD,Average interest on new external debt commitments (%),DT.INR.DPPG,2.2605,4.0968,1.9283,3.5831,2.3945,0.7254,2.0229,3.9969,5.6193,5.5769,5.6701,5.2851,5.9278,6.0371,5.2024,3.5655,2.4628,2.8367,2.5002,2.2157,1.1115,1.7109,1.621,1.1828,0.8934,1.0893,0.5971,2.6634,0.9467,0.7641,0.7499,0.75,0.7499,0.75,0.7713,0.7769,1.0515,1.1396,1.2365,0.9919,0,0.75,0.6158,0.8783,0.7203,0.4854,0.8732,0.8399,1.3991,0.9285,1.1261,1.3215,0.5432,0.3467,0.4981,..
Malawi,MWI,World,WLD,"External debt stocks, total (DOD, current US$)",DT.DOD.DECT.CD,135209089.9,152207137.9,175657679.9,215019020.3,242448768.9,270146842.5,309343465.2,460539297.9,594691119.5,668979096.1,830099378.4,821549155.7,864818902.9,892447751.9,879965289,1020836517.7,1157319300.3,1366795219.6,1359054452.1,1410101287.7,1558240456.5,1664940523.2,1708915403.5,1826231847.6,2021054114.3,2238776661.5,2311685185.8,2225560611.3,2438886276,2757065362.4,2716150630.5,2591698365.2,2900916474.8,3111209644.5,3443607862.6,3195998422.2,870594215.5,868946321,994770539.4,1144449860.3,1020774253.2,1213551485.4,1331643879.7,1562928822.3,1660844756.6,1722514630.8,1848081075.2,2162398106.2,2265713574.3,2427416965.7,2961709327.2,3197123056.9,3340066801.7,3604152682.7,3743648285.8,..
Malawi,MWI,World,WLD,Average interest on new external debt commitments (%),DT.INR.DPPG,3.8403,2.5241,1.5691,2.8344,2.2513,2.7368,4.8301,5.7505,4.4316,9.2816,5.9904,6.2922,4.8921,3.0325,3.7132,1.9087,3.2166,1.8039,1.9503,1.3303,1.2571,2.8458,0.75,1.2298,1.7986,0.9638,1.1647,1.0336,0.75,0.75,0.75,0.75,0.8466,0.75,0.972,1.3869,0.8254,1.6905,1.1745,1.3363,0.7748,1.2688,1.0524,1.4957,0.7692,0.529,1.1606,0.6059,0.8625,0.6931,0.9722,0.75,0.7754,0.5254,1.25,..
Maldives,MDV,World,WLD,"External debt stocks, total (DOD, current US$)",DT.DOD.DECT.CD,..,..,..,..,..,..,..,..,8884310.1,12814260.6,25763273.8,38885616.1,65069558.1,77220826.7,82809472.5,83065918.7,68684985.3,72836720,71359561.4,66800308.7,77964852.9,81242507.1,94898973.9,112349106.8,123524561.1,154866795.9,168205228.4,171332186.7,193599922.6,219239550.1,203023211.5,233027776.1,269846875.2,292920063.3,339659074.9,362256384.2,553529541.8,771849569.6,1146830061.3,1382775073.4,913686330.3,880681947.2,939044142.8,1024556824.2,1101101172.9,1004002006.3,1137521463.6,1465514069.7,2321198855.1,2674811758.5,3661325289.9,4099470066.5,3992801782.9,3999770239.2,4692462747.8,..
Maldives,MDV,World,WLD,Average interest on new external debt commitments (%),DT.INR.DPPG,..,..,..,..,..,..,..,..,2.1512,0.7,2.9344,3.0692,6.947,7.2162,8.5623,6.1338,5.1389,1.3421,7.192,3.4608,0.7508,9.871,1.4581,3.405,4.7528,3.1513,6.4844,5.5698,3.6596,2.8129,3.0913,5.0796,3.8474,6.4094,1.804,3.7176,4.2362,5.8329,0.9263,2.1514,1.6218,0.6066,4.0282,2.0636,2.6595,2.249,3.2525,5.2174,5.122,2.9091,0.9876,6.4033,3.784,2.3913,3.6101,..
Mali,MLI,World,WLD,"External debt stocks, total (DOD, current US$)",DT.DOD.DECT.CD,247329389.8,270904912.4,268459500.5,301150655.9,349032615,356087237.6,373790643.6,471760934.6,564047359.7,567284582.4,727065952.2,830271147,875182595.8,988418284.1,1237315019,1456134356,1743115158.8,2049076480.5,2019888080.4,2127515896.4,2467995904.9,2599264266.9,2900472548.6,2903213185.3,2694518432.5,2958170808,3006602911.2,3152281165.1,3204812997.8,3217973119.8,2981177567.1,2878077838.7,2774307283.7,3058861293,3272986411.2,3179661836.5,1588624984.4,1834626837.2,2039671525.9,2194580111,2438634702.7,2907439380.7,3070313143,3483872890.3,3521672816.9,3747044962.9,3847760144.7,4319894781.4,4595485040.1,4997729073.9,5813484499.7,6380090487.6,6233839496.8,6470797281.1,6439962214.4,..
Mali,MLI,World,WLD,Average interest on new external debt commitments (%),DT.INR.DPPG,1.1183,0.3282,1.0157,1.7399,0.8459,1.1375,2.0881,1.8214,2.7138,2.7895,2.2442,2.435,2.1735,4.0787,1.2188,1.3431,1.6329,2.4931,1.191,1.0402,1.0199,0.8954,2.2743,1.3731,0.848,1.4652,1.2475,1.1837,1.5875,2.1154,0.6107,0.8675,0.9264,1.2461,1.0919,1.1169,0.7099,1.3747,1.1076,1.0917,0.981,1.0025,1.4193,1.2362,1.3803,1.2916,1.3955,1.1758,1.3527,0.7752,1.2886,1.5613,2.0733,1.5584,0.6874,..
Mauritania,MRT,World,WLD,"External debt stocks, total (DOD, current US$)",DT.DOD.DECT.CD,26315139.8,38917392,55901714.8,105104201.8,167769703.3,188223059.3,406677120.6,522227584,682289435.3,714672347.7,836345498,960830668.9,1133096261,1273374706.9,1317129629.7,1450506269.9,1742102911.7,2023942394.7,2046882263.2,1967825049.7,2109426965.7,2201330412.6,2100811551.6,2169793892.4,2255603797.7,2390562998.4,2451411242.9,2489391257.3,2389022769.9,2499843794.9,2344637631.9,2251014239.7,2237558424.9,2318671111.4,2299558089.2,2281454208.9,1560130846.4,2568568273.1,2850445607.1,3141949629.8,3556481608.2,3742969896.7,4277397892.3,4522468781.5,4531578245.3,4993494071.2,5080228847.5,5241041040.5,5223782895.1,5381274690.4,5685048948.8,4785800456.2,4559340624.4,4588008473.3,4459916731.6,..
Mauritania,MRT,World,WLD,Average interest on new external debt commitments (%),DT.INR.DPPG,6.0275,0.1839,5.9389,6.131,1.6216,2.659,4.359,5.8783,4.4053,4.3218,3.5648,2.1256,3.4014,5.034,2.7493,2.1081,3.2604,1.5048,1.5549,2.9383,3.0853,2.5382,1.541,2.0132,1.9637,1.0527,3.4496,2.3105,1.9421,1.0691,1.8807,1.6932,1.7849,1.5448,2.5284,3.2833,1.5636,2.5825,2.7646,4.1217,2.2152,2.6107,1.7489,1.9665,1.9415,2.757,2.4391,2.1687,4.433,2.0926,1.8286,2.1851,1.9302,2.0248,1.401,..
Mauritius,MUS,World,WLD,"External debt stocks, total (DOD, current US$)",DT.DOD.DECT.CD,31738400,33286777.3,35859403.6,42347246.4,47815505.7,52182066.6,64926963.7,101513308,190057591.2,306197241.7,420231063.4,504760102.5,550032545.9,512034883.1,510117703.4,577756799.8,634224117.9,785227656.1,824028164.4,812915119.5,932288569.9,991773851.8,943715144.4,901101941.5,1098541961.4,1415082634,1398985369.8,1339677413.5,1281160960.3,1292869242,966762441.1,867310143,2042535103.7,3225477013.1,3329382750.5,3631519806.7,3504181954.6,5673170871.8,6514858744.6,7318907627.9,7928681896.2,9841085923.9,10694876889.2,12391683917,12759055557.6,10302274190,10444397736.4,10629579614,11234112089.6,12361096211.7,12402260814.6,14700286003.2,17652775747.4,19079313500.9,20364236675.8,..
Mauritius,MUS,World,WLD,Average interest on new external debt commitments (%),DT.INR.DPPG,0,0.75,0.7739,0.2961,6.1759,6.3658,5.9481,7.7159,6.3104,10.5863,10.6239,7.4128,8.6432,9.7414,10.52,4.7242,6.7893,6.9266,7.7121,4.9689,6.0146,5.6461,4.9786,4.9572,5.3521,5.9227,4.152,6.6957,3.2017,4.5209,6.4042,3.882,2.7969,2.5417,2.5764,2.5442,5.9095,3.9335,3.8932,1.2297,1.3093,0.821,1.5877,2.3818,0.905,1.3035,2.1266,1.9879,1.2597,0.8622,1.2567,0.5129,1.5372,4.3632,5.4737,..
Mexico,MEX,World,WLD,"External debt stocks, total (DOD, current US$)",DT.DOD.DECT.CD,7097271963.6,7627450073.8,8351504526.6,10667132065.7,14080544375.1,18381411868.8,24139106860.2,31382393509.7,35905344399.6,42974454788.9,57574370375.6,78412639827.2,86274650447.2,93158274474.3,95016521283.5,97063210490.8,101083076236.3,109652607038.7,99399530018.3,94016224827.1,104604453446.9,114219780588.7,112454855209.2,131852484881,139914928842.7,166734035992.5,157582830604.4,148844858127.8,171132230334.4,185863562592.2,178113615414.8,202572533842.5,193461604962.7,199260698324.5,210040194664.4,218225512951.4,221829065156.6,250650606340.3,248240107870.4,250545865969.3,312338399290.8,351694706992.3,432987558051.4,504135518878.2,544166999708.7,538015200055.6,544792453300,578638429804.9,602000702060.1,617449991504.4,616686384395,601471659897.8,585861539733.2,595981151218,591255026725,..
Mexico,MEX,World,WLD,Average interest on new external debt commitments (%),DT.INR.DPPG,7.8864,7.4647,6.8727,9.1149,9.0039,8.9159,8.0361,8.1486,9.8639,11.7462,11.2467,14.9659,14.2571,10.4618,11.3873,9.4721,8.5086,7.5884,7.9863,8.223,8.6104,7.7365,7.3218,6.3535,5.71,8.0153,7.7834,7.2539,7.4665,7.7364,7.6364,6.9007,5.9848,5.1456,4.9599,4.6896,4.5561,4.779,6.0448,2.9104,2.0888,1.7815,1.6978,1.7551,2.3817,3.2553,4.3238,2.9963,3.8648,4.3612,4.1163,3.7843,3.2845,3.4728,6.0487,..
"Middle East, North Africa, Afghanistan & Pakistan (excluding high income)",MNA,World,WLD,"External debt stocks, total (DOD, current US$)",DT.DOD.DECT.CD,8272432006.9,9576507025.6,10352191682.5,12843417110.4,14612858647.4,20733964078.7,26217732745.9,41295323720.3,51206889919.2,59326240492.1,74110554242.3,79030077349.4,93290976054.7,98389797765.3,99401207828.6,114048959011.4,129767296847.5,147164297108.7,152068308186.1,158606407055.5,157460782496.6,163719607628.7,166685864395.6,171246424833.6,181716630082.4,192181494135.2,187574619183.1,175710299246.3,186252762109.2,183489751309.8,177887617025.2,175890343934.2,186486561553.6,199310524626.5,252035394028.8,219393920729.3,214206675630.5,232348354417.4,237069840243.9,259797354181,276398325905.1,278531198368.4,287054302445.5,306007296676.8,310759793703.2,331005797504.8,368918084283,424403783327.9,453008315359.1,482613531550.7,520176399584.6,556621876560.8,563085458094.5,578681258849.3,561180001611.5,..
"Middle East, North Africa, Afghanistan & Pakistan (excluding high income)",MNA,World,WLD,Average interest on new external debt commitments (%),DT.INR.DPPG,3.64807711688123,4.43415982376078,4.45970631906833,6.64252943930041,4.98193936917149,5.95684272867976,6.11239239402726,6.0601103573349,7.00776562847252,7.7126457778189,6.22446337277547,7.25314367265503,7.6236773465066,7.72691375756124,8.32688831912619,6.55238606465847,6.28667068578102,5.79759068172415,6.40425265285011,6.76754849033434,7.07602892340532,6.20607652026796,5.53085399553923,5.02607570614745,5.19221652817194,5.80140083654032,5.17196981797488,5.25101580134178,5.13442135881542,4.90104945056963,5.96611215854504,5.07102617283522,4.63825145597119,3.06303619351667,4.10668642392489,3.86306669872545,4.82668296284805,4.27846072540622,3.25481275805478,2.91562011949619,2.73243336612444,2.60292794517583,2.74363988454392,1.7375938650995,2.91557481906054,2.79338133914115,2.7463989814365,4.29616951855717,4.23464141959656,4.10359391887402,2.80579068210716,3.26008950320532,3.06080009911549,5.01666299726449,5.66509550082899,..
Middle income,MIC,World,WLD,"External debt stocks, total (DOD, current US$)",DT.DOD.DECT.CD,61531378594.4,71779066259.1,83308869557.2,99951135823.1999,123782379861.7,150342468192.3,181679759730.8,241311840932.3,294504738139.7,344481507425.5,422580104458.9,490042341092.9,557217001624.7,600687674172.7,626095159510.9,688835575572.4,758522225069.1,871136033111.2,879903754171.1,931295884907,1011486919039.2,1064946478244.7,1112837323787.3,1217005188339.8,1348388992982.1,1511306294453.3,1566643011206.7,1618990100538.9,1746268183587.9,1790354208637.7,1754107892306.3,1785812197961.5,1837011042638.2,1981118112087.8,2143784800218.5,2112195692310.3,2267049638614.4,2640797761958,2820998796673.4,3071931023100.5,3767144731136.9,4384617946040.8,4882974664279.7,5581576177926.1,6134027616480.7,5725552593794.7,5938449195862.8,6683998893880.2,7162173930532.5,7533389163304.7,7934834055539.8,8567065808048.9,8453168135487,8600798572566.6,8694627230963.4,..
Middle income,MIC,World,WLD,Average interest on new external debt commitments (%),DT.INR.DPPG,4.62974373668776,5.26796091649546,5.55460928547212,6.33029284919906,6.56711330691298,6.85852811148024,6.93942386394597,6.7687097082836,7.87342275628208,9.32924505994173,9.0444825881334,10.8635292486334,10.1499188074994,8.96582930916392,8.88340505296317,7.66169545228573,6.67571390681067,6.38826002926953,6.55517927171135,6.65125258433966,6.72060760836169,6.27350544064931,5.90375738255196,5.53723453408784,5.37067329197778,6.13624424480476,6.38210918459163,6.29745522562807,6.29393397273389,6.64934809516327,7.11505605473463,5.69352064518963,5.20881804926264,4.7902610421409,4.46861430951671,4.92901335409374,5.05996446539133,5.04779649446328,4.08076610179232,3.25927827752635,2.85637177802023,3.23217128669869,3.11348259583664,2.61863605437369,3.25673892948376,3.15531384370779,3.93016880680851,3.71897273709324,4.53382129722596,4.33551957944035,3.28259713069383,3.52011185557882,3.40230888437492,4.92052250382137,5.15760313435008,..
Moldova,MDA,World,WLD,"External debt stocks, total (DOD, current US$)",DT.DOD.DECT.CD,..,..,..,..,..,..,..,..,..,..,..,..,..,..,..,..,..,..,..,..,..,..,38504010,277649585.7,502493296.4,695156112.5,847654629.7,1082410828.2,1070923032,1186611253.6,1841764696.6,1790545238.9,1964800771.1,2116536512.5,2114078919.5,2219300777.2,2622104183.3,3365279030.6,3724452934.9,3715120838.6,4724734887.4,5216932920.4,5320130874.1,6204086253.4,5851136268.3,6094646557.5,6217992082,6967883842.8,7285819232,7311334078.8,7948372177.9,9067599919.5,9752045571.4,10662682776.4,10491120731.8,..
Moldova,MDA,World,WLD,Average interest on new external debt commitments (%),DT.INR.DPPG,..,..,..,..,..,..,..,..,..,..,..,..,..,..,..,..,..,..,..,..,..,..,3.4678,5.7293,5.5758,6.8852,7.0532,6.1236,5.8153,0.75,1.0682,0.75,0.75,0.75,0.8407,1.453,1.7823,3.2697,5.0287,1.6843,2.3665,1.0496,2.3737,1.2573,0.5875,0.3648,1.0048,0.2616,1.0061,0.5455,1.288,0.1834,1.2073,2.4866,3.2284,..
Mongolia,MNG,World,WLD,"External debt stocks, total (DOD, current US$)",DT.DOD.DECT.CD,..,..,..,..,..,..,..,..,..,..,..,..,..,..,..,..,..,..,..,..,..,..,354767148.4,387587630.4,464445079.7,530709459.5,534109092.9,606210429.5,726731457.8,981029420,959974419.2,946235061.7,1102129245.4,1544708956.9,1593614529,1396369453.2,1494391223,1743771481.3,2185574928.2,2987825936.4,5928348234.1,9629415055.9,15884345587.4,20163758882.7,22661510937.3,24116768493.9,26419310479.1,29736206992.6,31615438487.9,33307361024.1,32634584659.2,34962629978.3,33701162514.4,35039286449.3,38016581521.2,..
Mongolia,MNG,World,WLD,Average interest on new external debt commitments (%),DT.INR.DPPG,..,..,..,..,..,..,..,..,..,..,..,..,..,..,..,..,..,..,..,..,..,..,5.0398,1.0563,0.7928,2.2121,1.1433,2.647,1.9383,0.75,1.1623,1.0175,1.1941,1.2232,0.75,1.079,1.0446,3.8525,0.9374,0.4139,1.3559,1.448,3.6995,0.1502,0.5328,0.8718,3.1791,4.8244,4.1399,1.8928,2.1849,3.0378,2.53,7.1651,5.2028,..
Montenegro,MNE,World,WLD,"External debt stocks, total (DOD, current US$)",DT.DOD.DECT.CD,..,..,..,..,..,..,..,..,..,..,..,..,..,..,..,..,..,..,..,..,..,..,..,..,..,..,..,..,..,..,..,..,..,..,..,..,879825840.4,1299340650.2,1502099048.5,2356696742.8,4502976940.9,5524651521.6,6175932504.6,7387914607.9,6759453969.5,6674238727,6277162867.3,7292384356.9,8107921805.3,8438759319.4,10523512118.4,9637917250.1,8806406767.8,8664556534.3,8741348456.1,..
Montenegro,MNE,World,WLD,Average interest on new external debt commitments (%),DT.INR.DPPG,..,..,..,..,..,..,..,..,..,..,..,..,..,..,..,..,..,..,..,..,..,..,..,..,..,..,..,..,..,..,..,..,..,..,..,..,1.3776,2.2978,2.6277,5.3442,5.7241,5.1579,5.475,3.806,1.8674,3.7082,5.3818,2.8844,3.0378,2.1428,0.8671,0.2979,0.9999,7.6129,5.8953,..
Morocco,MAR,World,WLD,"External debt stocks, total (DOD, current US$)",DT.DOD.DECT.CD,984947643.2,1127918127.3,1186041280.3,1287831261.9,1514192941.5,2659528434.8,3360845158.6,5610354070.3,6923305124.6,8207897716.9,9722119760.7,10579556345.6,12401132803.4,13037499587.9,13908382132.8,16056141868.2,17926477095.7,21029558180.4,21117139131,22230849930.6,25026523628.4,22503101421.1,22688198688.3,22114998128.9,22988012254.8,23785013677.9,24233330915.5,23501640856.4,23664365052.6,23075639461.2,20810014284.5,18924527892.6,18140486660.4,18384943689.5,17133015904.7,16350932485.1,18051337126,20795268515.3,21063731444.1,24783965561.5,27347978062.1,30016607498.1,33925181786.7,39430846407.3,43338961889.4,44625383212.7,47831451631,51358094284,50686138658.3,55279299519.3,66009840918.5,65687357710.1,64971802459.6,69632222212.5,67993946129.4,..
Morocco,MAR,World,WLD,Average interest on new external debt commitments (%),DT.INR.DPPG,4.3453,4.4198,5.3714,5.4157,5.0718,8.193,7.8663,6.793,7.0782,8.5079,8.076,8.5056,9.8442,7.6537,8.1053,8.2694,7.1649,7.1775,7.3795,7.179,6.8121,6.6502,7.3774,6.672,4.7489,4.6443,5.97,4.9418,3.8416,3.6336,3.5364,3.6436,3.5487,4.0707,3.434,3.0987,3.7583,4.1676,3.7386,2.7492,2.7925,1.5395,2.6808,1.5222,2.8949,2.6129,1.1757,1.5354,1.1841,1.4492,1.7037,2.4127,1.4711,4.985,4.7736,..
Mozambique,MOZ,World,WLD,"External debt stocks, total (DOD, current US$)",DT.DOD.DECT.CD,..,..,..,..,..,..,..,..,..,..,..,..,..,..,1325188500.9,2829525566.6,3450885381.2,4085146123.7,4121792888.9,4321680997.5,4600672902.8,4669674821.6,5081983468.6,5163211988.5,7223305768.2,7410074810.1,7517522867,7583169015.2,8313495221.7,7322033827.9,6616319416.3,4467431060.8,5093523446,5404860952.4,5988473521.7,6118093144.7,4920139667.8,5681113142.3,6367161910.5,7910668053.1,11230847942.9,13467163287.6,19789749571,28977879799.6,34576421531.1,38438314512.3,43401165454.9,46766241383.2,50832826069.6,55538161414.1,60289393540,64425786318.2,66289653065.3,67935857527.8,69765373429.6,..
Mozambique,MOZ,World,WLD,Average interest on new external debt commitments (%),DT.INR.DPPG,..,..,..,..,..,..,..,..,..,..,..,..,..,..,4.9599,2.6239,3.3911,3.8993,2.486,1.4109,2.2002,1.7539,0.8377,0.9479,0.7997,0.8544,2.1081,1.4833,0.7185,0.914,0.7818,0.6807,0.8598,0.7892,0.8123,0.6982,1.1455,1.4329,1.9531,2.1813,0.7928,0.9006,2.4454,3.4259,2.6603,0.6182,0.7579,0.9696,1.3625,1.5473,1.501,0.4107,0.7245,0.9562,0.0397,..
Myanmar,MMR,World,WLD,"External debt stocks, total (DOD, current US$)",DT.DOD.DECT.CD,163680999.5,193902031.9,220887574.2,304231991.2,356084560.2,373114865.3,387876233.7,606123846.6,1016693814.7,1400620595.5,1681016888.4,1967776609.3,2249852431.1,2451887471.5,2496472629.3,3079595197.6,3792090507.3,4792084860.7,4882277843.1,4744784910.7,5328162847.9,5484154972,5537457751.6,5836105779.6,6418593347.3,6261896664.1,5824336419.9,5894669147.3,6113503813.6,6448277408.6,6482210337.9,6092479225.6,6706702919.5,7436375927.8,7706257381.2,7177918756.9,7518933305,8067206719.8,8957289205.7,9495368311.1,9990180484.8,10825723144.8,11033527299.9,9916586454.4,10049278770.5,10219854991,10112462045,10783959875.7,10731523127,11182088460,13405286214.3,13756717822.1,12535377301.1,12160041318.5,11174807782.3,..
Myanmar,MMR,World,WLD,Average interest on new external debt commitments (%),DT.INR.DPPG,4.2289,2.9438,3.9883,2.7355,2.2021,2.2086,3.5013,3.4062,2.586,2.7083,3.1204,3.7986,3.1694,1.5103,2.435,3.1611,2.5149,1.5969,0,0,2.6568,0,1.6783,2.2744,2.5388,3.55,1.4469,7.0049,2.9129,1.1086,6.7949,2,1,2.6648,1.9152,2.87,2.5393,2.1081,3.8398,4.2986,4.287,4.3913,0.9694,0.6628,0.398,0.5436,1.3728,0.2229,0.5164,0.9937,1.2651,0.4813,0,0,0,..
Nepal,NPL,World,WLD,"External debt stocks, total (DOD, current US$)",DT.DOD.DECT.CD,3800810.8,9157279.6,12304770.9,20103243.4,27553349.5,34017048.9,49578186.8,100529800,112579824.5,146346992.4,204459231,278427656.7,352779239,452414309.5,470288696.6,589788225.3,743794136.3,985839696.3,1165294504.9,1355746933.8,1626688626.5,1765142177.1,1798082304.9,2003093150.2,2320287857.8,2409751198.5,2397938028,2413357113.7,2668527138.8,3027783792.6,2874494832.4,2740752757.6,2997587654.6,3213264260.6,3366391763.1,3189016423,3402732071.5,3613195511.4,3696697651.9,3777036974.1,3787483271.7,3826237147.3,3809914765.9,4012919215.7,3980972649,4142916401.3,4297388214,4963402939.1,5510938186.4,6515787783.1,7905810313,8820883327.7,9183774214.5,9982808324,10152157325.7,..
Nepal,NPL,World,WLD,Average interest on new external debt commitments (%),DT.INR.DPPG,2.7611,2.4999,1.7007,0.4211,0.78,1,1.2495,0.8297,0.8799,1.1872,0.8337,1.3588,2.0186,1.6779,1.8202,1.5986,1.2691,3.1499,1.0476,0.9641,0.9257,0.9741,0.8483,0.9698,0.7306,3.4513,2.8661,0.8359,3.2878,0.7304,1.4048,1.2521,1.1857,1.0387,0.9629,1.0853,1.3377,1.8848,0.6037,0.836,1.1815,1.355,1.3434,0.9598,1.1308,0.8965,1.0224,1.0222,0.9698,1.1527,0.988,1.0441,0.763,1.1136,1.1332,..
Nicaragua,NIC,World,WLD,"External debt stocks, total (DOD, current US$)",DT.DOD.DECT.CD,242870748.6,295916932.6,354332865.6,498244781.6,675465603.5,871394018.7,962314691.1,1355890701.5,1525327856.3,1615169381.3,2273188106.6,2561916287.3,3037458636.8,4202530072.2,4912584153.2,5880204932.9,6895951891.5,8091567355.3,8811780896,9875552769.9,10976880083.2,11128234987.6,11407262916.9,11657293343.5,12406061120.5,10591398107.2,6174328565,6321398617.4,6379424177.2,6409337546.3,6822420902,6387014039,6440411044,6854198401.8,5096750020.7,5011294159,4190303477.1,4113792029.7,4718042360.2,5923375456.1,7017467446.6,7938152810.7,9154589728.9,10255435645,10965052288.8,11513227717.4,12218682282.7,12741482690.8,13016798421.6,13682755037.4,13840341958.2,14824686632.9,15131422389.3,15360449736.8,15490530047.6,..
Nicaragua,NIC,World,WLD,Average interest on new external debt commitments (%),DT.INR.DPPG,5.6755,6.2647,5.9326,3.3042,2.6827,5.9247,6.6017,7.3983,6.7733,6.2617,4.1062,5.6736,5.8391,6.3238,5.452,4.6502,4.8046,4.0482,4.3193,4.5404,4.5967,3.0965,4.2484,4.4108,3.0851,2.6576,2.153,7.0688,1.7491,1.3712,2.0101,0.9639,1.9386,1.1617,1.0348,1.31,2.9313,1.8279,2.658,3.9027,1.9865,2.9467,2.8284,2.4126,1.1702,2.1454,2.4325,2.4898,4.4299,4.4083,2.7066,2.9801,4.4866,7.2971,5.0469,..
Niger,NER,World,WLD,"External debt stocks, total (DOD, current US$)",DT.DOD.DECT.CD,31677128.3,41579704.9,54878131.9,65143781.3,94027452.3,114513117.9,133362568.9,173254567.7,609493090.1,631712155.6,865702257.1,1024767756.1,960416774.7,972233736.6,978440332.1,1223458486.1,1443389299.3,1651886700.4,1700418784,1528025986.6,1757574146.9,1526204768.1,1548857816.8,1574772623.6,1542542790.1,1603602191.8,1554793033,1588957267.9,1686927568.3,1716840769.4,1721127519.8,1633337031.5,1847978005.9,2149675773.7,1975337918.6,1961937154.7,760592818.3,1090578795.1,948320310.3,1248816310.1,1533781918.5,2213013664.6,1783792450.5,1982335397.2,2002738488.1,2228591634.7,2511623278.5,3035459319.8,3176315504.4,3584099139.8,4549110074,4966894821.1,5428667300.1,5613719022.6,5308857136.5,..
Niger,NER,World,WLD,Average interest on new external debt commitments (%),DT.INR.DPPG,1.1967,1.7931,4.7904,1.926,0.2676,0.9393,1.4633,3.6454,6.6068,8.3712,7.3972,7.0493,5.3721,5.4654,2.3487,2.943,1.0417,1.6149,1.3949,3.5376,1.935,1.2628,2.8885,2.2336,0.9986,0.6144,0.9606,1.1463,0.8084,0.9274,0.694,0.8802,1.2682,1.0215,1.2113,0.9273,0.9249,1.5527,1.1406,1.2368,1.4538,1.0417,1.5346,3.2632,1.9621,1.6733,1.1677,0.9914,1.6789,1.6505,2.0773,1.3247,0.6745,1.2818,0,..
Nigeria,NGA,World,WLD,"External debt stocks, total (DOD, current US$)",DT.DOD.DECT.CD,836680592.1,960364871.1,1081759364.5,1778977495.8,1880722152.3,1687175642.1,1337791872.3,3146444249.6,5091168447.7,6244582441.2,8938210283.3,11445499562.3,11992466650.3,17576996152.9,17783310906.8,18655375059.1,22215781653.5,29024891233.2,29624118543.4,30121991493,33458483418.1,33526931287.4,29018663727.6,30699263745.6,33092276818.4,34094439060.4,31414754638.8,28467535604,30313714707.5,29095550936.6,33514256077.2,34976644763.9,36779630348.3,41856858871.2,45910626685.7,33654648314.5,17491682578.5,19484330676.5,20418957892.7,22748897639.8,29148883008.7,34129232146,39282745538.8,42604005424.4,46672476310.2,45024833871.7,43735939488.9,65142821169.8,69440288784.6,81342753974.7,87591245939.4,96254706293.5,103064224482.6,102472750412.9,108757630161.5,..
Nigeria,NGA,World,WLD,Average interest on new external debt commitments (%),DT.INR.DPPG,6.0256,4.4508,6.082,6.5631,4.4685,7.6023,8.5,8.1999,10.2407,10.5191,10.5239,11.2024,9.7703,10.1572,9.8169,8.5078,8.6206,8.4685,7.6375,6.9532,6.5877,6.1319,4.5793,3.7399,7.7197,0,0,0,0,0,1.0429,0.9626,3.6261,0.75,0.75,0.7481,1.6414,0.7807,0.8125,0.7499,1.7372,3.822,1.865,2.1231,1.3639,1.1681,1.5405,4.6894,6.6015,1.741,1.349,4.8568,3.8599,6.2367,6.5008,..
North Macedonia,MKD,World,WLD,"External debt stocks, total (DOD, current US$)",DT.DOD.DECT.CD,..,..,..,..,..,..,..,..,..,..,..,..,..,..,..,..,..,..,..,..,..,..,..,999807825.3,1034497118.9,1208526120.9,1732657178.6,1231743682.6,1488673981,1447513641.8,1477858663.1,1495042031.9,1656234711.4,1866793246.6,2821671500.5,2978082108.3,3293072429.4,4161065767.9,4294432537.8,5211242723.5,5117234792.2,5982687643.2,6440923457.5,6348713317.7,6690206195.1,6592451551,7364973879.5,8428993017.3,8611055372.7,8883693457.8,10177241392.8,10871173439,11639682525.8,12519612311.4,12837215392.3,..
North Macedonia,MKD,World,WLD,Average interest on new external debt commitments (%),DT.INR.DPPG,..,..,..,..,..,..,..,..,..,..,..,..,..,..,..,..,..,..,..,..,..,..,..,6.82,4.2243,3.7185,3.6912,3.6556,4.7109,3.5655,5.5275,1.8457,3.4984,2.3026,2.2948,4.1435,4.5316,4.82,3.1724,6.6293,0.9555,2.9476,2.9474,2.7156,2.3859,2.9633,4.9751,1.0543,2.3121,0.9842,2.7921,1.3345,3.5835,5.4734,3.5475,..
Pakistan,PAK,World,WLD,"External debt stocks, total (DOD, current US$)",DT.DOD.DECT.CD,3406742576,3795844722.3,4072098744.3,4566895944.2,5121326329.1,5752876894.9,6802351667.8,7564124307,8329288878.1,8918890624.5,9931198662.3,10580767699.9,11703994182.1,12026223274.4,12227885011.6,13464882307,14954407650.6,16797670141.1,17065165352.3,18348188708.1,20663375831.9,23363317172.7,24916921216.9,24538518425.4,27381870429.1,30231991090.7,29841837480.8,30087535063.7,32302604020.2,34182506198.9,33101002264.3,32359125649.3,34301743105.4,36987109546.7,36879998439.8,34521383741.9,37659231394.5,42532926374.9,50112215045.1,56926359340.6,63407877831.5,65010917821.7,63876676495.3,60219473309,64281642245.6,68673371108.6,75132689979.4,93080292741.6,100120484567.5,110097413225.2,117948502847.7,130752452005.8,127601482349.2,131021002940.1,129717513746.7,..
Pakistan,PAK,World,WLD,Average interest on new external debt commitments (%),DT.INR.DPPG,2.5539,2.8261,2.687,3.2214,3.0559,3.5468,4.2124,4.0261,2.5947,3.2915,4.4388,7.5458,7.2933,5.3749,4.694,5.6665,5.7204,4.8625,5.2775,4.9586,5.3216,5.6897,4.4038,3.6389,4.3027,5.1568,4.819,5.2736,4.8612,4.7905,6.0461,2.807,1.6824,1.9709,2.0527,2.3073,4.8042,3.7483,2.2268,1.7134,2.3583,1.4021,2.0543,2.1007,4.0815,2.3563,2.8054,4.4024,3.4633,3.5894,2.2407,3.3635,3.0825,3.9796,3.2422,..
Papua New Guinea,PNG,World,WLD,"External debt stocks, total (DOD, current US$)",DT.DOD.DECT.CD,208775480,407176568,495025775,525578942,505321531,506036560.4,520751938.4,675812946,583277481.3,608638131.4,719001777.7,1184523871.7,1627595970.5,1867658923.3,2029276420,2112192646.1,1984116631.7,2275815262.8,2249839538.9,2316234092.1,2593899557.8,2774125271.9,3788946401.1,3268510852.4,2792345094.2,2505573004.3,2507363358.3,2589508592.6,2712134542.3,2657223999.3,2325079588,2047405719.9,1856713721,1863354062.5,1769749010.6,1870906689.6,1754570834.6,1530876142.9,1436380431.4,1768982572.7,5987009775.4,12584089527.7,14922490380,21609688423.6,20428666793.2,20386681359.9,19247283289.3,17223736382.3,17723605372.7,18744676569,18046873709.3,19711775407.6,19606599470.6,15483629098.5,12854160687.9,..
Papua New Guinea,PNG,World,WLD,Average interest on new external debt commitments (%),DT.INR.DPPG,6.3883,7.1099,4.2689,6.7434,7.6389,9.5934,6.3227,5.7063,2.8074,9.3077,11.2233,12.6372,12.9569,7.2134,6.3619,8.4539,6.2711,4.0381,5.5312,6.3556,5.9814,5.3354,2.8304,4.8163,7.4084,5.2444,1.7923,5.6354,6.26,5.6563,6.4768,3.8303,1.9418,0,1.6607,0,4.4028,0.75,2.128,1.7292,0.7673,1.4172,1.2044,1.1828,1.5957,0.9182,4.4874,1.8675,5.6546,3.0096,2.7964,2.3038,3.2097,6.829,4.4395,..
Paraguay,PRY,World,WLD,"External debt stocks, total (DOD, current US$)",DT.DOD.DECT.CD,144131808.1,162143126.8,184900809.6,208205811.2,257137393,310687008.8,375035112.8,555080513.4,723510117.6,912112477.7,1056127261.9,1249022955.2,1396514339,1510708330.3,1563667838.5,1907737935.7,2173394455.8,2610091518.5,2433415137.9,2459604124.7,2176252017,2129183915.2,1690940097.4,1649950801.5,2153330722.2,2617585263.3,2604084334,2496673813.2,2826034207.6,3433334794.8,3106035613.7,2867285123.1,3373052129.5,6798833897.6,7376893644.3,8302216058.4,9565284908.6,10714075892.8,12542605510.3,14051476381.7,16123448799.3,16051060833.8,16608641152.8,16505154683,17285275329.7,17315302892.1,17249495429,17066059548.8,17201035979.9,17873915576.2,21121327299.6,22658308979.4,25239775496.5,26605367216.2,29963457224.3,..
Paraguay,PRY,World,WLD,Average interest on new external debt commitments (%),DT.INR.DPPG,4.5876,4.0351,5.1603,4.8528,5.8012,2.4449,6.4204,6.1632,7.782,6.6488,6.9093,9.0528,8.9673,7.607,8.9197,8.6012,7.8418,5.9098,5.7013,5.2052,3.5339,0,7.3385,4.8377,5.0815,5.5645,7.032,6.8353,6.9841,6.7083,6.3731,5.7614,2.8453,2.7135,0,4.4643,3.8851,5.2991,3.5979,2.7817,1.869,1.1266,1.1221,3.1687,3.7777,1.9174,3.1704,2.7719,4.8493,4.3361,3.6699,4.3685,3.2909,7.6445,6.8201,..
Peru,PER,World,WLD,"External debt stocks, total (DOD, current US$)",DT.DOD.DECT.CD,3299813044.7,3409738680.8,3585308809.5,4023439916.7,5380537914,6263823225.1,7725087025.3,9323170353.5,9864921758.9,9416570413.8,9534086343.5,8742790842.6,10871140798.2,11510208723.9,12325632944.2,13049982870.9,15046004898.8,17636125496,18380470896.9,18770828679.8,20297695234.2,20804189541.3,20421065903.5,23650210716,26596519778.8,30911667664.7,29032988173.4,29724003466.9,30581703299.9,29361508474.8,28834463709.6,27722614292,28445374390.4,30221849065.8,31742552289.6,29513668636,29295983199.5,32239012465.4,34719588729.2,37389855104.7,42153893573.5,45012107240.1,61628878216.7,63547800560.9,67907395747.3,67829892596.8,70260218413.7,68257550196.8,68737663405.5,64935891863,74849100910.6,88976755115.6,91689317833.1,93991708227.4,93268743431.7,..
Peru,PER,World,WLD,Average interest on new external debt commitments (%),DT.INR.DPPG,6.4342,6.5119,6.7958,7.9269,7.336,7.2983,6.2063,5.6496,7.6329,9.3626,9.3007,12.1061,11.6103,10.1942,9.7083,8.5262,7.8148,6.3452,6.7182,5.3728,6.7134,5.6039,7.1857,6.545,6.9007,6.0701,4.4351,5.6703,6.6628,3.7691,5.7792,6.4665,7.9075,6.0671,5.8059,7.0232,5.1508,6.916,3.3158,4.2566,4.8713,1.7671,3.5521,1.0488,3.2106,2.9939,2.1311,4.245,3.1947,2.6595,2.6272,2.7526,2.1448,6.2478,6.1441,..
Philippines,PHL,World,WLD,"External debt stocks, total (DOD, current US$)",DT.DOD.DECT.CD,2196027768.6,2419452684.8,2671171407.1,2761258308,3305257925,4170679935.6,6039460845,8183427508.3,10772164769.3,13281603751.1,17417202374.8,20785921054.3,24412638705.7,24211103886.8,24356701585.1,26637306936.4,28204156851.4,29784762858.7,28932152202.9,28652845074.5,30579850826.6,32493338656.3,33219038809.8,36142381235,40249396303.7,39371063204.7,43993253267.6,50698365608.8,53589505356.3,58466255807.6,58441426798.4,58387972865.2,60049127095.2,62736143449.5,61123614178.8,58669013597.6,57585168048.9,59163973066,58255598052.1,55969980626,65343964857,65767801994.6,68065636191.2,76726107578.9,78697459572.6,79698419388.1,75276875923.6,73598354220.4,79219780497.7,84368372551.9,98504239510.9,106639207267.5,110775513064.5,124472460162.5,137018240525.2,..
Philippines,PHL,World,WLD,Average interest on new external debt commitments (%),DT.INR.DPPG,7.3471,5.1186,5.5359,5.9772,7.0471,6.9865,7.8965,7.5395,7.566,8.7649,9.9302,9.5892,10.8129,8.5043,7.513,8.4849,5.3071,5.3922,5.1156,5.478,6.1966,5.0239,5.7887,5.5379,4.3277,4.7859,6.1682,4.68,5.7188,6.0733,6.8047,5.226,6.3131,5.6202,6.7044,6.8731,7.3611,5.1932,3.1887,5.5976,3.8129,4.0698,2.7008,0.5028,1.9568,2.7432,2.475,3.0429,1.8021,2.2806,1.444,1.4593,2.3705,4.6643,4.1712,..
Rwanda,RWA,World,WLD,"External debt stocks, total (DOD, current US$)",DT.DOD.DECT.CD,4878977.4,1998751.4,3384478.7,7914015.3,12310096.7,24074478.2,47677144.2,87491537.9,126802922,156078453.5,189831300.7,196579659,218308574.3,240503861.8,290096525.8,365597855.9,451264931.1,605111630.7,653567381.9,623297105,711728808,809899702.6,857063267.2,908962809.2,955151668.6,1032504216.9,1045357833.6,1112854511.6,1227864434.5,1311799009.3,1289758077.6,1299040552.2,1452031421.5,1555052246.9,1670716289.3,1526467033.2,433571511,619217476.9,928908920.7,1101366314.6,1233314075.5,1460707197.2,1814518289.8,2314567423.3,2909860018.3,3451961693,4318716827.6,5076087515.8,5681081205.9,6514940151.8,8193642650.5,9317675644.8,9690063879.9,11383983796.8,13050400791.1,..
Rwanda,RWA,World,WLD,Average interest on new external debt commitments (%),DT.INR.DPPG,0.75,0,0.297,0.4937,0.7677,1.4962,1.3178,1.3001,2.666,1.0239,1.4965,1.4213,1.2774,1.7634,1.501,2.4798,1.3307,1.6303,1.6954,1.688,1.4416,0.7688,1.1362,0.6225,0,0.75,0.7499,0.6631,0.4906,0.7499,0.75,0.75,0.75,0.9898,0.7499,0.9318,0.9562,3.2259,0,1.8079,1.1823,0.7772,1.1749,4.0419,0.6805,0.8573,0.8283,0.9475,0.9615,1.0851,1.563,2.709,2.0681,1.2794,1.9718,..
Samoa,WSM,World,WLD,"External debt stocks, total (DOD, current US$)",DT.DOD.DECT.CD,2682000,2610000,4379777.5,9456791.6,13799580.8,17391126.3,22628900.5,31252284.1,41241571.8,52517271.4,59194566.4,62601249.9,65784847.2,67685684.9,73522284.2,75130478.4,74756808.8,79618722.4,74958145.3,73538371.7,91806619.4,113648764.5,117763888.7,140498861,154590275,160047723.2,153447044.2,138788873.6,143914846.6,148001778.4,139172179.4,135466609.5,148295167,168610857.8,176496322.7,169098029.9,165440757.3,187694141.1,207365268.1,252885686.9,325098258.9,368308475.7,422904430.8,467876307.3,483662948.9,466304621,444079880.5,473243541.6,446524190.6,434855300.1,477263797.5,505617952.8,470703052.2,432494880.4,394938377.5,..
Samoa,WSM,World,WLD,Average interest on new external debt commitments (%),DT.INR.DPPG,4.6829,6.253,3.4358,2.4714,4.1075,1.3215,5.2527,3.8593,5.739,2.9258,0.4202,1.1993,0.7631,1,6.0226,0.9487,1.2984,0.75,1.8728,0.9072,0.7588,1.5941,0.4521,0.8004,0,0,0,0,0,0.75,1.1117,1.3852,1.377,0.75,0.9736,3.75,1.3833,1.0978,0.842,0,1.3513,1.0578,1.7655,0,1.9999,0,0.7499,1.3406,0,0,0,0,0,0,0,..
Sao Tome and Principe,STP,World,WLD,"External debt stocks, total (DOD, current US$)",DT.DOD.DECT.CD,..,..,..,..,..,..,..,2183745.2,10315766.6,16719040.6,23460544.5,34421443.2,37835228.9,43794125.3,54043032,62644805,78917328.4,97671747.7,109175723.8,134446478.1,150047861.4,167715805.5,189843609.2,209813616.4,222778525.7,245655455.1,235376843,238209013.7,258261791,321781710.6,304831898.2,308356185,333450000.5,339959178.8,356057555.2,332257441.8,348203074.5,162832260.3,128374045.8,153645969.5,177736250.8,216360036.7,193339402.3,206271695.9,206321644.6,234344644.5,240916227.4,272509888.6,255625527.5,275561663.6,312857068.7,327486146.2,286876907.1,318480674.3,326406625.8,..
Sao Tome and Principe,STP,World,WLD,Average interest on new external debt commitments (%),DT.INR.DPPG,..,..,..,..,..,..,..,0.5,2.0829,0,3.9882,7.0777,4.0265,0.3319,5.8147,2.4438,1.2148,1.3145,1.6002,2.6309,0.8257,0.7717,0.8707,0,0.7874,0,3,1.6162,2.0538,1,0.9376,0.75,1.9715,0.7509,0.9649,0,0,4.5963,0.7923,0.5786,1.8899,1.8394,1.8383,0,0.1578,1.2965,1.9775,1,0,2,0.75,0,0,4.7438,0.1013,..
Senegal,SEN,World,WLD,"External debt stocks, total (DOD, current US$)",DT.DOD.DECT.CD,145252948.4,152510983.4,161630904.1,199394700.6,265053301.3,349089898.5,409699389,628096050.2,894933930.7,1122627355.1,1473265666.4,1670746375.6,1859912163,2072975337.1,2197164471.2,2559359017.9,3230709274.4,4036586047.8,3893072265.5,3278516015.5,3750339025.9,3589290724.2,3684277264.2,3843451727.8,3697792446.1,3915938299.7,3786088622.4,3805574682.6,4096776592.1,4000850002.6,3653475930.9,3700965274.5,4118750354.6,4397912285.2,3939186585.9,3860802578.7,1935468310.4,2584601135,2849818625.1,3719735198.7,4648723571.7,5802042499.9,7105327014.3,8174836125.9,10754111100.6,10470479738.4,11454854863.9,14232312903.4,20031136617.5,20812048599.6,26017274799,30676437909.5,35581328119.7,45458235461.2,47146494529.5,..
Senegal,SEN,World,WLD,Average interest on new external debt commitments (%),DT.INR.DPPG,3.8879,5.2194,4.2042,5.6006,4.4321,5.3572,6.4295,7.8904,7.0864,6.0605,5.9292,5.7683,4.9596,4.4191,3.7174,5.4116,3.1675,2.8783,1.7924,1.6741,2.0738,3.8308,1.8689,1.3613,1.5867,1.1685,2.1201,1.3882,2.773,1.0641,0.836,1.2781,1.7644,1.379,1.0136,1.1378,0.9162,1.7523,2.7205,3.1077,0.9694,5.246,1.2755,0.9726,2.8341,2.2681,1.7962,3.0925,3.7899,1.3457,1.8949,2.771,1.8174,4.64,5.2856,..
Serbia,SRB,World,WLD,"External debt stocks, total (DOD, current US$)",DT.DOD.DECT.CD,2329427795.6,3115343352.3,3932625145.5,4798029563.7,5640709040.8,6626723036.8,8317656494.7,10136187399.9,12541323594.4,15981333108.6,18494670860.1,20652767920,19905765859.1,20481895431.6,19647974298,22254003529.2,21502883400.5,22471937201.3,21177810252.1,19072884954.7,17792819636.9,16472055974.4,16483026471.4,12708824729,11100638781.8,10785293239.6,9409821312.2,10616369758.8,10897975637.2,10978472128.8,11573165499.6,12478681866.6,11400905180.2,14259748378.8,14562774444.5,16159378880.4,19885774045.6,26211637916.4,30493346800.9,33809169778.7,32907137502,31657124951.8,34361115814.7,35636906791.2,32106752435.5,30247124550.8,27905718375.2,30930994202.3,31047957743.9,32398386691.1,38918907143.4,42008848728.4,44850264265.7,50259125533.2,51983619466.8,..
Serbia,SRB,World,WLD,Average interest on new external debt commitments (%),DT.INR.DPPG,7.0282,6.5922,6.3689,3.2024,6.4914,8.4959,8.7231,8.3003,6.1304,7.447,15.0531,12.6492,13.4979,10.4541,7.9906,9.1211,0,7.9267,9.3267,9.2591,8.1185,7.8051,0,0,0,0,0,0,0,6.6416,4.0658,6.0576,2.4746,2.2232,3.3022,1.7023,4.0717,4.9514,3.7181,1.3024,2.5044,3.9511,5.2776,4.322,1.7253,0.8926,1.8694,1.2619,1.4164,1.7703,1.8752,1.2976,3.134,4.4209,3.1957,..
Sierra Leone,SLE,World,WLD,"External debt stocks, total (DOD, current US$)",DT.DOD.DECT.CD,61400031.7,111055280.8,119385359.4,141780896.4,192934915.6,204952159.9,233371952.3,289671338.3,346957175.3,420277110.6,484856463.4,603585822.9,648424257.2,648742644.1,620429061,712222501,872673735.1,1036088193.5,1036485425.2,1089991403.4,1196563740.7,1271189256.6,1390152937.8,1556470569.6,1557983211.5,1249606744.8,1241837537.9,1200047496.1,1314139190.3,1319225620.6,1248363708.6,1256749338.8,1408416911.2,1575774381.1,1683344084.8,1804606614.1,1528631481.5,551066958.2,633810297.6,856852310.4,931127139.3,1050427525.8,1335231392.5,1399720774.9,1433230470.4,1558062042.1,1624480861.3,1794303621.9,1833287511.4,1930475456.2,2195562997.5,2531912460.6,2401417378.1,2403103683.5,2329744049.4,..
Sierra Leone,SLE,World,WLD,Average interest on new external debt commitments (%),DT.INR.DPPG,2.8766,0.7994,3.9191,5.9044,5.1709,4.6601,8.309,4.0638,5.5101,2.9158,5.3378,3.6122,2.796,1.1435,1.1929,1.2182,1.9349,0.8077,2.6232,3.6573,2.3154,0.7173,1.5478,0.7183,1.5403,0.5705,0.6308,0,2.5888,0,0.75,0.6555,1.4297,0.6618,0.7958,1.2655,1.1967,1.1398,1.0474,1.4374,0.8623,1.3489,1.0923,0.775,0.8303,0,1.2291,1.2231,0.75,0.9996,1.4839,1.1859,1.0215,0.9999,0,..
Solomon Islands,SLB,World,WLD,"External debt stocks, total (DOD, current US$)",DT.DOD.DECT.CD,..,..,..,..,..,..,..,..,11479143.5,13761784,19399965,23416124,28028049.2,34345140.3,44042054.2,65542894,76820063.1,97512652.7,103661460.7,99982954,120500491.4,129466452.6,94291522.1,150544684.3,154928415.7,158741508.5,147494744.3,139946900.8,154585730.7,165883917,156207110.5,164030802.8,180737376.7,181240395,179639740,167389191.6,174423711.1,178330553.8,166904390.6,172447071.6,230756584.9,257503829.4,228146820.3,203970814.6,187516688.3,207462428.9,263838572.3,322629656.2,316761174.2,304960708.8,322597088.9,448610953,477369215.2,527817629.5,596145038,..
Solomon Islands,SLB,World,WLD,Average interest on new external debt commitments (%),DT.INR.DPPG,..,..,..,..,..,..,..,..,0.8349,1,1,0.8747,0.2637,3.2964,7.7974,5.3419,4.6778,1.0105,0,0,2.2,1,4.207,0.7572,2,4.8958,0,0,3.298,1.1428,0.75,2.904,0,0,0,4.9999,0,0,0,3.5,0,0,1.3934,0,1.022,0.75,1.3852,0,0.75,1.4338,1.1941,0.7624,0.7811,0.9821,0.9612,..
"Somalia, Fed. Rep.",SOM,World,WLD,"External debt stocks, total (DOD, current US$)",DT.DOD.DECT.CD,73220144.1,79710586.3,96232136.6,118816346.9,153787755.8,185278662.1,242236035.1,318670720.5,410803672.5,461002731,537806923.4,943549900.4,1112727706.4,1301878679.4,1413251592.9,1551613402.8,1709094992.1,1878432481.8,1947394726.1,2030965476.1,2244600537.9,2325272820.3,2328282431.3,2381899237.6,2500958277.3,2556348054.7,2528407325.3,2450397710.7,2529802081.2,2526665894.6,2477537976.4,2476280807.3,2607722167.1,2762599394.4,2775888430,2672234285.5,2762438309.6,2868829766.4,2865716564.1,2943660874.7,2934384056.4,2940364939.5,2940422478.5,2938896763.1,2837118511.5,2770590306.7,2744666127.8,2838649115.2,5313257657.7,5374181112.2,4591822809.5,4142587646.4,4095256883.7,3093994159.7,1799443760.8,..
"Somalia, Fed. Rep.",SOM,World,WLD,Average interest on new external debt commitments (%),DT.INR.DPPG,0,2.9459,1.4528,1.4149,2.0108,1.1609,2.3151,2.7271,3.096,4.7014,3.317,5.5531,5.066,4.5088,2.1574,1.5832,1.4609,1.085,2.4933,0.7543,0.7919,0,0,0,0,0,0,0,0,0,0,0,4.8099,0,0,0,0,0,0,0,0,0,0,0,0,0,0,0,0,0,0,0,0.75,0,0,..
South Africa,ZAF,World,WLD,"External debt stocks, total (DOD, current US$)",DT.DOD.DECT.CD,..,..,..,..,..,..,..,..,..,..,..,..,..,..,..,..,..,..,..,..,..,..,..,..,21670999666,25357999878.7,26050000159.4,30633902795.8,26014665566.3,25719837975.8,26668247021.2,25680208730.5,35100005788.3,40113294660.1,44013592823.2,45095026798.5,57947017293.2,72812055811.5,74280629524.8,84384689913.6,115330364542.4,124146392176.7,147970332050,141651073880.4,149329312096.2,127752573028.5,144058545587,175025046978.8,180194489501,190747897765,175427437079.7,169447431525.1,171731622090.9,165839388756.3,175895546993.5,..
South Africa,ZAF,World,WLD,Average interest on new external debt commitments (%),DT.INR.DPPG,..,..,..,..,..,..,..,..,..,..,..,..,..,..,..,..,..,..,..,..,..,..,..,..,6.1751,5.3523,5.9008,3.6286,9.5359,6.02,5.7966,5.586,6.7815,5.25,3.972,3.9048,6.306,5.4304,4.691,2.3605,3.2946,5.1065,4.9421,5.6369,4.6459,4.2449,4.3336,4.4257,3.9315,5.1066,2.1365,3.96,3.8492,7.7636,5.5564,..
South Asia,SAS,World,WLD,"External debt stocks, total (DOD, current US$)",DT.DOD.DECT.CD,8864600372.6,9858136388.9,10742438222,12115452982.9,14765754494.5,16397957340.8,17571772623.8,18995270633.8,20843504758.6,22878809153.3,26604841460.8,29248862555.8,34934212438.7,39417423701.7,41859960684.6,49691203716.9,57743394762.8,69016212072,76077758255.2,91104240740.4,103419011551.8,106363466334.1,109661664592.6,114570234065.3,123898108392.4,120609609332.2,120113097348.5,119127693347.3,125931543732,129611281662,129270994189.8,126677513858.3,136205615078.8,152050803988,159266348160.6,155206573651.7,196217275055.8,244928688398.7,272316111545.4,307140598439.6,344319309197.8,393018174246.5,463666543605.4,505681591938,542066839466.9,568720803490.8,551598468042.8,622547524702.6,641705911519.3,691598860430.3,710209157865.7,778395869475.4,787514906171.8,826721172609.5,896015145725.1,..
South Asia,SAS,World,WLD,Average interest on new external debt commitments (%),DT.INR.DPPG,2.42511524575189,2.13657349648014,1.84346389054027,2.08363405432254,2.55138926871234,2.41568350549787,3.25642491470581,2.679912259359,1.88695412515957,3.2771496190454,4.67752200447376,4.42061616937164,6.03748609956839,5.65562839582327,6.06103869875416,5.21036638601297,5.36670206693154,5.03609296089488,5.61032465716918,5.26641797021514,4.56773438145686,5.04705232985741,4.33939229744103,5.33590291056308,3.36981762542604,3.62858150720626,4.39365370959216,4.52214554307223,3.24946137392513,3.15243148602083,4.51603056960796,3.16746795023117,2.26393376918299,1.74533808000225,1.99219763994665,2.54692752194041,3.14506175015408,4.6945504875622,2.11407619222825,1.79972565259677,2.29972396482474,1.63646059446205,2.43978028028824,1.8753211509463,2.15382823060865,2.0653043400412,2.14936591505799,1.9997556576742,2.67797126707844,3.26322332066665,1.47560777351592,1.40164227328694,1.76688334708448,3.52148760081025,3.48788118619159,..
Sri Lanka,LKA,World,WLD,"External debt stocks, total (DOD, current US$)",DT.DOD.DECT.CD,435678442.4,520236827.6,554360219.3,631606118.9,783763828,817840849.6,941714519.8,1141630267.8,1381702821.7,1562193769.5,1849029664.4,2241837854.3,2632029310.2,2890238573.3,2998355044.3,3544639145.8,4086689689.8,4754428931.3,5209633062.8,5185722277.5,5867509111.8,6580740209.6,6476089777.8,6902629411,7960615109.6,8395502196.9,8298763054.9,8106316372.4,9057333356.1,9943050525,9249848286.4,8952124828.1,10122942033.8,10725993550,11600420988.8,11300134209.5,11853449200.4,14161321567.6,16320821885.1,19504201128,21684210688.5,25795379781.1,35735908567.5,39316198514.4,42264361571.6,43926833891.1,46662738616.2,50766665978.7,52920652662.2,56118735647,56875086630.2,58741883598.1,58718751204.5,60544707010.4,56827528393.8,..
Sri Lanka,LKA,World,WLD,Average interest on new external debt commitments (%),DT.INR.DPPG,2.9777,2.5272,2.1109,3.9742,4.8882,2.9002,3.1876,2.4576,2.4401,3.8151,3.9202,4.9695,7.9932,3.0927,5.2702,3.1995,2.9327,2.9546,2.073,3.9645,1.8296,2.4497,3.1492,2.7186,3.8711,3.7371,3.5236,3.6279,5.0658,3.8082,4.2394,2.5696,1.883,1.7959,1.5062,2.0971,3.2793,4.8875,2.3057,3.5036,2.9855,3.243,2.4014,3.6165,2.7404,4.792,3.2315,3.5314,5.1676,5.2615,1.8898,1.5578,1.5322,2.5938,2.5768,..
St. Lucia,LCA,World,WLD,"External debt stocks, total (DOD, current US$)",DT.DOD.DECT.CD,..,..,..,..,..,..,..,..,..,..,..,15516307.7,17122202.7,18907707.6,20290497.8,23113174.2,31803855.3,46728176,57458862.1,65679760.2,79175705,82343009.7,97981226.6,100852543.2,113598527.8,128275618.8,141571045.9,152941378.9,184359352.2,188238652.5,227013639.5,258544438.3,293240194.2,338775693.7,362713778.4,422787032.2,375696061,481016076.9,837871627.4,438816167,584783262.7,455833314.8,432702877.7,479336037.4,537109187.7,529980934.5,543662556.6,621896095.4,615495530,638927013.2,733837563.5,892737914.9,909317236.5,1086264196.2,1193706001.5,..
St. Lucia,LCA,World,WLD,Average interest on new external debt commitments (%),DT.INR.DPPG,..,..,..,..,..,..,..,..,..,..,..,4.9841,8.7312,3.9999,3.8725,4,5.0853,7.1335,4.8183,4,4.3498,5.4324,1.1456,3.5927,0.0474,4.6838,5.7341,6.0505,4.4702,2.727,3.49,5.2631,5.1506,1.2219,1.6786,2.4535,7.18,0.8677,2.3574,4.456,1.6079,2.3463,1.6416,2.5,1.9836,2.9145,0.5,2.2219,1.891,3.6163,1.5622,0.75,2.8963,2.476,2.5543,..
St. Vincent and the Grenadines,VCT,World,WLD,"External debt stocks, total (DOD, current US$)",DT.DOD.DECT.CD,1455000,739739.9,775370.6,2787896.7,3191053.4,3447069.1,3738360.1,4743825.9,5687595.1,7234320.1,10627041.1,18816945.8,21223599.3,25598113.5,24938323.4,27183652.6,31363091.2,41508524.1,48275112,52729174.8,62704235.8,68854801.5,76245651.3,101713065,114170293.9,118297375.1,122492508.5,117721039.1,136298403.3,193802389.1,195077653.9,195046431.7,175623164.1,199272731.1,228632793.9,252491855.6,246092213.3,205143941.4,230929973.8,245787199.1,297080726,305483106.8,291830439.6,319961399.2,357428939.8,371370550.7,361331556.4,355330480.3,330129626.3,340522245.4,451681230,571430487.4,624480820,698454746.1,806447451.4,..
St. Vincent and the Grenadines,VCT,World,WLD,Average interest on new external debt commitments (%),DT.INR.DPPG,7.5,4,8.0263,2.5002,6.5322,3.6454,4.4444,4,4.4921,4.9513,4.7912,2.8561,6.5956,4.1981,2.6434,4.7071,4,2.6371,2.3333,4.1291,3.9914,3.3413,2.5084,4.3248,1.4246,3.5068,4.3211,4.2976,3.8585,4.4117,2.5,3.8622,2.4361,6.2006,5.2697,5.6101,0,5.8375,8.5,2.7655,2.459,0.8789,1.8376,2.3135,1.3683,3.9713,2.1196,3.409,3.8699,2.5139,1.3485,1.0421,1.2529,2.7111,3.8849,..
Sub-Saharan Africa (excluding high income),SSA,World,WLD,"External debt stocks, total (DOD, current US$)",DT.DOD.DECT.CD,6915792740.2,8717789515.5,10036584330.5,13101804359.1,16360842702.3,19563011779.3,22505534157.6,31475897740.2,41003429039,48517323465.6,60565707583.4,69198564671.9,76543307225.2,86498565517.1,90670349353.6,106750346592.5,120561168723.2,147419190446.2,150015787728.3,156574464705.2,176332539561.5,182914082717.3,182529002369.8,194920710748.6,221888609544.3,236483140777,232043663861,226684351779.1,230453318611.8,218580467856.6,216439808528.1,209546939825.8,230937483224.7,253939921974.9,268253717347.9,248694078172.6,213702177640.1,247373629998.3,256075330789.2,292348770946.5,341126042543.4,379672529685.2,429992631989.1,472557194499.5,512671014386.8,516953028368.6,562516635827.1,657420998840.4,701825627404.2,752623634402.5,793820824659.1,836397063080.6,850408225947.3,871043071459.3,900785561319.4,..
Sub-Saharan Africa (excluding high income),SSA,World,WLD,Average interest on new external debt commitments (%),DT.INR.DPPG,3.70421384713699,4.78684983086482,3.81059551216634,5.5471739130342,5.21230338553325,5.51179886368946,5.27809514977976,5.64555624008883,6.64511257820713,7.42859227762583,7.03416546063383,7.36648584734399,7.48777930431951,6.97001417199318,5.37711232428685,5.84666358904431,4.9563929706205,4.42458548082813,4.00561083798881,4.21926659629742,4.32280277057816,4.13804258137325,3.55140162044664,3.2943642643342,3.94385854874613,3.72562014543872,3.7698224672334,3.62199145636877,3.70367714394144,3.6715281368026,3.09112707754183,2.63614400920967,3.29343890430692,2.61748704394372,2.40892465360269,4.64701189587405,3.44591298553116,3.29529717578158,3.04629081978276,2.4927067525352,2.36965560703247,3.43513432745316,2.91692486808161,3.46264094958378,3.33963540162957,3.27719852954693,3.23032802667505,3.6292790090475,4.14605780287271,3.74799964594577,2.4398933318585,3.10943881898736,2.91578707348368,3.94017975576772,4.74312676481915,..
Sudan,SDN,World,WLD,"External debt stocks, total (DOD, current US$)",DT.DOD.DECT.CD,385062510.6,395962358,452076898.3,564428703.6,1136481106.1,1598563165.3,2087109291.2,2620862387,3159023632.7,4077980153.2,5176866635.3,6193993918.6,7169372761.6,7506202442.6,8480412476.1,8955218074.8,9631230107.2,11248637748.6,11530990242.8,13359370988.2,14798052810.3,15298882978.4,15558414380.8,15979632963.1,17096156407.1,17816478183.1,16971980942,16326140589.2,16843023940.7,16205567433.6,16097061560.3,15031932328.7,16154779698.8,17349202470,18404623839.8,17670919956.2,18579233641.9,20006622120.2,20583833869.8,21359139483,22592936139,21460776765.5,22078256122.2,22721571815.8,21971930557.2,21657638751.4,21361100515,21969836080.4,21804346688.2,22843739036.9,23811151810.3,22976037485.2,22440226840.5,22580297676.7,22020660462.5,..
Sudan,SDN,World,WLD,Average interest on new external debt commitments (%),DT.INR.DPPG,1.7568,2.063,3.76,4.3619,5.6663,5.0928,4.534,4.7547,4.4372,4.7119,5.6824,6.023,7.361,2.7165,2.1385,2.5103,1.813,2.307,1.9265,1.1053,0.7499,0.4351,8.05,0,0,0,0,0,0,0,1.6574,4.8791,2.5335,3.6843,3.4902,3.156,3.8502,2.1536,2.8649,3.125,2.835,1.9268,2.105,2.1482,1.8852,2.3904,2.4747,1.3419,4.0793,0.851,0,0,0,0,0,..
Suriname,SUR,World,WLD,"External debt stocks, total (DOD, current US$)",DT.DOD.DECT.CD,..,..,..,..,..,..,..,..,..,..,..,..,..,..,..,..,..,..,..,..,..,..,..,..,..,..,..,..,..,..,..,..,..,..,..,..,..,..,..,..,..,..,..,..,..,2562547848.2,2962151764.6,3127952233.4,3540170610.4,3927535691.1,3885801062.2,4139436483.4,4194065306.9,4084157943.3,4372357172.9,..
Suriname,SUR,World,WLD,Average interest on new external debt commitments (%),DT.INR.DPPG,..,..,..,..,..,..,..,..,..,..,..,..,..,..,..,..,..,..,..,..,..,..,..,..,..,..,..,..,..,..,..,..,..,..,..,..,..,..,..,..,..,..,..,..,..,3.2316,5.9903,3.281,3.8972,4.563,2.7731,1.0145,4.2027,6.429,5.8682,..
Syrian Arab Republic,SYR,World,WLD,"External debt stocks, total (DOD, current US$)",DT.DOD.DECT.CD,..,..,..,..,..,..,..,..,..,..,..,..,..,..,..,..,..,..,..,..,..,..,..,..,..,..,..,..,..,..,..,..,..,..,..,..,..,..,5388704719,5688619010.7,5276579226.5,4980444783.4,4748208496.5,4765860589.2,4608449443,4419183536.1,4367932030.6,4603897926.4,4583582193.9,4590239653.7,4763247277.8,5028598331.8,4862033265.3,4875542720.1,4756737935.6,..
Syrian Arab Republic,SYR,World,WLD,Average interest on new external debt commitments (%),DT.INR.DPPG,..,..,..,..,..,..,..,..,..,..,..,..,..,..,..,..,..,..,..,..,..,..,..,..,..,..,..,..,..,..,..,..,..,..,..,..,..,..,1.5917,1.9409,0,3.9999,0,0,0,0,0,0,0,0,0,0,0,0,0,..
Tajikistan,TJK,World,WLD,"External debt stocks, total (DOD, current US$)",DT.DOD.DECT.CD,..,..,..,..,..,..,..,..,..,..,..,..,..,..,..,..,..,..,..,..,..,..,9731000,382514000,577538000,629795000,694309400.4,1050335124.1,1228826959.2,1373567363.8,1140676654,1162073154.7,1254304142.6,1272329032.2,1166678857.2,1116909976.5,1060790372.7,1348486856,2497045162.5,2666229139.6,3561185320.5,3922103878.3,4619361917.4,4862292683.6,5123749263.3,5144129015,5180495790.8,5865953296.1,6086669246,6632776523.9,6903659102.3,6590623735.3,6723539347.8,6589051886.9,6977429758.2,..
Tajikistan,TJK,World,WLD,Average interest on new external debt commitments (%),DT.INR.DPPG,..,..,..,..,..,..,..,..,..,..,..,..,..,..,..,..,..,..,..,..,..,..,3.9145,3.8697,7.2527,0,0.75,0.7202,1.8147,1.126,3.8188,1.5389,1.1058,1.5133,1.3231,0.7495,1.9618,1.5252,1.237,2.0179,1.7111,1.8249,2.1777,1.8484,1.7367,1.1176,0.9761,4.5826,1.9916,1.3478,1.1082,1,0.8342,0.75,5.9734,..
Tanzania,TZA,World,WLD,"External debt stocks, total (DOD, current US$)",DT.DOD.DECT.CD,197359339.6,1175689697.2,1395653073.2,1743024232.9,2012124078.5,2341885515.9,2702042734.3,3470565760.5,4369042063.2,4204051877.4,5242016814.1,5759615136.2,6133770760.5,6801895296.1,7164254486.9,9095920165.8,4897634852.6,5503879743.6,6009342992.5,5850572265.1,6433296456.8,6559510656.2,6669441127.1,6769309416.1,7228012552.6,7370950562.9,7344102230.6,7110106281.7,7513384451.4,7917712561.6,7199694579.5,6524969893,7160913799.7,7324529897.7,8633807766.8,8428157886.4,4108484081.8,5041991584.9,6034526339.8,7760045698,8940294123.8,10129709978.7,12051758630,13970650221.5,16391470516.4,18341850201.8,19530747919.3,21616674354.8,22629441143.6,24451640158.6,25772198397,28817909448.5,30443587044.6,34584902584.9,36343119611.6,..
Tanzania,TZA,World,WLD,Average interest on new external debt commitments (%),DT.INR.DPPG,1.3994,5.6034,3.0288,3.9076,2.2774,3.5231,3.2517,4.5293,3.23,4.656,4.068,4.4386,2.2769,4.064,4.4233,5.7073,2.0625,2.2747,2.7631,3.6241,1.1198,1.3323,1.0269,1.7847,1.1951,1.1637,1.2638,0.9657,1.4967,1.5893,0.8785,0.7471,0.57,0.9456,0.8773,1.1436,0.7727,0.7652,0.7464,1.068,0.7528,1.732,2.4702,2.6077,1.9372,1.4103,1.3095,3.743,2.845,4.9211,2.4205,3.0238,1.1767,4.1274,4.5349,..
Thailand,THA,World,WLD,"External debt stocks, total (DOD, current US$)",DT.DOD.DECT.CD,1000572108.9,1079128839.7,1229411687.8,1245690376.2,1600893354.9,1865317539,2325633646.1,3344454730.2,5029137828.5,6644774200.8,8297078410.5,10851629853.4,12237908792.2,13902415140.3,15012831076.9,17545477591.8,18537200102.4,20385283141.7,21763483335.1,23536747458,28165126438.7,37772319224.6,41864442860.1,52717189061.2,65596252733.3,100092684586,112879501380.9,109730690051.9,104943991856.5,96903100977.3,79830056193.2,67296708658.9,62922110903.3,58452984709.5,58416708560.4,58524721297.5,62716469252.2,63156007038,66708742797.7,80931068117.8,107165878658.6,117681130154.4,151145531850.6,153833122504.3,146924958766.3,122988521275.3,131071178439.1,153571483414.1,172100562780.3,168599886145.8,186866033773.6,196675731446.9,201051228652.9,194693030257.4,191827376401.5,..
Thailand,THA,World,WLD,Average interest on new external debt commitments (%),DT.INR.DPPG,6.7537,6.3918,6.1445,4.3788,5.6518,7.3824,7.7758,7.1659,7.0483,7.7692,9.5285,10.0481,9.2941,8.2234,8.7673,8.3263,5.6341,5.3218,5.4538,7.3894,4.8296,4.9791,5.968,4.6695,4.8124,5.6729,4.7159,6.0401,4.9787,3.5085,1.4955,2.1092,2.2338,1.8555,1.6924,3.4087,5.8478,4.1149,1.5249,1.5964,2.417,3.0562,2.3009,0,0,3.9999,1.2539,2.7493,2.2145,2.5295,1.575,4.0414,1.8696,7.0598,5.8361,..
Timor-Leste,TLS,World,WLD,"External debt stocks, total (DOD, current US$)",DT.DOD.DECT.CD,..,..,..,..,..,..,..,..,..,..,..,..,..,..,..,..,..,..,..,..,..,..,..,..,..,..,..,..,..,..,..,..,..,..,..,..,..,..,..,..,..,..,76035316.9,89494692.9,104305452.7,116733681.1,80907571.1,124522399.4,158056457,203400669.6,231800534.6,278614052.2,287938205.7,305742152.2,296673869.1,..
Timor-Leste,TLS,World,WLD,Average interest on new external debt commitments (%),DT.INR.DPPG,0,0,0,0,0,0,0,0,0,0,0,0,0,0,0,0,0,0,0,0,0,0,0,0,0,0,0,0,0,0,0,0,0,0,0,0,0,0,0,0,0,0,0.8859,1.5172,0,0.9448,1.7412,2,2.6022,0.75,0.75,1.343,1.6049,0,0,..
Togo,TGO,World,WLD,"External debt stocks, total (DOD, current US$)",DT.DOD.DECT.CD,39801356.9,47286582.2,47049050.8,69570984.1,126779361.8,167825816.5,242230566.9,434315074.4,820147734.1,1103302010.7,1122269876.3,998488103.2,950904818.5,916720382.4,801989757.6,934737436.2,1064791560.1,1234549173.3,1221898000.1,1175991338.5,1280414838,1350918506.2,1352229618.6,1292462409.3,1454418478,1474990120.1,1487243523.2,1344663527.6,1471814621.3,1538399193.9,1445960550.9,1423397059.6,1602431667.9,1732560992.2,1839097569.1,1687525276.4,1795173984.3,1967415189.5,1638414175.4,1724528058.6,1290615124.8,636458643,760236668.9,935659568.1,1030916924,1104695218.3,1213797944.2,1634591475.6,1705711508.7,2008722642.7,2568770933.8,3544978710.2,3281657367.7,3439839395.5,4294139883.4,..
Togo,TGO,World,WLD,Average interest on new external debt commitments (%),DT.INR.DPPG,4.5987,6.0746,0.5731,7.6189,5.4146,7.7944,6.0038,4.8661,7.6997,2.8288,4.0248,3.6485,2.7562,2.7706,4.2568,0.7942,2.7569,1.4975,1.9444,1.3514,0.7314,0.75,0.75,0,0,0.6847,0.969,0.9563,2.6028,0.7683,0,2.4999,2.5,0,2.1218,1.7066,1.9584,1.6308,2.5391,1.8656,1.7915,1.6804,2.9792,0.4859,2.0229,2.2962,1.6718,1.27,1.0189,3.0218,2.6625,1.1659,1.8763,1.9322,3.1461,..
Tonga,TON,World,WLD,"External debt stocks, total (DOD, current US$)",DT.DOD.DECT.CD,..,..,..,..,..,..,..,..,..,..,..,..,..,..,..,24548074.2,28928950,36096245.2,37559875,39140012.4,53683028,44995161.5,43482995.3,44241811.7,58640380.3,64114187.2,63805061.3,58675998.8,64879601.7,78049432.9,73965562.4,71355546.3,81495989.1,93415984.1,94356377.1,89030079.1,91618892.9,96867967,98959554,114892400.3,153652255.8,191201692.9,197996915.7,199562997.3,195924377.2,184338819.8,174411669.5,193072348.9,187000421.1,186647313.7,194579370.9,223626733.7,209927234.2,196453498.6,173176112.1,..
Tonga,TON,World,WLD,Average interest on new external debt commitments (%),DT.INR.DPPG,..,..,..,..,..,..,..,..,..,..,..,..,..,..,..,0,3.1766,1.3212,1,2.173,0.8579,1,0,1.5523,0,4.4577,3.218,0,0,5.77,0,2.5,1.1263,0.75,0,0.75,0,2,0,3.6812,1.9927,0,0,0.75,0.75,0.75,0.8833,1.1075,0.75,0,0,0.5,0,0,0,..
Tunisia,TUN,World,WLD,"External debt stocks, total (DOD, current US$)",DT.DOD.DECT.CD,603200003.2,676455154.3,753125154.8,881771774.4,1008315139.3,1115794378.8,1290725427,2248212072.4,2954540544.1,3410535275.7,3533404839.2,3611172894,3777334492.5,4063243816.4,4097321562.8,4886601243.8,5944706612.9,6817910803,6800232969,6974803135.2,7689870905.1,8251258473.6,8542684831.5,8693836168.7,9614053659.6,10819480146.7,11379084345.6,11229245891,10845598411.7,11912144319.5,11355178322.9,12916759883.6,15510612053.4,18129964847.3,19685391758.2,18046141123.5,18832356907.9,20709926831.1,21575149179.8,22904702181.5,22659417009.8,22866532270,25416510709.4,26262224742.9,27595974477.9,28197062216.1,29527167044.6,33714237269.7,35245100362.9,40224514020.4,41977373872,43022033493.3,41041206300.8,42407399347.3,40459855368.3,..
Tunisia,TUN,World,WLD,Average interest on new external debt commitments (%),DT.INR.DPPG,3.4608,5.0127,3.5957,3.1623,5.2259,3.9453,5.3725,6.276,7.3314,7.4807,6.2381,8.0919,7.4455,8.2741,7.8732,7.6621,6.6274,7.0747,4.6276,7.1243,6.857,6.6218,7.1917,6.1606,7.7693,6.105,4.7379,5.187,3.9906,2.8674,4.518,4.0477,5.0689,4.3237,3.6832,3.5794,3.1507,2.5048,2.7794,2.1357,2.6556,1.94,1.5742,1.9237,1.5568,2.5224,1.4638,2.5139,3.3517,2.9052,1.0603,1.5842,1.9999,4.9966,4.6566,..
Turkiye,TUR,World,WLD,"External debt stocks, total (DOD, current US$)",DT.DOD.DECT.CD,2746453200.2,3287188317.4,3554569347.9,4204209180,4632821915.4,5058841386.7,6001284289.8,11452264698.7,14854969075.5,15928443383.2,19131092825.4,19235548686.7,19715948884.5,20324049083.8,21607735275.4,26012647741,32933723354,40943579865.3,40992842916.2,41577128629.7,49424152195.2,50873488639.5,56553858153.6,68604763966,66249185119.7,73781102423.7,80624816759,84719917064.6,96953865165.9,101784260989.9,116799280014,112946289541.4,131758157347.6,148358747086.7,165473833919.1,178256802924.6,217543154936.9,268694180713.6,294446615924.6,285999746316.8,316646701767.8,320983526166.8,353395551599.8,402178071207.6,413804313727.1,399458974329.3,398941852378.3,446932919001.7,425763850698.8,414340675661.9,429283302461.7,434872791578.9,455963245504.7,499814231476.7,514989218110.8,..
Turkiye,TUR,World,WLD,Average interest on new external debt commitments (%),DT.INR.DPPG,3.6273,3.8863,4.3709,4.8317,6.2975,7.1268,7.1331,7.4806,6.6312,10.8085,8.3159,7.598,9.9102,8.8853,9.061,8.6273,7.2388,7.0019,7.6743,7.7578,8.4257,7.5143,7.3094,5.8995,6.1712,6.2112,6.4293,7.4915,6.5088,7.8286,8.1785,6.5863,6.1925,8.1856,5.5843,5.1021,5.7092,5.9023,5.4883,4.4468,3.7299,3.0567,4.0845,3.0977,3.5275,2.3797,3.3633,4.2827,4.597,4.7812,4.1454,3.366,6.8688,7.4704,5.7866,..
Turkmenistan,TKM,World,WLD,"External debt stocks, total (DOD, current US$)",DT.DOD.DECT.CD,..,..,..,..,..,..,..,..,..,..,..,..,..,..,..,..,..,..,..,..,..,..,..,276435325,431045659.1,402248484.2,756163428.6,1866474843.2,2397439413,2732208441.4,2627007065.7,2241509191.6,2130945860.6,1916765263.8,1815782395.5,1152800557.5,991050916.5,877831145.5,817830560.1,803881172.3,1682020478.2,4296648711.5,6547850611.7,8278943711.1,7360924924,7003746694.1,8167364609,8650279590.8,8159810791.6,6650434191.5,5770954535.6,4986356367,4645434178.1,3917747615.2,3320400762,..
Turkmenistan,TKM,World,WLD,Average interest on new external debt commitments (%),DT.INR.DPPG,..,..,..,..,..,..,..,..,..,..,..,..,..,..,..,..,..,..,..,..,..,..,..,1.196,6.3469,6.3321,6.5195,5.7719,4.3167,3.7209,2.4546,2.7721,3.9467,2.3076,0,1.7452,3.1499,2.9999,3,4.8456,4.2319,4.7643,0,0,4.9455,5.0782,2.5559,2.2553,3.5415,3.4695,3.3667,2.7629,2.6133,6.8711,0.6171,..
Uganda,UGA,World,WLD,"External debt stocks, total (DOD, current US$)",DT.DOD.DECT.CD,151676389.3,172358506.4,177715260.9,175538182.3,202067895.4,209213939.3,243891748.7,300756081.1,426836504.4,588284930.7,690503150.7,707175104.8,874408802.7,1009041289.7,1074247779.2,1238566867.3,1422906331.5,1935609124.6,1940761841.1,2196167747.9,2605823363.9,2803285020.5,2951348322.8,3052849509.1,3397572158.9,3608776798.1,3710237065,3907829289.7,3941902486.7,3537939246.8,3535147374.5,3768195790.9,4019812753.1,4577712717.6,4789438348.4,4460499217.4,1300697179.9,1653066727.1,2292861399.1,2763176528.1,2974602244.9,3262582093.9,3776131388.1,8559917108,8651413817.8,9570705817.9,10088174030.4,11680184912,12328664225.9,13994340551.7,17701616973.9,20671049844,21041076730.2,20284809913.3,20534369198,..
Uganda,UGA,World,WLD,Average interest on new external debt commitments (%),DT.INR.DPPG,3.9232,2.5077,2.9904,7.0255,3.0001,2.0652,6.2665,4.46,1.7883,1.868,4.8573,5.8468,3.9001,3.6242,3.2619,3.4856,5.6153,3.7412,1.9272,2.2424,1.032,2.3394,1.5322,1.6063,0.8901,0.8503,0.75,0.9363,0.7253,0.7841,0.9885,0.7733,0.7613,0.7507,1.0235,0.7545,0.7499,0.7936,0.7365,0.8759,0.6133,1.3093,0.8701,0.771,1.6684,1.9748,0.8003,1.0883,0.6121,1.5155,2.6024,1.7204,2.9433,3.045,3.3724,..
Ukraine,UKR,World,WLD,"External debt stocks, total (DOD, current US$)",DT.DOD.DECT.CD,..,..,..,..,..,..,..,..,..,..,..,..,..,..,..,..,..,..,..,..,..,..,550691959.6,3855492092.6,5636653268.2,8429952804.7,9538672857.8,11133852083,13073030721.9,15753044628.1,13915483185,22209140729.2,23485797434.5,25866011946,32109497693.8,35100157138.6,54269247857.6,80811501426.6,99522725087.1,105305698734.2,124526897803.9,137133975946.7,133747125433.2,146936247161.3,127657360096.1,118566228266.3,116341600303.7,124415462467.7,122565904091.9,125724670239.8,133405532754.5,136907590904.5,143390581298,178988919079.3,193492461258.9,..
Ukraine,UKR,World,WLD,Average interest on new external debt commitments (%),DT.INR.DPPG,..,..,..,..,..,..,..,..,..,..,..,..,..,..,..,..,..,..,..,..,..,..,6.2812,6.4383,7.1257,5.159,6.2081,5.507,9.1148,5.0505,7.2974,4.0082,9.643,5.6641,7.5346,4.2343,5.2826,5.6486,2.941,4.3396,4.8307,5.0297,6.8329,6.1244,1.1806,5.6026,2.3678,7.0789,6.6312,5.9302,3.4756,4.0537,1.8108,1.3457,2.5498,..
Upper middle income,UMC,World,WLD,"External debt stocks, total (DOD, current US$)",DT.DOD.DECT.CD,37571212444.8,43929581767.9,52891549340.6,64685534945.6,82178654743.5,99692756442.2,122630185337.6,161619661649.9,198087753748.6,232889159827.2,284918357987.2,334190662202.5,377524371298.5,401430014821.1,418252629679.2,449660928854.5,490561399231.7,557984862141.1,556533800534.3,566046192586.4,618647248856.7,661337029692.4,705180143742.7,797024836584.5,899259617679.8,1052646201722.7,1110898280511.8,1170103109935.6,1274399103628,1307052922752.4,1283874279636.8,1320230004450.9,1340370631004.7,1444858823660.2,1586051200562.5,1584788574145.6,1725314189987.8,2018989121128.7,2131657268063.3,2304413921883.6,2900601636063.4,3419424148525.5,3797591702129.2,4382706969617.1,4853848846632.2,4366179787912.2,4531318510841.7,5084046902795.7,5472534338639.6,5703139775270.2,5970451688094.1,6441156307554.8,6277599354982.3,6337914119087.5,6357226676596.1,..
Upper middle income,UMC,World,WLD,Average interest on new external debt commitments (%),DT.INR.DPPG,6.00006825257222,6.15187265809561,6.4192655288467,7.46543863586996,8.03945109100726,8.11198702964358,7.58387657863085,7.58175775286037,8.87597335354065,10.2976845465991,10.5685837237566,12.5209723889232,11.2730857382978,9.8752623289633,10.0772039839244,8.49101528041852,7.27905719507682,7.00174102725935,7.29681842414337,7.47734295295897,7.69139168324834,6.92711861792418,6.44091824940273,5.80645480824322,5.84969155752828,6.68152317188923,6.94393362296309,6.69840464545153,6.99805080410635,7.27424137314941,7.79029183589157,6.28298499270486,5.75143081421596,5.39269779998303,4.93949274727201,5.22679135384421,5.4889361447014,5.55107382285147,4.70251491773951,3.4630019813238,2.98676833001834,3.70874697336659,3.39881596665514,2.85986723316498,3.54526186378792,3.44128459687848,4.75437081147311,3.97717169518071,5.26187955670006,4.67806835364205,3.83637342296977,3.94923937709654,3.73737255740404,5.27315755700987,5.34908420361935,..
Uzbekistan,UZB,World,WLD,"External debt stocks, total (DOD, current US$)",DT.DOD.DECT.CD,..,..,..,..,..,..,..,..,..,..,..,..,..,..,..,..,..,..,..,..,..,..,59702042.9,1031699376.2,1247180534.1,1803493027.6,2394880249.5,2934807714.9,3378314688.4,5315552892,4952972611.3,5216140553.9,5145986275,5328375077.6,5212039886.3,4637855219.3,4520245666.3,4667749025.5,5076578346,7296457110.2,7986413935.7,8214908762.9,8550628096.6,10316705357.1,12218877368.7,13571303501.2,15334623459.2,16701437846.8,18258516232.9,24961864235.4,37154092630,44872282608.6,53592822615.9,61569881480.8,70256401083.6,..
Uzbekistan,UZB,World,WLD,Average interest on new external debt commitments (%),DT.INR.DPPG,..,..,..,..,..,..,..,..,..,..,..,..,..,..,..,..,..,..,..,..,..,..,5.8025,4.4168,7.214,5.7565,4.7721,6.0761,5.26,4.8597,6.3868,4.688,3.7368,2.9831,2.2108,1.9488,3.2647,2.8303,2.6142,1.396,1.5413,1.0496,1.3933,1.5567,1.2901,1.8045,1.7316,2.3135,2.6388,3.6386,2.0336,1.9347,2.1996,5.9349,5.6177,..
Vanuatu,VUT,World,WLD,"External debt stocks, total (DOD, current US$)",DT.DOD.DECT.CD,..,..,..,..,..,..,..,..,..,..,..,3008900,4077203.2,10619149,12939707.6,15762868.4,18237361.2,23649703.4,26778350.6,30315049.9,38217710.6,34869375.1,36227064.6,40189501.8,45581300.9,48945486.7,47879676.1,48734564,64167377.7,87977202.2,112263772.8,122663924.1,160584256.7,161146227.6,153931970.5,100347467.5,110583704.2,127898893.3,148880846.8,153308882.3,177656192.9,178444531.3,182211940.2,158471630.7,203273624.2,256793136.3,293420900.7,401420199.8,402236822.4,424722517.3,439945229.1,476744807.9,463433624.1,470663727,519876544.1,..
Vanuatu,VUT,World,WLD,Average interest on new external debt commitments (%),DT.INR.DPPG,..,..,..,..,..,..,..,..,..,..,..,0,3.8293,2.922,13.255,3.8549,1.4894,8.5625,1,1.1896,0,0.8715,1,0,0,0,3.5109,0,3.298,0,2,0,0,0,0,0,0,0,1.9999,0,0,0,0.7144,0,2,0.6023,0.7735,0.8931,2,1.379,0.75,3,0.75,0,1.3285,..
Viet Nam,VNM,World,WLD,"External debt stocks, total (DOD, current US$)",DT.DOD.DECT.CD,..,..,..,..,..,..,..,..,..,..,..,25579000,42766000,52564000,54570000,61267000,174639228.8,191481041.4,617484768.8,20705352668.4,23270062150.1,23395041592.5,24389145840.7,24224319557.6,24855517887.4,25483320390.6,26309991483.3,21830829876.4,22512305266.7,23328780655.5,12841178044.2,12632834003.6,13342966639.1,15592997724.7,17631234906.8,18593542977.2,18752446327.7,23135389256,26497616052.6,32773324076.8,45021621601.7,54319557705.4,62254441307.6,66249485679.8,74733824699.1,81824874001.8,90484088511.7,109893164470.1,112621985456.9,122495972199.3,129479217056.5,139852502036.8,146621789309.1,141845082045.7,132907340372.3,..
Viet Nam,VNM,World,WLD,Average interest on new external debt commitments (%),DT.INR.DPPG,..,..,..,..,..,..,..,..,..,..,..,0,0,0,0,0,0,0,0,5,5.7434,2.9942,1.6506,2.0498,2.6812,3.2881,2.5227,3.2984,2.3547,2.1316,1.3247,1.038,1.3071,1.9027,1.7912,2.8479,2.9736,2.9741,2.4416,1.2082,2.3127,2.3211,1.7455,1.7749,1.9965,1.2019,1.5609,1.8451,2.2558,2.001,0.334,1.3298,0.5669,0.6842,2.7877,..
"Yemen, Rep.",YEM,World,WLD,"External debt stocks, total (DOD, current US$)",DT.DOD.DECT.CD,..,48815506.2,99158610.5,258062210.8,375394628.1,440332332.8,535432160.6,723293193.2,926935662.4,1174998804.7,1685753387.2,2041160549,2404743953.5,2797978897.6,3003210500.2,3340615613.9,3883330454.9,4587006088,5247816353.3,5594823728.9,6354026972.5,6475141178.7,6573081090.5,5944866677.9,6153597464.7,6250665953,6399965191.4,3917093653.5,5778379330.7,5132268503.5,5152412926.4,5187675837,5323448564.2,5480632068.8,5603364949.2,5477559319.6,5713770653.4,6155419537.5,6228636614,6799196018.2,6504445072,6429107186.2,7585844974.3,7688888675.9,7723142216.8,7298886699.6,7062871730.7,7193099657.9,7036509959,7055219065.7,7120836024.2,7601630730.3,7351067998.2,7283022249.3,7086874767.4,..
"Yemen, Rep.",YEM,World,WLD,Average interest on new external debt commitments (%),DT.INR.DPPG,..,2.3537,0.8794,1.2062,1.557,1.8345,0.7771,2.7944,0.6702,1.2087,2.684,2.9543,2.6632,2.7994,3.8092,2.9749,3.7328,2.3539,3.5872,2.2328,1.7606,0.8687,1.6805,0.9187,1.8548,5.111,1.1514,0.75,2.1761,1.4907,0.8628,2.3203,1.4506,2.2288,1.8376,2.3751,1.9189,2.6796,2.5223,2.0797,1.482,2.4341,0.7217,2.0428,2.0567,0,0,0,0,0,0,0,0,0,0,..
Zambia,ZMB,World,WLD,"External debt stocks, total (DOD, current US$)",DT.DOD.DECT.CD,813521836.3,857443206,943514892.4,1030648296.2,1196332640,1681371684,1893531433.9,2336027269.4,2578001424.9,3039848239.5,3252576758.8,3609972787.2,3662594056.4,3745387537.6,3751427552.9,4487171831.7,5633318265.5,6480343008,6694151924.7,6553433177.3,6904814239.4,6958488380,6700065955.6,6477914987.8,6808521300.7,6957808471.7,7060056954.3,6659848622.4,6870434146.5,5953049690.7,5812480208.3,6194276538.4,6681120453.4,6882252297.9,7548425739.5,5370018799.6,2250620968.8,2740042630,2937007524.5,3640887245.9,4320702678.3,5199610016.1,6181891104.6,6668587065.3,9650598727,12310774475.8,15755769971.2,23739237630.4,24615978773.9,29396610676.8,29531412127.7,26943470807.4,28423406214.6,29076512018.8,28117735300.5,..
Zambia,ZMB,World,WLD,Average interest on new external debt commitments (%),DT.INR.DPPG,4.228,6.3818,6.611,8.4454,5.9537,8.055,6.9196,6.6576,5.445,6.2196,6.6309,9.2114,6.4719,4.998,6.9763,2.5072,6.7047,3.2921,5.2876,7.5568,8.1026,0.8587,1.1224,0.7199,1.8727,1.8317,2.0014,1.7654,0.8906,1.6497,0.7648,0.6878,0.8123,2.168,0.8271,0.785,3.1488,1.3157,0.8544,1.5619,2.5525,1.6248,3.5616,3.4338,5.6462,6.3346,3.232,4.5441,5.1176,4.781,5.0009,1.9493,2.1097,0.6947,3.6353,..
Zimbabwe,ZWE,World,WLD,"External debt stocks, total (DOD, current US$)",DT.DOD.DECT.CD,232362560,238495570.1,218822503.6,217482194.3,217428044,186854615.4,143900096.4,199462732,446075279.6,559236734.4,785615492.4,1259851748,1874292580.4,2199842233.1,2190638145.8,2431222427.1,2646241107.6,2920820001.7,2731040074.6,2854663011.7,3317718662.7,3516023398.5,4171081079.4,4315939423.5,4566492632.7,5081073842.7,5078066551.5,4965635217.8,4686548620.5,4422807013.4,3966617196,3806895903.1,4155583405,4812662393,5187442498.9,4708840242.6,5205216962.9,5932480067,6068687551.1,6426661532.3,7050340458.6,7696210288.5,9199019182.4,8729621434.3,8658706603.7,9995059194.1,11815422651.3,12864409243,12984251689.3,12540836851.8,13034165720.3,14111057739.5,14120782697.4,14548534104.3,14403740329.7,..
Zimbabwe,ZWE,World,WLD,Average interest on new external debt commitments (%),DT.INR.DPPG,0,0,0,0,0,0,0,0,2.3729,2,7.1022,10.5284,7.9588,8.3298,7.9204,5.4869,4.7568,5.083,6.4529,7.1032,6.5387,5.7613,4.2925,3.3144,5.6269,3.841,3.0775,5.3993,2.5801,1.3854,6.7898,7.0719,6.1376,5.7152,2.6149,7.136,5.6326,0,2,0,3.8738,3.2826,1.9999,1.9683,2.0881,3.9145,2.1073,1.75,0.75,1.9032,2,0.75,0.9999,9.071,0,..
,,,,,,,,,,,,,,,,,,,,,,,,,,,,,,,,,,,,,,,,,,,,,,,,,,,,,,,,,,,,,
,,,,,,,,,,,,,,,,,,,,,,,,,,,,,,,,,,,,,,,,,,,,,,,,,,,,,,,,,,,,,
,,,,,,,,,,,,,,,,,,,,,,,,,,,,,,,,,,,,,,,,,,,,,,,,,,,,,,,,,,,,,
Data from database: International Debt Statistics,,,,,,,,,,,,,,,,,,,,,,,,,,,,,,,,,,,,,,,,,,,,,,,,,,,,,,,,,,,,,
Last Updated: 12/03/2025,,,,,,,,,,,,,,,,,,,,,,,,,,,,,,,,,,,,,,,,,,,,,,,,,,,,,,,,,,,,,
Code,Indicator Name,Short definition,Long definition,Source,Topic,Dataset,Periodicity,Aggregation method
DT.DOD.DECT.CD,"External debt stocks, total (DOD, current US$)","Total external debt is debt owed to nonresidents repayable in currency, goods, or services. It is the sum of public, publicly guaranteed, and private nonguaranteed long-term debt, short-term debt, and use of IMF credit. Data are in current U.S. dollars.","Total external debt is debt owed to nonresidents repayable in currency, goods, or services. Total external debt is the sum of public, publicly guaranteed, and private nonguaranteed long-term debt, use of IMF credit, and short-term debt. Short-term debt includes all debt having an original maturity of one year or less and interest in arrears on long-term debt. Data are in current U.S. dollars.","World Bank, International Debt Statistics.",Economic Policy & Debt: External debt: Debt outstanding,International Debt Statistics,Annual,Sum
DT.INR.DPPG,Average interest on new external debt commitments (%),"Interest represents the average interest rate on all new public and publicly guaranteed loans contracted during the year. To obtain the average, the interest rates for all public and publicly guaranteed loans have been weighted by the amounts of the loans. Public debt is an external obligation of a public debtor, including the national government, a political subdivision (or an agency of either), and autonomous public bodies. Publicly guaranteed debt is an external obligation of a private debtor that is guaranteed for repayment by a public entity.","Interest represents the average interest rate on all new public and publicly guaranteed loans contracted during the year. To obtain the average, the interest rates for all public and publicly guaranteed loans have been weighted by the amounts of the loans. Public debt is an external obligation of a public debtor, including the national government, a political subdivision (or an agency of either), and autonomous public bodies. Publicly guaranteed debt is an external obligation of a private debtor that is guaranteed for repayment by a public entity.","World Bank, International Debt Statistics.",Economic Policy & Debt: External debt: Terms,International Debt Statistics,Annual,Weighted average
