country,iso3,year,detrending_method,tot,tb,gdp,c,i
Algeria,DZA,1980,quadratic,-0.14404878105971175,0.08921751772263999,0.11445233648503894,-0.1552892200495979,0.2750782799473894
Algeria,DZA,1981,quadratic,0.1485134549223277,0.08051821593899239,0.09591271750815089,-0.11239452332410593,0.20245276588081484
Algeria,DZA,1982,quadratic,0.12641713124101983,0.05636895552489721,0.1104529752552974,-0.08404175021721372,0.2258137433208116
Algeria,DZA,1983,quadratic,0.26870940345482186,0.05371158594406884,0.11658207115490882,-0.08423724556682899,0.2406910454254243
Algeria,DZA,1984,quadratic,0.19929908415141195,0.004541335491856313,0.12613518581177452,0.06924250509131014,0.18534229894365772
Algeria,DZA,1985,quadratic,0.27876557057038465,-0.016704168686362913,0.11938424398681668,0.09565019754943371,0.1629334705524439
Algeria,DZA,1986,quadratic,-0.33435883803707256,-0.09873270489984778,0.0822841014739204,0.17466621123047688,0.09765732273017402
Algeria,DZA,1987,quadratic,-0.3106270414757395,-0.03602954870070632,0.03607904341595258,0.12730533697452628,-0.14379622509712853
Algeria,DZA,1988,quadratic,-0.33171019823753767,-0.06955532916001038,-0.011406963565862682,0.1278644409392804,-0.18638209384409699
Algeria,DZA,1989,quadratic,-0.23993666235822264,-0.10428213208509617,-0.004278684835686164,0.1869761365926852,-0.09281661245142825
Algeria,DZA,1990,quadratic,0.03653736728299073,-0.027476182038444482,-0.0308689370328441,0.08901670698769415,-0.1678006827830032
Algeria,DZA,1991,quadratic,0.17138821140830274,0.030981592779511527,-0.07624492628013968,-0.11367054133284071,-0.10308522689887223
Algeria,DZA,1992,quadratic,0.06224604447246129,-0.014138283979030636,-0.09032190519645589,-0.03616181426124676,-0.14927267027187519
Algeria,DZA,1993,quadratic,-0.10452911221826167,-0.04667478046838654,-0.1416908050892136,-0.012971318264323628,-0.2536701749427994
Algeria,DZA,1994,quadratic,-0.11502411975672011,-0.07217823421674265,-0.17861788534607648,-0.022356978529209925,-0.2543204381568085
Algeria,DZA,1995,quadratic,-0.10791425821171785,-0.07444354793433954,-0.16668904109764426,-0.0012352294394233354,-0.21222849376585717
Algeria,DZA,1996,quadratic,0.034190970134260645,-0.008684750731738008,-0.14929473843631058,-0.010223450199996265,-0.3770632274406429
Algeria,DZA,1997,quadratic,0.05788538730804316,0.01455561733593315,-0.15886255930234583,-0.025435507532769464,-0.5178144655540526
Algeria,DZA,1998,quadratic,-0.3044114801057951,-0.07556139359342157,-0.1278891943398488,0.09228419526181852,-0.2932062733765477
Algeria,DZA,1999,quadratic,-0.19406978934968766,-0.057007863190570295,-0.11412307950654821,0.06310903686075164,-0.22742427527647724
Algeria,DZA,2000,quadratic,0.27138041765233023,0.08471741404572154,-0.10956165998272915,-0.12640644162506298,-0.34894005953728247
Algeria,DZA,2001,quadratic,0.1916059607145062,0.02992394125037301,-0.10068530953105359,-0.05243018184152959,-0.24800609676266117
Algeria,DZA,2002,quadratic,-0.023329293428332676,-0.02228925611343313,-0.07105197540504449,0.00939270420511562,-0.08221710364943835
Algeria,DZA,2003,quadratic,0.052186877827780975,0.019457063003022287,-0.020141699349716546,0.005037685790874491,-0.05024449960874744
Algeria,DZA,2004,quadratic,0.08331085658269988,0.014969769398750027,0.015261692149802997,0.018500819497379695,0.07736220181598608
Algeria,DZA,2005,quadratic,0.31220285265263126,0.10567684681470452,0.05028153979760219,-0.05665744232511116,0.0626876408693331
Algeria,DZA,2006,quadratic,0.3466165798952918,0.1367945352014491,0.05589752730316633,-0.06507568825837318,0.007159019459706428
Algeria,DZA,2007,quadratic,0.17072864213486127,0.08983651107999485,0.07181230688245144,-0.05305562534436703,0.17640397294889265
Algeria,DZA,2008,quadratic,0.2923692245452756,0.08249908223801503,0.08256251100888612,-0.03865987830220341,0.16692885619886066
Algeria,DZA,2009,quadratic,-0.2516457895362203,-0.13738089803604306,0.09416561326680117,0.13620621372447772,0.519867376767225
Algeria,DZA,1980,hp,-0.1485311761114474,0.07704365353384238,-0.0013454707235460717,-0.10891827269939647,-0.04398173169267139
Algeria,DZA,1981,hp,0.11924456109581971,0.06950555297817448,-0.019296336221248822,-0.07801461775292395,-0.08815397932466063
Algeria,DZA,1982,hp,0.08454922771079332,0.048907454969188593,-0.0004918041546702057,-0.06563028444382546,-0.02817599179394925
Algeria,DZA,1983,hp,0.22672284544208576,0.05218663281295095,0.013740768259605574,-0.08457657338790447,0.02997144089153103
Algeria,DZA,1984,hp,0.16912160075042149,0.010844664097470529,0.035405161022893594,0.049221376945620676,0.023317082232745534
Algeria,DZA,1985,hp,0.26950503629402256,-0.0016963410673446894,0.04480449061004066,0.05771337514938857,0.053498321249668024
Algeria,DZA,1986,hp,-0.31810561926480574,-0.07526812466719786,0.027570752918631314,0.12278469967728078,0.042946171941407485
Algeria,DZA,1987,hp,-0.27146938668266607,-0.005462962519967793,0.004177328289125981,0.06707790664882829,-0.14394617795780018
Algeria,DZA,1988,hp,-0.2762824892106588,-0.03359580271582514,-0.018598428988836346,0.06528978050442014,-0.13485984277377394
Algeria,DZA,1989,hp,-0.17618365177689022,-0.0649384204560052,0.014050330106096354,0.12778207392818608,0.006202116921169676
Algeria,DZA,1990,hp,0.10212338073918303,0.01327922833027038,0.012888387609995888,0.03800731138422364,-0.025399333940733015
Algeria,DZA,1991,hp,0.23552921957728312,0.07186186828038771,-0.008194367225598853,-0.1538927799127503,0.07858472820737461
Algeria,DZA,1992,hp,0.12385709590228622,0.026132883601060794,-0.00028497552133011084,-0.06557605829704194,0.06780571685896053
Algeria,DZA,1993,hp,-0.04669520446517872,-0.007912451990313296,-0.03306421341411969,-0.03259945487829086,-0.005575538342516673
Algeria,DZA,1994,hp,-0.06361534906262989,-0.036251562986218976,-0.05588533536591811,-0.03360785890352069,0.019188199873429568
Algeria,DZA,1995,hp,-0.06651247235888658,-0.043027314541291675,-0.03509058944748311,-0.0055786742673493706,0.07993758755391234
Algeria,DZA,1996,hp,0.06170622245417956,0.01656081741937515,-0.014267941337699597,-0.008854171096876584,-0.07434245307142717
Algeria,DZA,1997,hp,0.0680019812175976,0.03241511917153303,-0.02569156666885597,-0.019217320293341444,-0.21478731635068904
Algeria,DZA,1998,hp,-0.3154553078943998,-0.06602414099022702,-0.0015620703636969324,0.1029069123743902,-0.0015232109988296827
Algeria,DZA,1999,hp,-0.23096546034675924,-0.05677397577170192,0.000925113008086953,0.07830351631780097,0.04200996833480719
Algeria,DZA,2000,hp,0.20616637679291028,0.07528212870321634,-0.00965883964211045,-0.10689042574144025,-0.11189840480422042
Algeria,DZA,2001,hp,0.10014157279875313,0.01163672370203736,-0.019234931115361675,-0.030043349001660502,-0.053159938873965196
Algeria,DZA,2002,hp,-0.13650311990243846,-0.048180938466497764,-0.010705149307170814,0.03306804523589335,0.062090495622438624
Algeria,DZA,2003,hp,-0.07668400874271786,-0.012477757145131968,0.0172987727066225,0.02858807044224143,0.03717292485629198
Algeria,DZA,2004,hp,-0.052408210459230276,-0.020651192541651375,0.028948368603128216,0.04035094694166652,0.10290837591038127
Algeria,DZA,2005,hp,0.18208782601465767,0.06964718564955288,0.04014935152162735,-0.038530589877320054,0.02238030040694028
Algeria,DZA,2006,hp,0.23868523789168172,0.10476057586911516,0.022374293920766064,-0.05354635502767735,-0.10301437212706777
Algeria,DZA,2007,hp,0.1038671740908983,0.06663314127162204,0.015417243250439583,-0.05146397608376674,-0.007902081715370102
Algeria,DZA,2008,hp,0.28538351250220373,0.07234407051963127,0.0036824842788139023,-0.05027653474682303,-0.09500040516023667
Algeria,DZA,2009,hp,-0.18106884256210787,-0.1315532336362416,-0.007099029547543267,0.10869481261823388,0.17767945424885845
Algeria,DZA,1980,hamilton,,0.138789271603623,0.005195134315920669,-0.09180249599797641,-0.2324196192941752
Algeria,DZA,1981,hamilton,,0.05714037208505421,-0.03459450334671921,-0.029917366028056946,-0.08158497944712906
Algeria,DZA,1982,hamilton,,-0.014328317147192408,0.003425218947244346,0.03783557261521153,0.03088000266004265
Algeria,DZA,1983,hamilton,0.02263153537290208,-0.01655064178634304,0.030182723991972082,0.036707089819651983,0.09340140249126527
Algeria,DZA,1984,hamilton,-0.010737495801798502,-0.049042833612024564,0.03450137621980254,0.17785273641163002,-0.00181248020424718
Algeria,DZA,1985,hamilton,-0.06839351065955501,-0.06398263669446125,0.02186355030169551,0.2022429237885639,-0.033155875779254274
Algeria,DZA,1986,hamilton,-0.6170155855857908,-0.1157195128320653,-0.02193058585838159,0.2301312542568823,-0.03668203013572935
Algeria,DZA,1987,hamilton,-0.6768431659547893,-0.033362349145147685,-0.06485941632934988,0.15595045706934485,-0.26700381010989904
Algeria,DZA,1988,hamilton,-0.17343893269068822,-0.015895588201185952,-0.08625988669137286,0.12554160171146833,-0.2465193660013698
Algeria,DZA,1989,hamilton,-0.1752222516689308,-0.07460723279502827,-0.04160377002288662,0.18917251123484569,0.082668008482913
Algeria,DZA,1990,hamilton,0.12241783558590669,0.016899059213146307,-0.02825774319714114,0.09307541726557744,-0.003954428522735753
Algeria,DZA,1991,hamilton,0.1802951100016168,0.10123055705426359,-0.06941322528786564,-0.13364721405464763,-0.04601420702903969
Algeria,DZA,1992,hamilton,-0.14667077259022054,0.019281948377800583,-0.06726247940272323,-0.03508149169674546,0.007240183513186338
Algeria,DZA,1993,hamilton,-0.38677984451146763,-0.05173218706417692,-0.08398877943467475,0.06108141254775923,-0.1818578143909333
Algeria,DZA,1994,hamilton,-0.2770448786881392,-0.0552266061151338,-0.1034731949616674,0.04180086654776893,-0.11993646994415297
Algeria,DZA,1995,hamilton,-0.1262061959658638,-0.03128893450059282,-0.055470569817194004,0.03869123210719572,0.019168081800345682
Algeria,DZA,1996,hamilton,0.023140777936855095,0.055420841256108036,-0.004741782617013968,0.02162817540488149,-0.1698959211919462
Algeria,DZA,1997,hamilton,0.060105663952530364,0.08582065421848373,-0.015796377248035398,-0.009077558068431912,-0.3552553687213402
Algeria,DZA,1998,hamilton,-0.39861810304232215,-0.03794439613990806,0.0010345247944290037,0.09890109699076177,0.049058953733276844
Algeria,DZA,1999,hamilton,-0.2656798571290837,-0.03634399676602331,0.017249529234010907,0.06458517697952182,0.2213648478531418
Algeria,DZA,2000,hamilton,0.5391620364874097,0.1570479445978622,0.0024939089641282663,-0.1747571377781565,-0.16700129310331135
Algeria,DZA,2001,hamilton,0.35567732275626884,0.10497613987184123,-0.0041947923214173954,-0.1173210024032656,-0.08355211710985344
Algeria,DZA,2002,hamilton,-0.20677082587152196,-0.0256784593155978,0.018969711722212068,-0.0026528653291020277,0.22190390459543252
Algeria,DZA,2003,hamilton,0.02808758464868344,0.035214195248863836,0.06216488634292716,-0.02515777093208449,0.11925048411873451
Algeria,DZA,2004,hamilton,0.27294724811268445,0.06977204139345838,0.07533379730440792,-0.056411603167216384,0.09649201088595127
Algeria,DZA,2005,hamilton,0.4562047838092962,0.1463245586832504,0.07024134709357632,-0.15364155866548224,0.08510003743361505
Algeria,DZA,2006,hamilton,0.5191939880669327,0.17927014266058666,0.041915964894199575,-0.1835077798930449,-0.09753437063789239
Algeria,DZA,2007,hamilton,0.2017107539007963,0.08552881772703141,0.026883550903262332,-0.16616064128368357,0.1141770105119786
Algeria,DZA,2008,hamilton,0.37262859722687924,0.054790148573225395,0.02595392356328219,-0.15965886474086943,0.15632722865826132
Algeria,DZA,2009,hamilton,0.03672778767713769,-0.13792358350286688,0.02440982313013862,-0.007948920393433312,0.3181978126817757
Argentina,ARG,1980,quadratic,0.17972530201379744,-0.025264738838359297,0.1579153955223198,0.13500599203502794,0.36574378394013074
Argentina,ARG,1981,quadratic,-0.010613951090673979,-0.01406398876620041,0.07638953289649031,0.07151248118383613,0.1843693928358583
Argentina,ARG,1982,quadratic,-0.09407655418974947,0.015930357276889812,0.0022264035232577584,-0.02217304768208095,0.07502029128811305
Argentina,ARG,1983,quadratic,-0.026451995535228257,0.023219836653784062,0.01661287564647118,-0.0041901393612349125,0.05530501447338576
Argentina,ARG,1984,quadratic,-0.022182539015222602,0.01755249127873978,0.014634482864311238,0.013946903366335306,0.014306849253114429
Argentina,ARG,1985,quadratic,0.09964428380887735,0.038060284532847245,-0.08827133502051332,-0.1310012959878204,-0.20941740462243263
Argentina,ARG,1986,quadratic,0.07233570598388006,0.004971053371071628,-0.036606828951619264,-0.020622939827367404,-0.1595460696022153
Argentina,ARG,1987,quadratic,-0.031665535123694966,-0.01070555305100281,-0.03220459086517202,0.058031881926126516,-0.03683109464373402
Argentina,ARG,1988,quadratic,-0.1234924976450742,0.016102826755253152,-0.08247967471547035,-0.013697558752339134,-0.13028485225933295
Argentina,ARG,1989,quadratic,-0.20771393864903498,0.03846724050501525,-0.18481406635566167,-0.11696638281795302,-0.41177828657113125
Argentina,ARG,1990,quadratic,-0.29505160086235716,0.02899650015155323,-0.23351281749504338,-0.11529594990391523,-0.5594267636523034
Argentina,ARG,1991,quadratic,0.07000402074994927,-0.0034622546174193445,-0.13860990191642486,0.024086756744210902,-0.41618668970069717
Argentina,ARG,1992,quadratic,0.0754935693261638,-0.033012477323519016,-0.050162092961489435,0.1327971049590566,-0.1924778859032399
Argentina,ARG,1993,quadratic,0.09608491204919112,-0.04314832318155075,-0.0171062095249237,0.010245779180618086,-0.024679306259105083
Argentina,ARG,1994,quadratic,0.09736652639313448,-0.05190454983940387,0.015268064279370108,0.04777775360815717,0.05548876152756499
Argentina,ARG,1995,quadratic,0.024953082646725022,-0.02593470662970384,-0.03797214543973659,-0.01330713253441651,-0.10136776199586617
Argentina,ARG,1996,quadratic,0.0984503836967141,-0.02968938923376677,-0.008607586477410223,0.033827555578174184,-0.06219802845248523
Argentina,ARG,1997,quadratic,0.0824403850308233,-0.04778779422166874,0.044927472386900646,0.10217439596115341,0.0615586801909771
Argentina,ARG,1998,quadratic,0.015427648515553116,-0.052619997447762856,0.058330424261150426,0.11054733786089699,0.1047518223564401
Argentina,ARG,1999,quadratic,-0.04908535829029237,-0.04443129606935747,-0.00027726342475276056,0.055560381125726366,-0.05450090306498545
Argentina,ARG,2000,quadratic,0.024020255996964224,-0.03450647804080147,-0.0320795321420384,0.03846408308310423,-0.19258564587524685
Argentina,ARG,2001,quadratic,-0.005741176728364827,-0.017883714277561306,-0.10073945557305386,-0.02878383197694312,-0.39409052112834875
Argentina,ARG,2002,quadratic,-0.03637514554537624,0.08591076773631834,-0.23941989293036947,-0.3052725824058431,-0.7033465559573795
Argentina,ARG,2003,quadratic,0.019724633268613623,0.05733270456534301,-0.17797338125453166,-0.20917709549830832,-0.4071406521430285
Argentina,ARG,2004,quadratic,0.009942498855728843,0.028839898156583034,-0.11485337947952878,-0.13993300167791567,-0.10916384342264518
Argentina,ARG,2005,quadratic,-0.041363913254069296,0.01991522495014334,-0.05059848728780736,-0.09866865980570694,0.06636356767372575
Argentina,ARG,2006,quadratic,-0.014249031869630002,0.018026070062864392,0.006834290456831482,-0.06809439960436237,0.20666228565200928
Argentina,ARG,2007,quadratic,-0.011212460604980379,0.006490710330626946,0.06573995438268199,-0.003434846520207202,0.2989221334440124
Argentina,ARG,2008,quadratic,0.07883365412704446,0.001507368184466902,0.10678740787888508,0.060354893029984424,0.2987822161631968
Argentina,ARG,2009,quadratic,-0.005325517008355263,0.015731972037416886,0.0906402079469597,0.03728711794779116,0.17252116107775617
Argentina,ARG,2010,quadratic,-0.04763874244164157,-0.006106397629346574,0.15342188033638848,0.12963062924070812,0.2823367884607304
Argentina,ARG,2011,quadratic,-0.022206904609479494,-0.018146689528749354,0.213259744488429,0.20224744512054826,0.36412895210919594
Argentina,ARG,1980,hp,0.1459864386976628,-0.03372952701053422,0.08159697596544824,0.1306498694204059,0.1280390503752704
Argentina,ARG,1981,hp,-0.0332786825763316,-0.02338099258206526,0.0190312879800576,0.0700520992164897,-0.0020642573138482945
Argentina,ARG,1982,hp,-0.1053953293925467,0.005524054444961041,-0.034042736102426474,-0.019625862676241113,-0.053677521194640754
Argentina,ARG,1983,hp,-0.027280067563997257,0.011902144782386659,0.00227731450220503,0.0026422977888103105,-0.012816662495794162
Argentina,ARG,1984,hp,-0.013448285246087543,0.005861073148988698,0.022132943293502905,0.02470439530346802,0.006513924450895381
Argentina,ARG,1985,hp,0.11721216240814325,0.026773534282553215,-0.06000521316947349,-0.1173432521267408,-0.16008847517258218
Argentina,ARG,1986,hp,0.0983426677063095,-0.004950514236748721,0.010172461493068496,-0.006000196364540855,-0.059326837627975415
Argentina,ARG,1987,hp,0.0015480056516539165,-0.018387037970952494,0.03024529480007132,0.0719455557307036,0.10662311906614974
Argentina,ARG,1988,hp,-0.08612627092738911,0.011500214993318984,-0.007891572362579424,-0.0018446388401418545,0.04791852171267408
Argentina,ARG,1989,hp,-0.1710857881964527,0.03793005317569882,-0.10261238395585437,-0.10892327156372339,-0.20920830568597282
Argentina,ARG,1990,hp,-0.26502789526989545,0.03354404718398091,-0.1491355340732543,-0.11319062621629428,-0.34524864629553775
Argentina,ARG,1991,hp,0.08829216438165322,0.006842794828646009,-0.057382215042224516,0.018836622529164515,-0.20344274034957888
Argentina,ARG,1992,hp,0.0803005643435517,-0.016959139760995057,0.024194936591648286,0.12061605734002967,0.00895824339222262
Argentina,ARG,1993,hp,0.08816778060196384,-0.022106322097106345,0.048837060880194016,-0.006787788734246902,0.16077843076143594
Argentina,ARG,1994,hp,0.07918189379082285,-0.027214328727326317,0.07319048329011224,0.02841774654165441,0.2254110314507347
Argentina,ARG,1995,hp,-0.00022450044733712815,0.0007035353369414937,0.013769968902066054,-0.031951931684966794,0.05696767909668221
Argentina,ARG,1996,hp,0.0695805071901372,-0.0028909379771238307,0.03951050405977696,0.01917099986913584,0.08975082485088315
Argentina,ARG,1997,hp,0.053207223611342336,-0.022711592984472576,0.09255585443366421,0.09533002699401649,0.21300311273032602
Argentina,ARG,1998,hp,-0.011507242968749942,-0.031214243904560818,0.10878634254094699,0.11569829671216958,0.2613584188921356
Argentina,ARG,1999,hp,-0.07225995087897363,-0.02848281032995515,0.055580806676459815,0.07629570637811156,0.11058882883532917
Argentina,ARG,2000,hp,0.00498353780639782,-0.0253285602112171,0.029924812808493684,0.07662172785836141,-0.020651004823058372
Argentina,ARG,2001,hp,-0.020624298967491406,-0.016031316356726184,-0.034231013372547636,0.026120042918229558,-0.22301428300640236
Argentina,ARG,2002,hp,-0.04750063960696149,0.08089432745867198,-0.17273507983456327,-0.2375788265970069,-0.5466906086689285
Argentina,ARG,2003,hp,0.011755353273116498,0.04707605467224929,-0.11778316223970542,-0.13619126821454586,-0.2820953165823994
Argentina,ARG,2004,hp,0.004797578873388275,0.015334670829255756,-0.06844460734521896,-0.07031858432447535,-0.03108096738854993
Argentina,ARG,2005,hp,-0.04386432075039792,0.005045295421253537,-0.024696071034403744,-0.04089289307219168,0.08679156264402099
Argentina,ARG,2006,hp,-0.014180743670038964,0.0034142099082477353,0.006751831701542699,-0.029725097621488672,0.16371321395657557
Argentina,ARG,2007,hp,-0.008108619555004637,-0.006551865484928775,0.035687452073858594,0.00926853207092293,0.1909761297898136
Argentina,ARG,2008,hp,0.08612438656312893,-0.009000407037370414,0.04420552573762038,0.0427384960541044,0.12668460342652743
Argentina,ARG,2009,hp,0.008069012926366526,0.0084443336086744,-0.00596143256045778,-0.013789985625244583,-0.06232731099365729
Argentina,ARG,2010,hp,-0.02631918518458143,-0.009678739050525166,0.021937005416925004,0.043037424224943166,-0.014573212360533105
Argentina,ARG,2011,hp,0.008682543375529761,-0.017783193048889107,0.046714675924445004,0.07930617985731203,0.00575860707007525
Argentina,ARG,1980,hamilton,,-0.04110382072232242,0.08417720170653986,0.18321563190425394,0.14233079288852224
Argentina,ARG,1981,hamilton,,-0.014931763051128113,-0.08072663853739925,0.04045125876765354,-0.08561569170639949
Argentina,ARG,1982,hamilton,,0.02100941057946657,-0.16610950750041198,-0.1262914047591206,-0.19340826690023416
Argentina,ARG,1983,hamilton,-0.0786049262955748,0.02093904289299121,-0.06445525971938793,-0.08195227507030545,-0.06037089019785569
Argentina,ARG,1984,hamilton,-0.008443535675141334,0.002804079817696273,0.004264912103435492,0.0037288682903806603,-0.050580801468729675
Argentina,ARG,1985,hamilton,0.05814164142678635,0.024141552057663836,-0.11925288755117336,-0.13532357092573832,-0.28121761672361334
Argentina,ARG,1986,hamilton,0.030812890509605673,-0.0047653529232915375,-0.06325124023775608,-0.03648499152003204,-0.19965671478279567
Argentina,ARG,1987,hamilton,-0.17032189009237086,-0.030423185439297673,0.04887956858160436,0.12746056882104995,0.10208156174133975
Argentina,ARG,1988,hamilton,-0.23454371181134004,0.015444824338757785,-0.06326309330853164,0.014676980347111623,-0.08170727105968734
Argentina,ARG,1989,hamilton,-0.23104889505760529,0.04174126439597239,-0.16450393932032625,-0.1504478162663947,-0.45085947011815364
Argentina,ARG,1990,hamilton,-0.24182127131045306,0.01808086081220109,-0.15953077716158148,-0.11639821170815345,-0.4893457750858321
Argentina,ARG,1991,hamilton,0.19417014447745196,-0.021011978684141182,0.03823839856821998,0.09743074261413476,-0.13006426554463957
Argentina,ARG,1992,hamilton,0.27364742117914975,-0.04247563524837106,0.16918583607426818,0.22314493378476463,0.15533349116107864
Argentina,ARG,1993,hamilton,-0.0016586346216387327,-0.03752469753440409,0.10038924318797449,0.019504061973952602,0.1739727880330939
Argentina,ARG,1994,hamilton,0.007368107169246407,-0.03548125479270884,0.05049895577843522,-0.027222475413156033,0.10529797992754997
Argentina,ARG,1995,hamilton,-0.07652237712821464,-0.007619246865245099,-0.02802853718128695,-0.03045690380312216,-0.1351103606852826
Argentina,ARG,1996,hamilton,0.001950609965343908,-0.007648557870696418,-0.028191933753102916,0.015335914303467035,-0.11922204178284534
Argentina,ARG,1997,hamilton,0.051179518612540775,-0.03846178733131117,0.08470488494226558,0.11605479588054024,0.1584696054788024
Argentina,ARG,1998,hamilton,-0.07111537596037909,-0.037322861324840015,0.06400317054434623,0.1078214369937669,0.1382504625405261
Argentina,ARG,1999,hamilton,-0.11439382186804892,-0.02003758872368787,-0.04640076081199673,0.006820634429677952,-0.10936591135916007
Argentina,ARG,2000,hamilton,0.02023303195004722,-0.009169105439598414,-0.08612959514049479,-0.023970623530857438,-0.24907102108494872
Argentina,ARG,2001,hamilton,0.04927355244307119,0.0038700404956824794,-0.09149301443347291,-0.057981035683623006,-0.3021115229016367
Argentina,ARG,2002,hamilton,-0.03476565529522091,0.10493091187755658,-0.20116019902184412,-0.31391180695570675,-0.5268603285878246
Argentina,ARG,2003,hamilton,0.05521087599414809,0.0706573691839549,-0.06999614132928045,-0.17336237787047537,-0.08826459517381213
Argentina,ARG,2004,hamilton,0.07830493589687482,-0.0044309888423114535,0.1322905520104669,0.07238914370677563,0.42737740760101506
Argentina,ARG,2005,hamilton,-0.010763446538369692,0.014594462811597653,0.12156136945780283,0.10133573789419792,0.2924647514723375
Argentina,ARG,2006,hamilton,0.03458728042700532,0.023823258628238198,0.12021905417403644,0.07769477743924114,0.2605246773366243
Argentina,ARG,2007,hamilton,0.08886463371935083,0.014065934680579546,0.11933540431916434,0.10891600659419076,0.2830561552645996
Argentina,ARG,2008,hamilton,0.1654993929251365,0.01000266994360996,0.10779677213700722,0.1499503037043386,0.21455505618881077
Argentina,ARG,2009,hamilton,0.08955398016343796,0.03069206980058689,0.03693689641557896,0.08553184488444998,0.05203725577992291
Argentina,ARG,2010,hamilton,-0.015874937366206154,0.010980352159185313,0.06370366838713437,0.1317404983572512,0.19164551718281064
Argentina,ARG,2011,hamilton,0.09108046216132237,-0.00727892266810912,0.14535478702769034,0.20993659163620038,0.3871110807705369
Bolivia,BOL,1980,quadratic,-0.1442579211841597,0.06223901643948212,0.12514146375177315,0.008626111225956024,0.0918467704636754
Bolivia,BOL,1981,quadratic,-0.1500314257549089,0.04435999017150844,0.1060425567360106,0.03695984844275557,0.05658029778760021
Bolivia,BOL,1982,quadratic,0.0328414808196138,0.04064793878670752,0.044067157190256445,0.013774927512517188,-0.014041764386563571
Bolivia,BOL,1983,quadratic,-0.03192576568031402,0.08957897195659557,-0.019170025968610283,-0.03903705922554668,-0.2260653320972228
Bolivia,BOL,1984,quadratic,0.18769850636520413,0.028316907112057213,-0.043650139737859917,-0.12032660108735893,0.16103050981562284
Bolivia,BOL,1985,quadratic,0.26971897748959606,0.015585755111004684,-0.08373685910014128,-0.0930727965205067,0.12445304524255008
Bolivia,BOL,1986,quadratic,0.039170831608891454,0.013024567917283847,-0.13371609292569353,-0.041336449607968895,-0.27410235977320596
Bolivia,BOL,1987,quadratic,0.07815381910452857,0.008954948007440365,-0.1339491455195132,-0.05333043926409253,-0.26145282356020694
Bolivia,BOL,1988,quadratic,0.03912819055005112,0.014404406432369808,-0.13053757867744586,-0.061205628793620015,-0.21936725672631585
Bolivia,BOL,1989,quadratic,0.01623684088228039,0.04821225625420486,-0.1193261609351044,-0.07046949647987777,-0.3874245991787051
Bolivia,BOL,1990,quadratic,-0.04421184763654651,0.043005331879813834,-0.1007060458607354,-0.0517158991820823,-0.283378437378782
Bolivia,BOL,1991,quadratic,-0.016080422872158273,-0.00020836634278552368,-0.07678653445400396,-0.011530038484487193,-0.03622187643142727
Bolivia,BOL,1992,quadratic,-0.19056945370922396,-0.03488022263424532,-0.08848924814989712,0.0010363276564593349,0.02616623770239368
Bolivia,BOL,1993,quadratic,-0.206268175122176,-0.04068720340652821,-0.07514246956096571,0.01733320743165656,0.033925063396813115
Bolivia,BOL,1994,quadratic,-0.04295572558835925,-0.007258105494981182,-0.05816670123652745,0.015631436155424616,-0.08963432110484426
Bolivia,BOL,1995,quadratic,-0.050863450649412556,-0.00189916389495548,-0.04109474514902267,0.013582017538100288,-0.013550057029823037
Bolivia,BOL,1996,quadratic,0.06823027092081269,-0.006311217363336168,-0.02699363681352107,0.022660210763770117,0.06231783132868962
Bolivia,BOL,1997,quadratic,0.105999011212905,-0.047605137529873755,-0.007189243539864165,0.04113443585813048,0.26921706053521
Bolivia,BOL,1998,quadratic,0.043783629626327425,-0.10199941655304556,0.013326835390667924,0.07055891611737586,0.46993296192625866
Bolivia,BOL,1999,quadratic,0.03149653601699143,-0.07756476086608305,-0.011045966088405912,0.07398229828634495,0.21082749229040942
Bolivia,BOL,2000,quadratic,0.03454643838837512,-0.06802490185493087,-0.01502804994472573,0.06831390435643847,0.16582436664212974
Bolivia,BOL,2001,quadratic,-0.03235721268491609,-0.03457501285395109,-0.02722589532954256,0.04649505416226152,-0.09501382256108304
Bolivia,BOL,2002,quadratic,-0.05762097116579756,-0.0479543975765867,-0.03166282663248143,0.026946262719627967,0.023553793573956483
Bolivia,BOL,2003,quadratic,-0.06958596098120484,-0.0021196120589001104,-0.033869876034483326,-0.009289076939713148,-0.1980370528620634
Bolivia,BOL,2004,quadratic,-0.056991634787020296,0.04548773797057444,-0.021761233232474808,-0.03709806888968359,-0.3812999492331963
Bolivia,BOL,2005,quadratic,-0.032953005493500775,0.024906054748643505,-0.007006768562585641,-0.04114323845163792,-0.12340021324725114
Bolivia,BOL,2006,quadratic,0.13616120235764662,0.07254433133447334,0.011623270846466305,-0.07243749036287372,-0.14779419065602717
Bolivia,BOL,2007,quadratic,0.09197147573255027,0.049930504260271256,0.028225169264249672,-0.04362636377531981,-0.0569764693964796
Bolivia,BOL,2008,quadratic,0.03850184095254949,0.03667406696895068,0.05989574676935927,-0.022778352005246916,0.10127228123198684
Bolivia,BOL,2009,quadratic,-0.06604678708508338,-0.015152447639839754,0.06473905715356842,0.03863434143184197,0.052806964940219636
Bolivia,BOL,2010,quadratic,-0.02164350902188783,0.0161741555323075,0.07667291087921768,0.00574173740812256,0.04582041532921721
Bolivia,BOL,2011,quadratic,0.0007242173885328995,-0.005386654318244984,0.0982419514563393,0.01076453640584063,0.184916491643766
Bolivia,BOL,1980,hp,-0.04411661478788087,0.03985135829888141,0.04157670595620733,-0.01446394905744075,-0.03626644456324257
Bolivia,BOL,1981,hp,-0.09571030241692924,0.017178120059534705,0.0448480683046375,0.0265932005305336,-0.037999308747640015
Bolivia,BOL,1982,hp,0.04788253838252565,0.010097550013704491,0.008619543952925746,0.0172537920120428,-0.06975731176155264
Bolivia,BOL,1983,hp,-0.04822638743719221,0.05736570360973797,-0.027437392005470684,-0.021966045244780297,-0.24132460206678186
Bolivia,BOL,1984,hp,0.14891403553203109,-0.003674631444786247,-0.02533331583077647,-0.09146480144705471,0.18477907619089162
Bolivia,BOL,1985,hp,0.21871019548621717,-0.014694131051359333,-0.04118695784854598,-0.05554991548112387,0.18513359361693027
Bolivia,BOL,1986,hp,-0.013890156351337168,-0.01441168369109097,-0.07078594911361957,0.0013041161457545414,-0.18104088779245497
Bolivia,BOL,1987,hp,0.030938195753209996,-0.014716686021877447,-0.05558144653710251,-0.008973778750227979,-0.14488802634901354
Bolivia,BOL,1988,hp,0.0035198692893159134,-0.0046485092903542635,-0.04205700502981369,-0.018405697904737117,-0.09069286376587105
Bolivia,BOL,1989,hp,-0.004447255847810361,0.03471244412829899,-0.025883571776969205,-0.03228061624451595,-0.25910159079197204
Bolivia,BOL,1990,hp,-0.04913501113043761,0.0361197782965419,-0.006857908946120261,-0.020789830293154843,-0.16802811609284163
Bolivia,BOL,1991,hp,-0.00684168560032461,0.00036113877670051336,0.01376390958153717,0.010206824863164599,0.05596514893044002
Bolivia,BOL,1992,hp,-0.1707122392068703,-0.026596411220534424,-0.004017931421054222,0.012590856068994682,0.08911033318164208
Bolivia,BOL,1993,hp,-0.18121188113323417,-0.025015002063549757,0.001252452545672078,0.018543468067621305,0.06509791841033685
Bolivia,BOL,1994,hp,-0.01828860167341695,0.015157369568088719,0.008978905358724809,0.007040784165052827,-0.09010079709653418
Bolivia,BOL,1995,hp,-0.030530479374384356,0.026545418855446416,0.01644044694651825,-0.003746338617366618,-0.043514713706695574
Bolivia,BOL,1996,hp,0.08211026000142319,0.02722768352237412,0.021292074641259262,-0.0018931956261916127,0.007906393117139032
Bolivia,BOL,1997,hp,0.1134386463497492,-0.01039278576869733,0.03276554951091093,0.01135554201980149,0.19875563590703127
Bolivia,BOL,1998,hp,0.04610589427519951,-0.06329283571928768,0.04621397990558318,0.038059938428610884,0.3950846780358779
Bolivia,BOL,1999,hp,0.030200382375333845,-0.04019759944798383,0.016053851895075688,0.04166092573666802,0.14453425196955294
Bolivia,BOL,2000,hp,0.030845728452521648,-0.0348523066688929,0.007119675848969997,0.03907951194268744,0.11835600161946758
Bolivia,BOL,2001,hp,-0.037835710943492806,-0.008071653050059698,-0.00980065356570936,0.022852093631215986,-0.11750489417963284
Bolivia,BOL,2002,hp,-0.06514604108501398,-0.029865941571920865,-0.019407283678805065,0.010603467448589754,0.026891459826498654
Bolivia,BOL,2003,hp,-0.07994358009892633,0.0066179889929679995,-0.027810063075816238,-0.01764721287923532,-0.17214512896860068
Bolivia,BOL,2004,hp,-0.0708335144302108,0.04504690959529867,-0.023307925021434528,-0.03791732540645931,-0.34052308722439406
Bolivia,BOL,2005,hp,-0.04999715497723489,0.016501419261174193,-0.017677382788794382,-0.035823197305924204,-0.07808112065441986
Bolivia,BOL,2006,hp,0.11783881087448211,0.05798223874310412,-0.009562247193398932,-0.06295236191235443,-0.10754373214396384
Bolivia,BOL,2007,hp,0.07643687879702998,0.03144401807402754,-0.004563023824577073,-0.032166755002048575,-0.029892855556925113
Bolivia,BOL,2008,hp,0.03078469570897102,0.01634314181015835,0.014815940009308193,-0.011121742896525788,0.1096789312017803
Bolivia,BOL,2009,hp,-0.060717571683177596,-0.03571540621629442,0.007123160951316265,0.04944526543347827,0.03991355179306222
Bolivia,BOL,2010,hp,0.0018523808311998735,-0.0036394113924646115,0.006572752914975055,0.015510302833875222,0.010794070455963478
Bolivia,BOL,2011,hp,0.048005676067484515,-0.023743230945367892,0.01593443125199201,0.019645629106315177,0.12831544155538221
Bolivia,BOL,1980,hamilton,,0.0757215586533336,-0.042200393525358315,-0.04588988259860738,-0.20003948831609542
Bolivia,BOL,1981,hamilton,,0.03897535194300423,-0.029853393797597327,0.026415017046020672,-0.20554547418598013
Bolivia,BOL,1982,hamilton,,-0.005579814790090246,-0.05060465441480044,0.010887806938822742,-0.15488646412186835
Bolivia,BOL,1983,hamilton,0.046033264943811325,0.040741223740556276,-0.10937974901481251,-0.08201390201422942,-0.32391284425879885
Bolivia,BOL,1984,hamilton,0.0825034208021842,-0.016090145168622803,-0.05059400984136975,-0.13141153786827875,0.09479995225358007
Bolivia,BOL,1985,hamilton,0.24797748043489154,-0.05139288056010603,-0.036240037979447415,-0.06445663983360994,0.15677514937961767
Bolivia,BOL,1986,hamilton,-0.20758781182837716,-0.03270820985336834,-0.09289069596133004,0.04216974002623264,-0.38343786526793977
Bolivia,BOL,1987,hamilton,-0.21378592316326017,-0.020587561109166177,-0.047557288391101515,-0.026622043768359305,-0.4084791745051177
Bolivia,BOL,1988,hamilton,-0.026842026839427824,-0.011390871129448029,0.005645071073171692,-0.07199738372127662,-0.18907919144449092
Bolivia,BOL,1989,hamilton,-0.12950990858217093,0.02541404185831289,-0.017767064262829813,-0.04993474870406889,-0.30874295957560616
Bolivia,BOL,1990,hamilton,-0.14843361198761507,0.019117245797916283,-0.0035633582435927735,-0.02811469207958872,-0.22369513105263739
Bolivia,BOL,1991,hamilton,-0.10599467491474268,-0.03995636758100442,0.006504152974230237,0.018177877597720382,0.09250666254631401
Bolivia,BOL,1992,hamilton,-0.22668997283001868,-0.07642628913109559,-0.02488719918263005,0.010441584170990836,0.13493911283655624
Bolivia,BOL,1993,hamilton,-0.27684771758169546,-0.05960994367340452,-0.034066794608565765,-0.002506850772015845,0.024751646286810924
Bolivia,BOL,1994,hamilton,0.059028746847587854,-0.0013119390868170863,0.019668843880526587,0.0006412895476071157,-0.1550419659870821
Bolivia,BOL,1995,hamilton,0.040949775026485113,0.014063518066028749,0.008976780364824855,-0.010522427546828972,-0.08578818481376338
Bolivia,BOL,1996,hamilton,0.010659280302825813,-0.0033578807705726063,0.007770500371157674,0.007765930445280844,0.04840518226910007
Bolivia,BOL,1997,hamilton,0.09222103674388027,-0.05052476288413836,0.0148015508035515,0.028988200136143227,0.2454599909043722
Bolivia,BOL,1998,hamilton,-0.07365340836780021,-0.10148414767181643,0.02730559993836401,0.05084720394463549,0.41031796092537665
Bolivia,BOL,1999,hamilton,-0.08983628454258152,-0.054428740086730605,-0.016015518617192193,0.04242883818824872,0.05930137150443748
Bolivia,BOL,2000,hamilton,-0.009429623515290864,-0.00996848835981072,-0.03587618650362323,0.018530024387896304,-0.09179101820998792
Bolivia,BOL,2001,hamilton,-0.06172999954007441,0.023401405308595392,0.006443420271457612,0.007027193370189089,-0.25749822926151644
Bolivia,BOL,2002,hamilton,-0.0767307347916395,0.004479460371781603,-0.007423974257702248,-0.00363073411867898,-0.07398070923842681
Bolivia,BOL,2003,hamilton,-0.008661979672196729,0.03603206014655042,0.008463294510232089,-0.019316169036835973,-0.1649905694949112
Bolivia,BOL,2004,hamilton,0.03419022976390984,0.0878301636710162,0.020755008915615214,-0.034756547861221954,-0.35248271480913385
Bolivia,BOL,2005,hamilton,0.0846269378948632,0.05113995423940662,0.03788207690753165,-0.009891436106452822,-0.0014906845232873778
Bolivia,BOL,2006,hamilton,0.2608029448804601,0.0724796643751382,0.03829734451953293,-0.026384021962818416,0.09720010907757892
Bolivia,BOL,2007,hamilton,0.21860236146820888,0.05570219929815126,0.04294476158665006,-0.0014405155243508716,0.11523805412829535
Bolivia,BOL,2008,hamilton,0.03429129496384853,0.027159328730051342,0.05860951727525876,0.05019065364299635,0.26458986371883597
Bolivia,BOL,2009,hamilton,0.02572853480057713,-0.01753037040579254,0.053462321791370115,0.07618148984329753,0.19605030982864502
Bolivia,BOL,2010,hamilton,0.13936472145727574,0.027979253012397884,0.030582629964456487,0.038621277231416506,0.12498949947401883
Bolivia,BOL,2011,hamilton,0.27875364782601686,0.037509113188641044,0.06997747605551652,-0.0016288737781158247,0.28144681779712055
Botswana,BWA,1980,quadratic,0.1860848848280412,-0.10082349194859505,0.03472847932401102,0.1873891968623722,0.2414611162357705
Botswana,BWA,1981,quadratic,0.03298131137990712,-0.19385380698124527,0.014191283070752903,0.223135783277697,0.28020301875562836
Botswana,BWA,1982,quadratic,-0.09256483944833693,-0.1330473697358454,0.024620219786609,0.20745505474335335,0.12987247670327573
Botswana,BWA,1983,quadratic,-0.19863176777420843,0.003356398684401952,0.0464961769066381,0.13153997705121512,-0.11251167443887145
Botswana,BWA,1984,quadratic,-0.1412798799255821,0.028853256440559923,0.029304866736675095,0.0764606023085177,-0.14177844473439372
Botswana,BWA,1985,quadratic,0.019282635086920408,0.1418414341748696,0.001218884459914804,-0.024785999344612897,-0.42861129146781973
Botswana,BWA,1986,quadratic,-0.008116884503079902,0.17225794406186015,-0.01479275670575042,-0.12177880876163627,-0.5216258208810132
Botswana,BWA,1987,quadratic,0.04354975990766352,0.2437997984470892,0.005366399422806367,-0.22087340124325916,-0.8346654507826337
Botswana,BWA,1988,quadratic,0.14819384264779245,0.26032303583387556,0.09340170364460754,-0.2957124907649682,-0.33125384729305907
Botswana,BWA,1989,quadratic,0.13966433771154918,0.11056333658596611,0.1288362509222818,-0.1676423980538857,0.1281907734690808
Botswana,BWA,1990,quadratic,0.08101258217640872,0.014165691171380682,0.1094539216177548,-0.011467008558653902,0.14355842306064925
Botswana,BWA,1991,quadratic,-0.0010197103060667345,0.02140759729896953,0.09889135843617147,0.06699120922162649,0.017948170398573993
Botswana,BWA,1992,quadratic,-0.10155280851420567,0.013593068529444766,0.04767998751227154,0.036574423217615504,-0.11575762667354006
Botswana,BWA,1993,quadratic,-0.09768784599817426,0.01836847608961814,-0.010545435003443515,-0.056199808644838534,-0.22170734140610904
Botswana,BWA,1994,quadratic,-0.0603705453203327,0.035023888393845945,-0.04909053154354481,-0.10787419239098561,-0.33404511435369155
Botswana,BWA,1995,quadratic,-0.07030466906984234,0.050183213799091644,-0.07696410583176672,-0.15833024053212874,-0.42104166819051336
Botswana,BWA,1996,quadratic,-0.027614922469556547,0.07672080059755185,-0.09077294731617513,-0.25399344426594794,-0.40561029248309755
Botswana,BWA,1997,quadratic,0.015148771848817688,0.0644562818712472,-0.0586712549717614,-0.2666817083435733,-0.23594737033399493
Botswana,BWA,1998,quadratic,0.03209142897662787,-0.020265424021285207,-0.019565784368110073,-0.10917367250707244,-0.03149318445784921
Botswana,BWA,1999,quadratic,0.03270415405241334,0.023402126452964245,-0.027903909392806625,0.03215149479585122,-0.32594867871689903
Botswana,BWA,2000,quadratic,0.03533608574251623,0.035040362296501176,-0.024692109511711635,-0.2308848864522819,-0.016283796363444125
Botswana,BWA,2001,quadratic,0.03664698060995697,0.0015515466443472015,-0.03994917574250856,0.13212638274855237,-0.2134676498935404
Botswana,BWA,2002,quadratic,0.022953098728808463,0.026433046040742675,-0.00016074563760426486,0.062166017523805905,-0.09944803673243285
Botswana,BWA,2003,quadratic,0.0037032860265657774,0.026215608029489926,0.017088238233485598,-0.05138490940857565,0.056288392384722385
Botswana,BWA,2004,quadratic,0.005162753292092148,-0.009662962827228033,0.03343402539631235,-0.006759434179759438,0.206690510817106
Botswana,BWA,2005,quadratic,-0.03151663507708946,0.08436572477485503,0.009253383857243946,-0.15630918906824576,-0.012796429269570808
Botswana,BWA,2006,quadratic,0.03515285905876819,0.08250260179472185,0.01987483065620843,0.0082393882789642,-0.06910479799176894
Botswana,BWA,2007,quadratic,0.09632106477396274,0.04379147259072348,0.028630534164495458,0.0032181922127740847,0.11140884837876186
Botswana,BWA,2008,quadratic,-0.08699025246936198,-0.04307740946200125,0.021064153958763043,0.14476643126092448,0.19347376698906693
Botswana,BWA,2009,quadratic,-0.057504075813040956,-0.17594950182772864,-0.06267457354839223,0.1323514112074502,0.27668579379836533
Botswana,BWA,2010,quadratic,0.005072498155959337,-0.14448330342177257,-0.026490903776924313,0.18581871266965955,0.28446623463779375
Botswana,BWA,2011,quadratic,0.004092501683946814,-0.12542732462776937,0.00028712294429844576,0.12872901830656325,0.42336842389126694
Botswana,BWA,1980,hp,0.1544048316194555,-0.030134689071769596,0.0012112093510054933,0.020410779058511075,0.10199183310690962
Botswana,BWA,1981,hp,0.01910827770842083,-0.1447675248158223,-0.021974411349638956,0.07622555501267048,0.21030419949718748
Botswana,BWA,1982,hp,-0.0921941085132385,-0.10953376630590003,-0.013581520780855172,0.08797201503603613,0.13110778941735646
Botswana,BWA,1983,hp,-0.18931565825632113,-0.001232694852695334,0.00658209730805126,0.04526760465753732,-0.04202241585655209
Botswana,BWA,1984,hp,-0.1291299678568496,-0.0038330748395760048,-0.012150700753643662,0.02672713557110029,-0.00867035848868003
Botswana,BWA,1985,hp,0.029234740248970326,0.08361112877979518,-0.041825996732388404,-0.03756023854302981,-0.24385420370555533
Botswana,BWA,1986,hp,-0.0030229294522579053,0.09362306333243907,-0.05957194735239213,-0.10034868635391003,-0.3004375621061559
Botswana,BWA,1987,hp,0.04320414049320309,0.15164976502860705,-0.04097100640531437,-0.17079336859241323,-0.594073313819198
Botswana,BWA,1988,hp,0.14393637255900593,0.16236106560298755,0.04659898640661275,-0.2243330978006437,-0.08709021166405062
Botswana,BWA,1989,hp,0.13469984747947183,0.01378994100041081,0.083987645608806,-0.08240235958642739,0.36722917467985017
Botswana,BWA,1990,hp,0.0787836453465669,-0.07674493338604992,0.06983938126191447,0.08235012669889219,0.3767814053252039
Botswana,BWA,1991,hp,0.0018202243515474947,-0.061430274332495094,0.06781148931371561,0.16708108224938023,0.24899980599797544
Botswana,BWA,1992,hp,-0.09320777619768972,-0.060658833429302436,0.02775765532897978,0.14278836342187784,0.11733317729756099
Botswana,BWA,1993,hp,-0.0853167840085991,-0.047866701857425406,-0.01804322000491787,0.05647440574592011,0.015709590669353624
Botswana,BWA,1994,hp,-0.04643573803885204,-0.024239685275979972,-0.044530191136953334,0.010653497165722392,-0.09311198151837452
Botswana,BWA,1995,hp,-0.05739844943283945,-0.003151082382900447,-0.06216506160723334,-0.03606362491801818,-0.18065624492371857
Botswana,BWA,1996,hp,-0.017995314588248768,0.028518644911871505,-0.0685623187688158,-0.13171673676263485,-0.17215935228188428
Botswana,BWA,1997,hp,0.020132037182705176,0.02086583031204732,-0.03226220888561926,-0.14937739192973698,-0.016333987414870244
Botswana,BWA,1998,hp,0.032176867436750634,-0.05977309365126405,0.008128088371528008,-0.0017607116042430704,0.16858485976604776
Botswana,BWA,1999,hp,0.028517207405975853,-0.012768827575601202,-0.0012166028973492615,0.126311428242591,-0.14973512192385208
Botswana,BWA,2000,hp,0.028067353175905474,0.001840644347505499,-0.000761845054219279,-0.15176475281423585,0.13141890834299108
Botswana,BWA,2001,hp,0.02776704665467644,-0.028534139665202227,-0.019973345983897772,0.19473172953536455,-0.09774202663039055
Botswana,BWA,2002,hp,0.013931859729727769,9.405556876132537e-05,0.015223958344618538,0.10861102325504568,-0.01929977805357197
Botswana,BWA,2003,hp,-0.004267720324629742,0.00503118762809554,0.028005560405066632,-0.020863683394400923,0.09810236982025344
Botswana,BWA,2004,hp,-0.0009841599700131098,-0.023510669445807028,0.040615905182807666,0.006870578766166702,0.20844965461277987
Botswana,BWA,2005,hp,-0.03544059485613538,0.08076083325424839,0.01375990053997711,-0.1615331803974911,-0.05275733094597257
Botswana,BWA,2006,hp,0.0334855547092161,0.09300569098463152,0.022688044320435807,-0.01886546217578733,-0.15448011295427744
Botswana,BWA,2007,hp,0.0969333653013651,0.0724191640685376,0.030516886694023526,-0.048243104057240416,-0.024576830356240364
Botswana,BWA,2008,hp,-0.08442100566360988,0.006912904936103373,0.02234758859272823,0.06721302526822015,0.0017249924523810023
Botswana,BWA,2009,hp,-0.054615483026622336,-0.10286133646263461,-0.06241778108244844,0.028192585407531112,0.02431017819155734
Botswana,BWA,2010,hp,0.006172104982915982,-0.0481339806780387,-0.028655621148997668,0.05509138054822138,-0.0331282304713465
Botswana,BWA,2011,hp,0.0013702137991318253,-0.006196846364167383,-0.0060409375224868,-0.028261608934558424,0.03599173590189331
Botswana,BWA,1980,hamilton,,0.00019506780318284678,-0.004511424146466325,-0.07202132074628764,0.06639084246179472
Botswana,BWA,1981,hamilton,,-0.13596022160702304,-0.01125784481904546,0.007065255423418293,0.12377025899814154
Botswana,BWA,1982,hamilton,,-0.030010637286448094,-0.004827250531743488,0.01139668784041259,-0.07220140250046203
Botswana,BWA,1983,hamilton,-0.22912436504801015,0.19649945737179675,0.05764768924706942,-0.09502643514876574,-0.339681084683356
Botswana,BWA,1984,hamilton,-0.10943319837247856,0.14154809642151595,0.002896543121551076,-0.13955698140504946,-0.20964693663843992
Botswana,BWA,1985,hamilton,0.10646123796728268,0.12659166255512214,-0.05666050675189993,-0.17084669129339236,-0.2728812609448461
Botswana,BWA,1986,hamilton,0.0033530143562172654,0.1585201855030521,-0.02156333606425953,-0.21061671929327375,-0.36633936107111786
Botswana,BWA,1987,hamilton,-0.046539318118682615,0.11911451460331499,0.035324049469224406,-0.21299027074054422,-0.39638296371996873
Botswana,BWA,1988,hamilton,0.15256805954359187,0.12726414491513804,0.1279919466641335,-0.19031529734111352,0.16222512459948035
Botswana,BWA,1989,hamilton,0.09967900467719026,-0.08982755892384442,0.11155404309583972,0.036735920593176985,0.9205254655994857
Botswana,BWA,1990,hamilton,-0.018957082331030328,-0.18865258770493076,-0.05374001166703657,0.27025464742444516,0.39652301147241076
Botswana,BWA,1991,hamilton,-0.046856397310617304,-0.023211563584445954,-0.05261286013908162,0.24085464440673476,-0.11295358028826286
Botswana,BWA,1992,hamilton,-0.09514286230090097,0.03892405663654466,-0.03696524725278039,0.05693771323392749,-0.19815454374497943
Botswana,BWA,1993,hamilton,-0.03947912033487544,0.017211060112151233,-0.09323006328129146,-0.12214779100253725,-0.17811718584498148
Botswana,BWA,1994,hamilton,0.055230099500387375,0.04347149986009744,-0.04662282439932497,-0.15427847344896062,-0.17654441102312468
Botswana,BWA,1995,hamilton,0.006845190546387769,0.05216962020308487,-0.01232562137218629,-0.11811569938257982,-0.17881782083296116
Botswana,BWA,1996,hamilton,0.02147595924999024,0.06241437831009665,-0.006743938691629481,-0.15793458077488332,-0.06914479039478572
Botswana,BWA,1997,hamilton,0.08749070490961852,0.03769188846988493,0.042295607048078665,-0.1199930315748583,0.16819560664002076
Botswana,BWA,1998,hamilton,0.06444980856615068,-0.07160466598525533,0.08162151240665771,0.1287434022140257,0.3419245604042134
Botswana,BWA,1999,hamilton,0.043886834332543145,-0.010267007852273496,0.0006823323558240446,0.29108521450896063,-0.1222408489676372
Botswana,BWA,2000,hamilton,0.04598357005731213,0.0860413361791937,-0.04115535987699026,-0.11255178923826925,0.003970104136872266
Botswana,BWA,2001,hamilton,0.049602386069234505,-0.00980300497426799,-0.007265247862878965,0.10738671840074865,0.12078510124925401
Botswana,BWA,2002,hamilton,0.02923815926934381,0.011262339668753271,0.01822553760839618,0.26020602606205223,-0.1179702678577712
Botswana,BWA,2003,hamilton,0.004105998518145526,0.047364440589259316,0.0656177160486262,-0.15397607109492029,0.26885396610778933
Botswana,BWA,2004,hamilton,0.010704372938763917,-0.02150281778350685,-0.006440508370639364,-0.08269227809908664,0.27208589551865003
Botswana,BWA,2005,hamilton,-0.022945510310194983,0.07698840001194027,-0.028563600589913918,-0.1229475038860226,-0.09350241501892498
Botswana,BWA,2006,hamilton,0.026153860511696436,0.11133128060209663,-0.03419249940093927,0.012783689245832619,-0.2855090867536001
Botswana,BWA,2007,hamilton,0.10857068971386141,-0.032443869938224706,0.032678834210269514,0.138004845413489,0.12365757204399763
Botswana,BWA,2008,hamilton,-0.15590084874870946,-0.09961186387999546,-0.017254809675382177,0.14632020189854167,0.22137072063031127
Botswana,BWA,2009,hamilton,-0.16484363403043023,-0.19390255586230837,-0.10917154868479173,0.12194945539190627,0.10797071705953698
Botswana,BWA,2010,hamilton,0.061594736852403464,-0.08154969988571473,-0.05257372852628528,0.04842379119908102,0.04852797469700931
Botswana,BWA,2011,hamilton,-0.04817135067563072,0.056223424013165095,0.12150635107493635,-0.011657639428051425,0.10486061953649717
Brazil,BRA,1980,quadratic,0.23954424324953028,-0.028832932879506903,0.1932779574229304,0.23676384638405423,0.30717181263178883
Brazil,BRA,1981,quadratic,0.02602285582258368,-0.006116725464318684,0.0991781187104479,0.12013438716485503,0.20379117835371918
Brazil,BRA,1982,quadratic,-0.047606769460131204,-0.009384802214447983,0.05695457161652229,0.10373950991430902,0.0737564219311686
Brazil,BRA,1983,quadratic,-0.11648054567040944,0.020806496438475073,-0.02434042920016566,0.049105598030834585,-0.23949081875044254
Brazil,BRA,1984,quadratic,-0.07531336276288236,0.052102242963725585,-0.017889528522220033,0.045867934119389275,-0.2881037151687247
Brazil,BRA,1985,quadratic,-0.11026971903259764,0.0488334454277594,0.015569355073409952,0.015107546360589197,-0.052571803927356164
Brazil,BRA,1986,quadratic,0.025020875042911506,0.022062851999076913,0.05134307472185817,0.08384261343610255,-0.018719773912535764
Brazil,BRA,1987,quadratic,-0.12377390414313183,0.03007036118718057,0.04748181611015134,-0.0015593735420793564,0.13692351338151632
Brazil,BRA,1988,quadratic,0.10210004592035204,0.04791739348487306,0.009057690244103966,-0.08220651800410828,0.12125694524225494
Brazil,BRA,1989,quadratic,-0.05393032763604566,0.030064771125951198,0.005705143535477575,-0.17666017682166668,0.29166188131989035
Brazil,BRA,1990,quadratic,-0.19357025753501578,0.006414239771788066,-0.07215228409403274,-0.15972564681341517,-0.06935289149780655
Brazil,BRA,1991,quadratic,-0.049035497800550054,0.0015992797567405143,-0.08931204984497221,-0.13585317431120458,-0.10104016392223336
Brazil,BRA,1992,quadratic,-0.03739266447886358,0.01628917086000506,-0.12447341909975052,-0.1681364058369752,-0.17361410844805558
Brazil,BRA,1993,quadratic,-0.00012414108709979388,0.0067557855681168845,-0.10789074492631023,-0.17141864304518606,-0.05479076127724092
Brazil,BRA,1994,quadratic,0.12100251012192675,-0.0032250539488853864,-0.08373756366773222,-0.07839086227441605,-0.08146537961804334
Brazil,BRA,1995,quadratic,0.1867402338137012,-0.020505152031210255,-0.0673127352634797,-0.08428137790168577,-0.14639188953706483
Brazil,BRA,1996,quadratic,0.14549562170364005,-0.02325067900901536,-0.07186063458702918,-0.0500372461592864,-0.20020030658609844
Brazil,BRA,1997,quadratic,0.1785989229174305,-0.027327539506665242,-0.0634322546567887,-0.0341600551316823,-0.16195824704101902
Brazil,BRA,1998,quadratic,0.15677703053503933,-0.02517754661004276,-0.08667483793894881,-0.06158755811745564,-0.20057507204024017
Brazil,BRA,1999,quadratic,0.0346814278580716,-0.019620249835766414,-0.10639438269040546,-0.07081061629163621,-0.25124098210722146
Brazil,BRA,2000,quadratic,-0.015098062372600474,-0.023315487485630962,-0.08506065823148035,-0.05100659720920042,-0.11320107477136876
Brazil,BRA,2001,quadratic,-0.03639305077592603,-0.019236925738503687,-0.0913859033458202,-0.06649997131863117,-0.12300152248556628
Brazil,BRA,2002,quadratic,-0.06592642925126135,0.006600424233412543,-0.08312882027306934,-0.08164132392345103,-0.2128465827530066
Brazil,BRA,2003,quadratic,-0.09605602949995795,0.019251061094828957,-0.08810685790187023,-0.07846740439058131,-0.23501782807798488
Brazil,BRA,2004,quadratic,-0.10183152665194228,0.029507576185867156,-0.04717214562296945,-0.06805191931529642,-0.10240475114182512
Brazil,BRA,2005,quadratic,-0.10226729670144685,0.027531265488058905,-0.028879494332889166,-0.03660607817686312,-0.12875428367249153
Brazil,BRA,2006,quadratic,-0.06373866653527305,0.021439930437999542,-0.0009652728196787308,-0.0031863891409855682,-0.05704207087162949
Brazil,BRA,2007,quadratic,-0.05491021440209476,0.008390479030331906,0.04914717977422889,0.045240789503210976,0.09349433086166492
Brazil,BRA,2008,quadratic,-0.030955688134949533,-0.005493912557044459,0.09209918497846203,0.07708398779057113,0.26899520538071453
Brazil,BRA,2009,quadratic,-0.06491153903627733,-0.009304779522670769,0.08268046001819052,0.10937392436798632,0.12247258155193119
Brazil,BRA,2010,quadratic,0.07482627315507706,-0.0195191373756061,0.15029776978094667,0.1580097067254318,0.32811419957202315
Brazil,BRA,2011,quadratic,0.1487756528280375,-0.01620839671322532,0.173291188570472,0.1979209670931219,0.33756688325861806
Brazil,BRA,1980,hp,0.17839222446818503,-0.02228196802122713,0.08035403358332083,0.09376813113573235,0.1483124115365353
Brazil,BRA,1981,hp,-0.006349716045414233,-0.005706520422213517,-0.0008847939034843932,-0.007258671107221559,0.0745810383526031
Brazil,BRA,1982,hp,-0.05394971064502574,-0.015377942872290714,-0.02739454917241879,-0.0031549610948644613,-0.02369317582358388
Brazil,BRA,1983,hp,-0.10126409748667342,0.008650165758976211,-0.09174735068550177,-0.033708783428892275,-0.3074015922185316
Brazil,BRA,1984,hp,-0.044188694502765635,0.03467939893165031,-0.06847627085431185,-0.010567733893523723,-0.3327934496635425
Brazil,BRA,1985,hp,-0.0690562869912581,0.02761078404538563,-0.018752182377927085,-0.013596574863024458,-0.08138033619380458
Brazil,BRA,1986,hp,0.07077721451242969,-0.00126970538743576,0.03298357646520067,0.08338275912832138,-0.03668105763038909
Brazil,BRA,1987,hp,-0.07805635078645512,0.006264946646116418,0.04522052177229341,0.02603361172517893,0.1278952109595446
Brazil,BRA,1988,hp,0.14345351029006626,0.025235975196147058,0.02314025919471696,-0.028290095561196438,0.1227338538668219
Brazil,BRA,1989,hp,-0.02022930095265174,0.010001367587293978,0.036034524572050586,-0.09994803077834646,0.30742377563542345
Brazil,BRA,1990,hp,-0.1712075981654344,-0.009892325180190193,-0.0262472553381361,-0.06526090096516945,-0.034546030491772406
Brazil,BRA,1991,hp,-0.04189242329088305,-0.010266831108942023,-0.029436996146229077,-0.02919488236597445,-0.04452238662741248
Brazil,BRA,1992,hp,-0.04783360431217076,0.009190844495043505,-0.05290594909109991,-0.05470694240551133,-0.09446803636249168
Brazil,BRA,1993,hp,-0.028577812450490292,0.004498957344199504,-0.027286083135690475,-0.056211754817381276,0.046597636870965964
Brazil,BRA,1994,hp,0.07652143838041514,-0.0009121956104879304,0.003400508972829286,0.03457540140474613,0.04142070899827388
Brazil,BRA,1995,hp,0.13091691930960891,-0.014284933501721804,0.02427927172226063,0.02396402677692322,-0.0035773892823209863
Brazil,BRA,1996,hp,0.0849498341322823,-0.014166819496049398,0.022496129576651924,0.05219912594588472,-0.04026552384774007
Brazil,BRA,1997,hp,0.12057587486079857,-0.016662301719207677,0.032147596137907186,0.061731531438423914,0.011085612593833893
Brazil,BRA,1998,hp,0.10829787912048072,-0.014310068563491414,0.008508974264366032,0.028053919307755137,-0.019233762289842637
Brazil,BRA,1999,hp,0.0013375160096797956,-0.009859921834738949,-0.013624664937703201,0.012488542416262405,-0.06732512634200294
Brazil,BRA,2000,hp,-0.03022818472518818,-0.01575885143832998,0.002792888831891105,0.02539060805330884,0.06684748321106948
Brazil,BRA,2001,hp,-0.03275700185763064,-0.014669075938369327,-0.011298376940606758,0.0018433351905748907,0.04669220548304498
Brazil,BRA,2002,hp,-0.045195713594305964,0.007863429622085905,-0.01403286711326679,-0.023350078135823793,-0.06070938029484019
Brazil,BRA,2003,hp,-0.0617984679252821,0.01750889079627639,-0.03349074942375552,-0.03309103130507829,-0.10881993194727002
Brazil,BRA,2004,hp,-0.05905929913326524,0.025596991516632334,-0.010646543440712364,-0.039084380143359354,-0.011102933673018178
Brazil,BRA,2005,hp,-0.05681895768601741,0.022651031449031335,-0.013842542744294306,-0.02784157304778745,-0.08079110939800493
Brazil,BRA,2006,hp,-0.021688551952533608,0.01689484579924825,-0.01049613337178279,-0.0183285133004798,-0.060234867185112506
Brazil,BRA,2007,hp,-0.022000252086826322,0.005364866016615127,0.012426753712601268,0.002857461423509733,0.032761384799320226
Brazil,BRA,2008,hp,-0.01237851230774023,-0.006105156724271758,0.026129809550420546,0.004677186906100417,0.14637342731321556
Brazil,BRA,2009,hp,-0.06509048778265747,-0.00694983128542304,-0.014159146658350608,0.0046851129270244485,-0.0646788277204049
Brazil,BRA,2010,hp,0.05236094300770677,-0.01392819527212451,0.021143453853126104,0.01925730624003741,0.07403650867864098
Brazil,BRA,2011,hp,0.10203767058823576,-0.007324183065123502,0.010696080734469149,0.023753507209853808,0.01505719738865885
Brazil,BRA,1980,hamilton,,-0.020193810047089387,0.07358931498627186,0.09758553231331213,0.11631578159570921
Brazil,BRA,1981,hamilton,,0.009072999618923225,-0.05698786783254839,-0.06055743228634114,0.010269112869217167
Brazil,BRA,1982,hamilton,,0.006964623769533594,-0.1496083804788224,-0.11759795854928967,-0.17323336292210456
Brazil,BRA,1983,hamilton,-0.17233358726572767,0.021314690892912953,-0.05484199770265974,-0.02858127960842438,-0.39241962727960633
Brazil,BRA,1984,hamilton,-0.056796281529999604,0.05838552872790112,-0.04258914256323365,-0.04033331061049772,-0.3312979214923031
Brazil,BRA,1985,hamilton,-0.028471906164829974,0.034255540275250324,0.09390955246467136,-0.012389666801437826,0.17170492714878538
Brazil,BRA,1986,hamilton,0.07777021550539143,-0.009146518505777107,0.06530670909285519,0.04703147832723431,0.2350165346337656
Brazil,BRA,1987,hamilton,-0.042062512851143374,0.005893198400022746,0.011365472859358405,-0.004180548060555012,0.18454636547073022
Brazil,BRA,1988,hamilton,0.07416871868822295,0.0415948628387415,-0.06309304869591337,-0.17135032908229775,0.14999441233233313
Brazil,BRA,1989,hamilton,0.03732277361963998,0.01443386018990533,-0.037048571282303655,-0.15227403353467928,0.1867677754258663
Brazil,BRA,1990,hamilton,-0.2821974225277737,-0.02003923373919391,-0.055952598982250024,-0.06339272255269535,-0.15405503569208978
Brazil,BRA,1991,hamilton,-0.017185686901016517,-0.009938845729511786,-0.09360938692028853,0.04928669677763686,-0.3348118103202449
Brazil,BRA,1992,hamilton,0.12024420100524669,0.018279607450172417,-0.005951067598338966,-0.02534428602506722,-0.08708084100380198
Brazil,BRA,1993,hamilton,0.04483333590085525,0.008593298065820565,-0.013712570515222566,-0.052994687513077565,0.042776427957919694
Brazil,BRA,1994,hamilton,0.15002433328160247,-0.012004608070586474,0.05516118305965456,0.08163621490759354,0.0766645902783587
Brazil,BRA,1995,hamilton,0.18494971575344277,-0.020527702846201118,0.020887349123222876,0.07084399457387924,-0.09594121809024614
Brazil,BRA,1996,hamilton,0.04140435493915806,-0.017830760034711887,-0.012465279977192267,-0.0036577413071992027,-0.12301126077771407
Brazil,BRA,1997,hamilton,0.014196690319967509,-0.011575299607021838,-0.015422143190953364,0.039411367853135815,-0.03134195442768117
Brazil,BRA,1998,hamilton,0.024151097061356985,-0.01007329671188053,-0.02135956273043149,-0.030102268762119522,-0.028080444322276854
Brazil,BRA,1999,hamilton,-0.12306798509877215,-0.0020991703022991536,-0.05860278687020859,-0.05104741163601645,-0.11657283768621607
Brazil,BRA,2000,hamilton,-0.15589265279334708,-0.007818279737931838,0.004826424085944581,0.0023425539308767895,0.05414271996642839
Brazil,BRA,2001,hamilton,-0.07377637069372778,-0.0071599653187638035,0.013958649536053969,-0.010675354906164003,0.08391955561709086
Brazil,BRA,2002,hamilton,-0.05543579595038928,0.02205005376574791,-0.026288019927346085,-0.05249386747240692,-0.13100449600968567
Brazil,BRA,2003,hamilton,-0.06523183083226414,0.03139967876403532,-0.008090266163575777,-0.028799782705927868,-0.14191910169558675
Brazil,BRA,2004,hamilton,-0.04532375315696058,0.0247090376689134,0.014186430003711337,-0.006615047854786837,0.06483662140456214
Brazil,BRA,2005,hamilton,-0.01927527486333247,0.017989973616335427,0.04475422731900025,0.015567395354905145,0.050151205558283785
Brazil,BRA,2006,hamilton,0.025300206012239812,0.0068106287056469185,0.0020795013590841904,0.035598472276257453,0.0017839268134318687
Brazil,BRA,2007,hamilton,0.034382650135895254,-0.003372003443324754,0.048395546818410295,0.04809897713005995,0.17676835235052035
Brazil,BRA,2008,hamilton,0.02564413667725507,-0.013422277286949558,0.05703317961512688,0.04657029660734935,0.28442992403795486
Brazil,BRA,2009,hamilton,-0.0182399794122734,-0.009287960840432563,-0.016212947234654607,0.028630898141921435,0.005613826562553825
Brazil,BRA,2010,hamilton,0.10030282353644271,-0.012034157205770921,0.01373594327865213,0.04948160707924032,0.060454300947593076
Brazil,BRA,2011,hamilton,0.20059578760481855,-0.008237978449598359,0.07878678389038463,0.0571225530335262,0.19963883368759827
Burundi,BDI,1980,quadratic,-0.18121722110502603,-0.06338367625781069,-0.010403603011855722,0.03443920615652196,0.36841517989796735
Burundi,BDI,1981,quadratic,-0.4011147044812793,-0.05316232138165056,0.06523842674423896,0.05952903193744774,0.6308853504720577
Burundi,BDI,1982,quadratic,-0.2615032063217564,-0.0803610250459956,0.01518921953360497,0.06344201136644756,0.40343330748127926
Burundi,BDI,1983,quadratic,-0.03371998705012924,-0.06503968653231837,0.012581387773145991,-0.018390196167668904,0.8433736620823193
Burundi,BDI,1984,quadratic,0.26039848534423093,-0.018708360777252825,-0.02383231867059621,-0.03911805795673473,0.5764596729622014
Burundi,BDI,1985,quadratic,0.23826562599655166,0.0013067561991540189,0.051328526246486206,0.061830269203491994,0.3574667461855281
Burundi,BDI,1986,quadratic,0.4976884100788812,-0.0019327249504508814,0.04898409926491354,0.07156105988736172,0.16921829054165904
Burundi,BDI,1987,quadratic,0.05250782049685032,-0.056886450451791554,0.0703860356528363,0.03047224666929438,0.8435318138920671
Burundi,BDI,1988,quadratic,0.30285299434617663,-0.025970584102573552,0.09018452917119824,0.09636870332102276,0.4452999772983066
Burundi,BDI,1989,quadratic,0.14816161587169407,-0.01671918493169866,0.07796904709303476,0.07198948758718515,0.5147311851237113
Burundi,BDI,1990,quadratic,-0.13013408708800878,-0.08615475939700426,0.09089037218847906,0.1733598252698929,0.3950192573685971
Burundi,BDI,1991,quadratic,-0.026233371108299153,-0.07223129123660937,0.12212674440708504,0.19246611269549518,0.4100973799320542
Burundi,BDI,1992,quadratic,-0.3186421547586109,-0.08938766139416363,0.11832447781468325,0.16082916009826143,0.09633248666745331
Burundi,BDI,1993,quadratic,-0.0773252542144105,-0.03555367979862095,0.04384742277569842,0.02839264188625279,0.09756147637819801
Burundi,BDI,1994,quadratic,0.30657179705729565,-0.02523078908544707,-0.0013020963863041857,0.0730343999830314,-0.4560271681165542
Burundi,BDI,1995,quadratic,0.28707379680185774,0.03152459830306367,-0.08609931900967105,-0.06548547529468784,-0.6364256074669328
Burundi,BDI,1996,quadratic,-0.008302522646946642,0.08592934549580449,-0.1677275112792671,-0.23195468917084128,-0.46640408311916204
Burundi,BDI,1997,quadratic,-0.07128143393025166,0.13827534139113618,-0.17865660615482248,-0.24324345163287475,-0.777149856086794
Burundi,BDI,1998,quadratic,0.04511076319674068,0.08292883976933671,-0.1259475337594953,-0.12251127558773334,-0.6208814455304275
Burundi,BDI,1999,quadratic,0.012434945262444153,0.11739362068949226,-0.1313532277181313,-0.16549863368167195,-0.7671871782982471
Burundi,BDI,2000,quadratic,-0.12765637555498444,0.10829868667002925,-0.1386377862886281,-0.08699440435911932,-1.4824988103435377
Burundi,BDI,2001,quadratic,-0.2781587905256657,0.10548290430286987,-0.12081959204301462,-0.09150774194772104,-0.9664099606318164
Burundi,BDI,2002,quadratic,-0.26504955455175416,0.09346864461494359,-0.08287347089101615,-0.018605623051216824,-1.0577600507672873
Burundi,BDI,2003,quadratic,-0.23719892796093411,0.08473061623756559,-0.1027561654616953,-0.08678550523383066,-0.4086982109527231
Burundi,BDI,2004,quadratic,-0.2104171277239857,0.060087820140929976,-0.06369271270559729,-0.06038268617634657,-0.10713372421055745
Burundi,BDI,2005,quadratic,-0.03188718577798966,0.04238673204846971,-0.06230914432252632,-0.00268075605035456,-0.29729309685880345
Burundi,BDI,2006,quadratic,0.017147790257608264,-0.0360965702764976,-0.016777591805640313,0.052805969321859436,0.24463136685112374
Burundi,BDI,2007,quadratic,-0.006050176992457246,-0.11636623563936738,0.02387106491650215,0.03857387219867903,0.5414474740737951
Burundi,BDI,2008,quadratic,0.043953790113039126,-0.1159928838776329,0.06894793840274716,0.053491257638237144,0.6220976840534185
Burundi,BDI,2009,quadratic,0.04445203769272066,-0.04120184239529284,0.10203415394435922,0.035948351168071824,0.6704344905896136
Burundi,BDI,2010,quadratic,0.16193075540222512,-0.07088002788106651,0.14208929717716323,0.05497412109683175,0.6744773320714224
Burundi,BDI,2011,quadratic,0.24734145387437412,-0.054171033333873964,0.1902633533950837,0.1369782233951362,0.7516368162121303
Burundi,BDI,1980,hp,0.04316957431035817,-0.03644736202291676,-0.040460178057271534,0.025002919203526375,-0.021442625614962907
Burundi,BDI,1981,hp,-0.25177282654896427,-0.0205241242742467,0.031755665458771176,0.04178644059821224,0.17524684215443465
Burundi,BDI,1982,hp,-0.18376371595927665,-0.043339906592209126,-0.022142311556903493,0.03700466521751977,-0.10110592364756066
Burundi,BDI,1983,hp,-0.022054321821868506,-0.025125650038425762,-0.029244941024657578,-0.05381000011967707,0.30749099184703255
Burundi,BDI,1984,hp,0.21544255755586406,0.0228709477362425,-0.07080149429964955,-0.08407732192732276,0.028479210272992717
Burundi,BDI,1985,hp,0.15028455020934572,0.04383730449790593,-0.0011411171492259342,0.007043343777906941,-0.1847524092757986
Burundi,BDI,1986,hp,0.38226841863525785,0.041119935208006386,-0.008345189701326916,0.00776784556871668,-0.35105179708343215
Burundi,BDI,1987,hp,-0.0742779124382329,-0.013894275095364228,0.009847777615229703,-0.04046674341991263,0.3615747397308695
Burundi,BDI,1988,hp,0.1774389517207764,0.015813841701824205,0.029181284761438775,0.021105912688650363,0.0217065652188122
Burundi,BDI,1989,hp,0.0342637321176813,0.0222845012333594,0.020239627434225582,-0.0034089988218752865,0.16962303933655498
Burundi,BDI,1990,hp,-0.22673869616557063,-0.05208866671292475,0.040876603980001036,0.10316881826281055,0.14837187202505753
Burundi,BDI,1991,hp,-0.10447757978217087,-0.04606635464180964,0.0847710736502556,0.1340149206694683,0.2800439087306845
Burundi,BDI,1992,hp,-0.37990144041771945,-0.07437326559647811,0.09866120377296639,0.1208075908501538,0.0976800241338367
Burundi,BDI,1993,hp,-0.12437292156602542,-0.03476436805899913,0.04615498723819833,0.012307826224022378,0.2389906187776436
Burundi,BDI,1994,hp,0.27336363039173506,-0.040822530561988785,0.025512278857423354,0.0840027158172223,-0.17293912302035608
Burundi,BDI,1995,hp,0.2709779295024042,-0.0013379477643015725,-0.03444618009218914,-0.0268614812131851,-0.21959456659969234
Burundi,BDI,1996,hp,-0.003102011902660351,0.03658068655201542,-0.0933627979685614,-0.16842632840896243,0.06849023313421476
Burundi,BDI,1997,hp,-0.04239896576203961,0.07491308385202589,-0.08582218810356679,-0.16064727926325872,-0.1454398526253975
Burundi,BDI,1998,hp,0.09829328899064826,0.009347513617190356,-0.020066333012820792,-0.028084826904626325,0.080143886836332
Burundi,BDI,1999,hp,0.08919213936302128,0.03796064076925734,-0.01817099683258583,-0.06627395140830039,-0.02914524692707765
Burundi,BDI,2000,hp,-0.030376324877471106,0.02786087755314383,-0.024022445002053416,0.0104828096213474,-0.7453388203355704
Burundi,BDI,2001,hp,-0.16662603880528515,0.02898689387956986,-0.010579517306220865,-0.001174617789182264,-0.2733388103520511
Burundi,BDI,2002,hp,-0.14844883787813945,0.025682255318731362,0.017482727582237345,0.060231042014306624,-0.44983960837476467
Burundi,BDI,2003,hp,-0.12596330259121746,0.02995299610641436,-0.017386890555629364,-0.022741670096589672,0.07788807370300965
Burundi,BDI,2004,hp,-0.1147434817040276,0.021892620264096052,0.0018173264639305131,-0.013974363786971367,0.23131176725207503
Burundi,BDI,2005,hp,0.03952339408353733,0.023322576605428386,-0.021126049019022375,0.023930475488223024,-0.1251971003893697
Burundi,BDI,2006,hp,0.05823745320625484,-0.03472501021869315,-0.004002717722420002,0.0582793802612418,0.23845398251095418
Burundi,BDI,2007,hp,0.0009087204022506512,-0.09473146789214021,0.0047541316905928,0.022150276390117796,0.35260961009521097
Burundi,BDI,2008,hp,0.014637700894081007,-0.07539734502869566,0.015093330221516155,0.014410218730029456,0.251364488770097
Burundi,BDI,2009,hp,-0.021626718822325586,0.016869416870273823,0.011186180287353409,-0.026773320158337555,0.12019726339676495
Burundi,BDI,2010,hp,0.060111814277031606,0.003753260468967845,0.01243151134745446,-0.03273822712050034,-0.053760121461916555
Burundi,BDI,2011,hp,0.11253124138155801,0.03651325795268262,0.02030669071638691,0.0228260318615785,-0.15518652455279458
Burundi,BDI,1980,hamilton,,-0.04511323587266057,-0.015552323970121407,0.09824796858090146,0.011580505239871641
Burundi,BDI,1981,hamilton,,-0.03432693410686291,0.0767184296513932,0.1360375293776137,0.26680128179170737
Burundi,BDI,1982,hamilton,,-0.018713605960199192,0.04885355900660926,0.07934630511210194,0.1424330208322786
Burundi,BDI,1983,hamilton,0.27104644321488713,-0.00918115838935396,-0.013973924142597127,-0.0292842682269292,0.3506800838114881
Burundi,BDI,1984,hamilton,0.466495155176065,0.05880150247462369,-0.012341410712986445,-0.05604114102013291,0.29563129744637173
Burundi,BDI,1985,hamilton,0.2739919222915974,0.06699443221486828,0.06382477397237452,0.09685919693647449,-0.31509606749180463
Burundi,BDI,1986,hamilton,0.3167476751558622,0.022724188897326775,0.08862693398570087,0.12709078098264293,-0.24754821126653148
Burundi,BDI,1987,hamilton,-0.1373751697479877,-0.05310189774603068,0.04915965330761374,0.020312667827157682,0.5975045179488436
Burundi,BDI,1988,hamilton,-0.06834084415563435,-0.021558527812307396,0.0683528409572407,0.06738242495105595,0.34612817517656325
Burundi,BDI,1989,hamilton,0.05164623203659424,0.033726011775034814,0.03692877591129928,0.06651431326335455,-0.17673418583117062
Burundi,BDI,1990,hamilton,-0.38256389244688904,-0.05890185205436688,0.03152392029451612,0.1263334374523879,0.08478256833204689
Burundi,BDI,1991,hamilton,-0.193512588361199,-0.05572048517270631,0.06939987409301196,0.1516465041800501,0.013143360207667598
Burundi,BDI,1992,hamilton,-0.3014789971695828,-0.015466496675068858,0.052319081894674824,0.052937314937683055,-0.19660650466203933
Burundi,BDI,1993,hamilton,-0.12245613876651618,0.030531631144977867,-0.05025504562714467,-0.105985758309183,-0.2191625682747489
Burundi,BDI,1994,hamilton,0.447088889543644,0.05361956344155222,-0.09624867814020632,-0.046463970763985785,-0.5063304872577863
Burundi,BDI,1995,hamilton,0.27725359743113476,0.06510616898014007,-0.12630133049407988,-0.0992313084824179,-0.7114263081310792
Burundi,BDI,1996,hamilton,-0.28319449863764046,0.10622613876882182,-0.17621868954178588,-0.2857258395526401,-0.07078764521849834
Burundi,BDI,1997,hamilton,-0.3489400048408591,0.10891670844308661,-0.12460548137143057,-0.21572366614231697,-0.26590190791305623
Burundi,BDI,1998,hamilton,-0.035336277211094114,0.0027065272526365647,-0.011926490202256446,0.023134915874171824,-0.27235611790023384
Burundi,BDI,1999,hamilton,-0.01227358098497966,-0.01179870345452079,-0.013349554804472419,-0.0006731332757308195,-0.1474714725139723
Burundi,BDI,2000,hamilton,-0.22353701003697335,0.021521291677994533,-0.0674007932328049,-0.0056275615767091836,-1.022582036955491
Burundi,BDI,2001,hamilton,-0.3526682266049441,-0.007601829262246132,-0.0511325515796095,-0.0003671253775294758,-0.37820639985929816
Burundi,BDI,2002,hamilton,-0.23994263335846977,-0.015190392201091266,-0.013242401312508534,0.01937243248139353,0.1282411452214962
Burundi,BDI,2003,hamilton,-0.10009559748167174,-0.021845125083989336,-0.05321759205000198,-0.060453224532754035,0.28237229093410043
Burundi,BDI,2004,hamilton,-0.06799683529496559,-0.03705342594860342,-0.05049342886110786,-0.08809955430632677,0.6858690165785557
Burundi,BDI,2005,hamilton,0.10064463233970589,-0.04747693170839584,-0.04024801196836414,-0.00040632259947592786,-0.07588155251730555
Burundi,BDI,2006,hamilton,0.14105751506576425,-0.10544254557074631,-0.03228746650587411,0.03741117584592857,0.23792543827092238
Burundi,BDI,2007,hamilton,0.010030326657018307,-0.16999703799486848,-7.159881901053211e-05,-0.024995990835460447,0.7070164270685186
Burundi,BDI,2008,hamilton,0.03291313539653995,-0.1028920735195602,0.0017023340208250914,-0.060321375368408425,0.3006861881592293
Burundi,BDI,2009,hamilton,0.06046641999749536,0.04430511840930079,-0.00514636585256234,-0.08256227224654111,0.11709155443525532
Burundi,BDI,2010,hamilton,0.1606368103040845,0.018808664130165298,-0.008758230250919041,-0.08042833837451013,0.05929565146881721
Burundi,BDI,2011,hamilton,0.2596935404890326,-0.028909128031261166,0.0049086647944101,0.0026251797541334554,0.08863127054429043
Cameroon,CMR,1980,quadratic,-0.11815114988886766,0.004957686358829902,0.04632069558437735,0.044485204535440914,0.10917930040569246
Cameroon,CMR,1981,quadratic,-0.21765898394534666,-0.08139161782447743,0.16402382521994063,0.1899236054779312,0.4736692180570454
Cameroon,CMR,1982,quadratic,0.28409136535012003,0.04591353460194912,0.19780720061029378,0.09582000907522037,0.40474502589693095
Cameroon,CMR,1983,quadratic,0.03942355137737241,0.0060980568148372265,0.2265527335762112,0.14584943476272016,0.47103747772763427
Cameroon,CMR,1984,quadratic,-0.03503894926318463,0.023197435028912815,0.26159581139600974,0.15721823673757918,0.4973973434159902
Cameroon,CMR,1985,quadratic,-0.062354261884133066,0.015275175802329698,0.3025035398519975,0.23333638005210666,0.49091005556011424
Cameroon,CMR,1986,quadratic,0.22605197952773537,-0.002912610442105396,0.33179567339010063,0.23574908855022692,0.541025561867805
Cameroon,CMR,1987,quadratic,0.1048961848315928,-0.06200604110469403,0.27447541074874415,0.2466992497760394,0.44885779635870904
Cameroon,CMR,1988,quadratic,0.05240380750933937,-0.01093285157172975,0.15822630102542945,0.14754557472223517,0.16461166756229773
Cameroon,CMR,1989,quadratic,-0.18837311102154253,0.019880669684060825,0.10620537673436381,0.10737896458686258,-0.0873728396672444
Cameroon,CMR,1990,quadratic,0.01184863971874428,0.016087255682577486,0.010866634995851499,-0.02789357604704712,-0.1392383162194939
Cameroon,CMR,1991,quadratic,0.24115474191713737,0.03709687917564075,-0.05897426794486016,-0.12763272654799707,-0.27109747881421775
Cameroon,CMR,1992,quadratic,-0.2302361155660142,0.007175171610714497,-0.12016120648937267,-0.10217788309210007,-0.4796996275480332
Cameroon,CMR,1993,quadratic,-0.10171289292212116,-0.0068561414177062486,-0.1809308670667722,-0.127539276297167,-0.578462659789702
Cameroon,CMR,1994,quadratic,0.021515085987896754,0.02130860380709509,-0.2328991711542603,-0.17408653397425944,-0.7053239662795079
Cameroon,CMR,1995,quadratic,0.07090889354954566,0.03445221450059224,-0.22541761097700252,-0.19006589135114638,-0.6311234614989978
Cameroon,CMR,1996,quadratic,-0.04150068943362495,0.03012267090485406,-0.19992420021134727,-0.17548880863440353,-0.5247950274901587
Cameroon,CMR,1997,quadratic,-0.0055203975563982155,0.01640042443269259,-0.17189257151585302,-0.1340983395193831,-0.4222306068086983
Cameroon,CMR,1998,quadratic,-0.0712299221057977,0.023919452619824363,-0.14306439561868167,-0.11512512850976897,-0.3835071404630579
Cameroon,CMR,1999,quadratic,-0.2700857810488717,0.031428444093096086,-0.11929258190277459,-0.10460469583189713,-0.35502370738457856
Cameroon,CMR,2000,quadratic,0.053380696621185386,0.033823325771036715,-0.09645884617894396,-0.12438993028258061,-0.17715174401646827
Cameroon,CMR,2001,quadratic,0.006637707145743299,-0.02030389166518322,-0.06974411537924396,-0.07622554672167325,0.06528273546377505
Cameroon,CMR,2002,quadratic,0.029444433826770755,-0.012653529843491662,-0.046975557093345444,-0.05762637073523358,0.0841629578637253
Cameroon,CMR,2003,quadratic,0.020568636573590204,0.005675727463577799,-0.02309407857039858,-0.020138715608588598,-0.02304966771757755
Cameroon,CMR,2004,quadratic,0.05936411096993588,-0.015321651081872025,-0.0014561068798251142,-0.027898054810885142,0.18964325983569097
Cameroon,CMR,2005,quadratic,0.09629762640624051,-0.014711767057517349,0.007479091414090533,0.05112407566336152,0.03002105609563266
Cameroon,CMR,2006,quadratic,0.09733221299627903,0.023440121860883536,0.026359928263778087,0.050870809530039196,-0.08188907670821699
Cameroon,CMR,2007,quadratic,0.051810640994030877,0.02572381076498646,0.047726529046915545,0.05349294600051202,0.02023988351559325
Cameroon,CMR,2008,quadratic,0.028497385310800816,-0.009543474506330876,0.06198116262310904,0.05783837583385143,0.21926352157859696
Cameroon,CMR,2009,quadratic,-0.06847050111057662,-0.037040537732713194,0.07143600701432717,0.10101654684279282,0.19801060461603726
Cameroon,CMR,2010,quadratic,-0.03166402873529961,-0.019271457446651496,0.09107102428990466,0.09835693283318214,0.23355772854542245
Cameroon,CMR,2011,quadratic,-0.0536309161322599,-0.028096694940172726,0.12390146369753197,0.07749450953134662,0.5104622941062456
Cameroon,CMR,1980,hp,-0.05943853420845535,0.027281867583846316,-0.06442143144051649,-0.03626674639373917,-0.2574464238182461
Cameroon,CMR,1981,hp,-0.1864799568871076,-0.06228385558083347,0.02064053334347804,0.08564317310528047,0.0796644937594575
Cameroon,CMR,1982,hp,0.2911632260546959,0.06105913242529513,0.027576848934909748,-0.027550556506117374,-0.0017434915157945596
Cameroon,CMR,1983,hp,0.028273852907741315,0.01742944885280071,0.0373420917351428,0.00883429007130232,0.06889489838428808
Cameroon,CMR,1984,hp,-0.058977047077163114,0.031145692665997135,0.06306854511372251,0.013286778463552196,0.11838239246769788
Cameroon,CMR,1985,hp,-0.09438278509127063,0.020380188684098178,0.10574679002683673,0.09041124225109698,0.15506743348986873
Cameroon,CMR,1986,hp,0.1904855894707227,-0.0003135913356894426,0.14868937064314913,0.10281440602137515,0.26847915539123157
Cameroon,CMR,1987,hp,0.0711428989109919,-0.06198220534610832,0.11663480752355682,0.1328965456394986,0.2582600040891716
Cameroon,CMR,1988,hp,0.024708153259735965,-0.013956693372536088,0.035515077881603574,0.061145616358951216,0.07045860845699714
Cameroon,CMR,1989,hp,-0.20758447850636852,0.013553173526677623,0.025569294272290932,0.05445279818218296,-0.07732392634816954
Cameroon,CMR,1990,hp,0.0014832601190670758,0.006556212719534903,-0.02402161692208793,-0.0440860816669808,-0.024673656997533655
Cameroon,CMR,1991,hp,0.24000794213463728,0.02468294957069182,-0.04797076313702675,-0.10718740789805281,-0.058373526729015524
Cameroon,CMR,1992,hp,-0.2217956853888463,-0.00764599398674751,-0.06641056628564712,-0.04810542121149908,-0.1815963255874138
Cameroon,CMR,1993,hp,-0.08572060385368285,-0.02370073136835476,-0.09038655267717921,-0.04469332267047932,-0.21359970562237152
Cameroon,CMR,1994,hp,0.04283779852221503,0.0028090220723873717,-0.11365937800611903,-0.0686826563193037,-0.2963448489991851
Cameroon,CMR,1995,hp,0.09601173580589162,0.014887701794436988,-0.08682140318815357,-0.06923464039227412,-0.20255946456818208
Cameroon,CMR,1996,hp,-0.013925247502786675,0.010276826062623288,-0.05141491681010102,-0.046588891539309785,-0.10010178025014405
Cameroon,CMR,1997,hp,0.022502760339657257,-0.0028984927054255434,-0.022149612409107178,-0.004024273495184971,-0.02176248983388618
Cameroon,CMR,1998,hp,-0.04536203314051246,0.00593761577019683,0.0005109275761814303,0.010158648112396307,-0.02351626775845972
Cameroon,CMR,1999,hp,-0.24977927470045458,0.015504717787581185,0.01221337817642798,0.010894674668021409,-0.04744230148747697
Cameroon,CMR,2000,hp,0.064370198207933,0.020610241778798638,0.01857049871865435,-0.022800347495318007,0.0706430266811715
Cameroon,CMR,2001,hp,0.006702866114317807,-0.030397347239314008,0.025773703626887468,0.008088655145630952,0.2509431797301662
Cameroon,CMR,2002,hp,0.018482494626892887,-0.019668018976806423,0.027182461680341774,0.007034648862871862,0.2096644313604461
Cameroon,CMR,2003,hp,-8.560269993829195e-05,0.0015538681840592933,0.02878476496247906,0.023398225677668805,0.046081805767098416
Cameroon,CMR,2004,hp,0.03160509841637449,-0.016686211514574584,0.027881261119704348,-0.0061195290611557596,0.20591067484840053
Cameroon,CMR,2005,hp,0.06527495209207324,-0.01341889275218539,0.014381910653947116,0.05111242521306991,-0.0038134930987716587
Cameroon,CMR,2006,hp,0.06782452218257617,0.027492895808813287,0.011025539972651544,0.029700994068036835,-0.16586644986858268
Cameroon,CMR,2007,hp,0.028881363162589047,0.032975467200943756,0.01029886980197503,0.011949624314780749,-0.11668599246229583
Cameroon,CMR,2008,hp,0.016816488942316354,0.001407636245862074,0.002440508950279252,-0.0034381556286326997,0.025477309337595955
Cameroon,CMR,2009,hp,-0.064915322168134,-0.02215756652530749,-0.010504013309731164,0.02038324346637488,-0.05648707200307079
Cameroon,CMR,2010,hp,-0.009735520156114674,-0.0005064616967456331,-0.01384578874749387,-0.0014861816222140334,-0.08569660832956671
Cameroon,CMR,2011,hp,-0.010393109890988406,-0.0055601769469159415,-0.0047555818209925604,-0.041844764630601716,0.12277690405485409
Cameroon,CMR,1980,hamilton,,0.02784040912903653,-0.09072759417408882,0.03492883352684828,-0.31194457609589676
Cameroon,CMR,1981,hamilton,,-0.045171347719747484,0.07461058100286877,0.09723310817460451,0.14912573413427843
Cameroon,CMR,1982,hamilton,,0.05689666850942463,0.19514701861840678,0.06781638932668876,0.3919894897971652
Cameroon,CMR,1983,hamilton,0.08075681943394741,0.04026019032189233,0.04479711126536223,-0.0038132949680900197,0.1257437426076411
Cameroon,CMR,1984,hamilton,-0.12164595245007259,0.022007494420635723,0.08753273973204756,0.08975463413310258,0.23925839630157242
Cameroon,CMR,1985,hamilton,-0.31956846911239634,0.018984860311772912,0.1059373131462813,0.12260557787235093,0.17200439355939778
Cameroon,CMR,1986,hamilton,0.13199477552503858,-0.0017395426604759822,0.10225047294589551,0.11714973260367323,0.20482820769828436
Cameroon,CMR,1987,hamilton,0.06639141961641837,-0.05912065320632395,0.006982189785370352,0.06544839668343272,0.11881972031745214
Cameroon,CMR,1988,hamilton,-0.0722574866766088,-0.0013669169166366866,-0.12971065378860303,-0.033791061447846715,-0.2095501357641858
Cameroon,CMR,1989,hamilton,-0.41493798603289367,0.05015125078211011,-0.09506819455656945,-0.08303369848630737,-0.3835065860308031
Cameroon,CMR,1990,hamilton,-0.12419724388283271,0.03357684893974269,-0.06524723772209384,-0.13596993548553193,-0.20988177786625428
Cameroon,CMR,1991,hamilton,0.2291687920189407,0.040875785310563725,-0.11902049020499739,-0.20509128629893425,-0.159166770404072
Cameroon,CMR,1992,hamilton,-0.18120168850491325,0.009878463001170394,-0.08007166869005644,-0.06883707256976912,-0.3494408095756931
Cameroon,CMR,1993,hamilton,-0.2364290318634792,-0.01112083507895378,-0.09277481771966123,-0.015299728909775823,-0.34788304648144575
Cameroon,CMR,1994,hamilton,-0.05259075641713018,0.025010030690060903,-0.09688490309959263,-0.08609511688352534,-0.317742160875909
Cameroon,CMR,1995,hamilton,0.20772751207086415,0.0442613363944335,-0.03842385524653302,-0.08129433984115764,-0.18458910008530438
Cameroon,CMR,1996,hamilton,-0.010217091684867619,0.03100930293660239,0.02670719652186726,-0.029718531414021143,0.012287674355503597
Cameroon,CMR,1997,hamilton,-0.049332546173666,0.010330126861186496,0.02102945509323817,0.022665046901105157,0.0354989063144302
Cameroon,CMR,1998,hamilton,-0.09070464084391183,0.017547403203563145,0.018620993751545356,0.02787837690995687,-0.016201261421942448
Cameroon,CMR,1999,hamilton,-0.23395032780358083,0.028923861197380406,0.015610532420131662,0.0029909729449943967,-0.0730330202803664
Cameroon,CMR,2000,hamilton,0.10423918273544253,0.02875109310062539,0.011623303723640177,-0.03309726540124558,0.07164077666805291
Cameroon,CMR,2001,hamilton,0.17583611541744038,-0.02948294757761065,0.018306485866110833,0.005101230483784747,0.28361846010952974
Cameroon,CMR,2002,hamilton,0.19452979194210762,-0.024360304347291688,0.01994019422352089,0.03853663973855426,0.1465067955497421
Cameroon,CMR,2003,hamilton,0.04146303327861833,0.01024174014222212,0.017132629137568856,0.033623258223265395,-0.1588826294132435
Cameroon,CMR,2004,hamilton,0.10725611412590741,-0.011024332412692945,0.018777393913895324,0.009485879363158034,0.04593946641470126
Cameroon,CMR,2005,hamilton,0.14625307992301728,-0.01848318969942108,0.004441442423059883,0.05561255690882483,-0.035465658978584
Cameroon,CMR,2006,hamilton,0.14880367377902992,0.023683731007610308,0.003331860229280892,0.060318306630847474,-0.3456937406394065
Cameroon,CMR,2007,hamilton,0.08044137250561612,0.025459548063503614,0.020084266653535465,-0.005319968518046281,-0.10738985051865058
Cameroon,CMR,2008,hamilton,0.048851817261482466,-0.024206227623936972,0.011175174965906365,-0.0015190792111550167,0.15750907488899557
Cameroon,CMR,2009,hamilton,-0.019798720064859054,-0.05697711001999468,-0.0015305700767704877,0.03668786411854441,0.027569186389682088
Cameroon,CMR,2010,hamilton,0.062110448587451295,-0.02982065133692903,0.006135248422545203,0.027559398928957535,-0.10939519609583392
Cameroon,CMR,2011,hamilton,0.10100799328996413,-0.02935991201534954,0.03000284384810392,-0.03208388911324889,0.18519092900198686
Central African Republic,CAF,1980,quadratic,-0.1482505907216094,-0.05702783003314865,0.02173599875794885,0.1734581809083675,-0.5168428968947705
Central African Republic,CAF,1981,quadratic,-0.15548316167513487,0.00857624836670512,-0.012743560364681272,0.04664001448513666,-0.30807090138199733
Central African Republic,CAF,1982,quadratic,-0.06027745099989268,-0.022382731568012404,0.04153144033635492,0.13548288378577134,-0.5032001349264714
Central African Republic,CAF,1983,quadratic,-0.06918842966743455,-0.01475454000657192,-0.06315564755928449,-0.040909986206949966,-0.015063394042719835
Central African Republic,CAF,1984,quadratic,-0.0043419666050201755,-0.020790956544252823,0.00913679178434279,0.04753853757479476,0.11460747172102259
Central African Republic,CAF,1985,quadratic,-0.016230298525385045,-0.02295521904334935,0.03190016863192291,0.01602215104651883,0.3771598215215679
Central African Republic,CAF,1986,quadratic,-0.07761658025968288,-0.04839471274634233,0.05418137935357237,0.08321741316532538,0.23103509512843523
Central African Republic,CAF,1987,quadratic,-0.0049539043175999,-0.02875448080567418,-0.00701261189148461,-0.013301366256255776,0.16115030583532075
Central African Republic,CAF,1988,quadratic,0.1632654344695199,-0.005889429774335625,0.0006243413083026894,0.002953480013271559,-0.007938633715903975
Central African Republic,CAF,1989,quadratic,0.2631308191802022,0.004147216618529237,0.01063605307476223,-0.012802597430015439,0.11823561644836467
Central African Republic,CAF,1990,quadratic,0.08321427323550523,-0.029464276697267325,-0.02181523510614447,-0.009626751642906939,0.1621924531743062
Central African Republic,CAF,1991,quadratic,0.24862036270001742,0.0011207296136411804,-0.03942555686842297,-0.08563999340116268,0.16052373260977681
Central African Republic,CAF,1992,quadratic,0.3342275723158137,-0.01716773693524036,-0.11868649345341531,-0.13847723783572619,0.06805250897204829
Central African Republic,CAF,1993,quadratic,0.3535980657566036,0.020643964885723676,-0.12835413417467834,-0.15670292166924504,-0.11512619993824558
Central African Republic,CAF,1994,quadratic,0.08515859538362847,0.04124012940639876,-0.09282512577357771,-0.2077381821945341,0.0642947163976828
Central African Republic,CAF,1995,quadratic,0.09675310681553473,0.02202043905139267,-0.034315496501573506,-0.12534360395102873,0.2682914206354958
Central African Republic,CAF,1996,quadratic,0.0007155462630290543,0.05765038288685262,-0.08486812864354398,-0.04540063004710859,-0.9246442325288395
Central African Republic,CAF,1997,quadratic,-0.0556506497999214,0.039251379264000325,-0.04182672926641473,-0.06347935203563182,-0.059029798722034954
Central African Republic,CAF,1998,quadratic,-0.1964487271933777,0.008384794440262536,-0.0031824076973006044,-0.04655748657287084,0.30099148650471186
Central African Republic,CAF,1999,quadratic,-0.2863377192393868,0.05477546180359458,0.02640751154003418,-0.08876749171689013,0.38884737686487014
Central African Republic,CAF,2000,quadratic,-0.30007702238658585,0.0436906794589861,-0.0031191134230414974,-0.09976015874721611,-0.0113786182097666
Central African Republic,CAF,2001,quadratic,-0.2720340305510529,0.041976275930166125,0.00028890845853979386,-0.054453107947379564,-0.15397295210529371
Central African Republic,CAF,2002,quadratic,-0.2456745249620571,0.03957501696949455,-0.006881201540361204,-0.07827882647566575,-0.08372852128103325
Central African Republic,CAF,2003,quadratic,-0.1297699308961615,0.04570059268667263,-0.08081451221281633,-0.08091640526310151,-0.5625833879947884
Central African Republic,CAF,2004,quadratic,-0.05315612868573627,0.026038892540969562,-0.07099280553313214,-0.03129514022429092,-0.49465983313413986
Central African Republic,CAF,2005,quadratic,-0.07353712984475091,0.009445401634616851,-0.047742000505193616,-0.02675299915627427,-0.12280625255231037
Central African Republic,CAF,2006,quadratic,-0.029365574350477708,0.009468435359387864,-0.01137789208992146,0.021028558153666665,-0.062097786787123965
Central African Republic,CAF,2007,quadratic,0.03868950377375757,-0.010769354084687613,0.023670638071280337,0.07235164004216799,0.01026522769988425
Central African Republic,CAF,2008,quadratic,0.006075069806439792,-0.045325639625438535,0.04190775465869301,0.09391885867305483,0.1880832319913548
Central African Republic,CAF,2009,quadratic,0.09770403882246992,-0.04325931752547342,0.057060869822418425,0.09505793219820369,0.21901408420960067
Central African Republic,CAF,2010,quadratic,0.1898214082114249,-0.06882288035991967,0.08489396620509204,0.12402380803171198,0.3080849532459151
Central African Republic,CAF,2011,quadratic,0.21742002394725723,-0.04504203005678871,0.1156122077693933,0.15061768896824645,0.1747830802927819
Central African Republic,CAF,1980,hp,-0.008098902338717018,-0.034818448599596596,-0.030614108603822743,0.054641798924595975,-0.4222553863224707
Central African Republic,CAF,1981,hp,-0.04518863534210915,0.031732758485812154,-0.056168741780529885,-0.06102463504362454,-0.2157789426421619
Central African Republic,CAF,1982,hp,0.018666912500729715,0.001366876630303382,0.007133505101290183,0.04224983293589091,-0.42812057779050505
Central African Republic,CAF,1983,hp,-0.022554354404948462,0.00917109475018453,-0.08877132284370148,-0.11741461986351531,0.030523424723419623
Central African Republic,CAF,1984,hp,0.009367901265389555,0.002816923569451374,-0.008360251295583154,-0.011346406412824805,0.12533893413473507
Central African Republic,CAF,1985,hp,-0.03548680740514154,-0.0003272954024169522,0.02232720172275826,-0.024583230636693543,0.35428579413636285
Central African Republic,CAF,1986,hp,-0.1294035644645044,-0.027605537271822397,0.052890606806808904,0.061433530645929935,0.1811645396925936
Central African Republic,CAF,1987,hp,-0.08800252356514981,-0.010856162101104322,0.0006663303239466956,-0.015593916222098159,0.09270842135052426
Central African Republic,CAF,1988,hp,0.052350994963462405,0.00814866201956771,0.017761014825804722,0.020335657214596736,-0.08652205639148924
Central African Republic,CAF,1989,hp,0.13075337393739073,0.013547011444881962,0.037512307271041934,0.024107201938173617,0.037017954083131244
Central African Republic,CAF,1990,hp,-0.06173987343440768,-0.025371035431712624,0.014698671834212362,0.04612970870577371,0.08579057782744748
Central African Republic,CAF,1991,hp,0.10115177496117767,-0.000786495925661837,0.005865174497175829,-0.012492761463803959,0.0959602196553675
Central African Republic,CAF,1992,hp,0.19610015864908714,-0.025541288819955862,-0.06638565308387356,-0.05063134899399735,0.021064576671950164
Central African Republic,CAF,1993,hp,0.23744927833628449,0.005574145777802478,-0.0717744390699302,-0.057961788285313176,-0.1410462926309375
Central African Republic,CAF,1994,hp,0.00244672183077288,0.019735433748439765,-0.03499851251896402,-0.10251020081848417,0.06047911718999721
Central African Republic,CAF,1995,hp,0.05538277741459918,-0.0052221523902530875,0.02214316039165176,-0.018062537438019888,0.2865718266412305
Central African Republic,CAF,1996,hp,0.005013266743556066,0.025605112183569888,-0.03162525542368044,0.060499494450800384,-0.8859262429023627
Central African Republic,CAF,1997,hp,-0.005490326037441484,0.0036291031007317093,0.006898148563470485,0.038786164372604404,-0.006048298654997453
Central African Republic,CAF,1998,hp,-0.10441333174494183,-0.02955440722357528,0.04058413117559212,0.05039512180409034,0.36640603467364663
Central African Republic,CAF,1999,hp,-0.16054196543710653,0.01577752972536251,0.06556825455287907,0.0013814131764462445,0.4692686046251051
Central African Republic,CAF,2000,hp,-0.15171867198123845,0.0051858712515287855,0.032175422178896795,-0.018222199518648452,0.08736295411249628
Central African Republic,CAF,2001,hp,-0.11378847405770998,0.005652329780392956,0.03218818790539757,0.016336402574713915,-0.037550022815194595
Central African Republic,CAF,2002,hp,-0.09017759494027189,0.00720369625354008,0.02150338159212417,-0.02052330656712975,0.044910495276660356
Central African Republic,CAF,2003,hp,0.01151998279061317,0.01908116267209258,-0.05697633884817499,-0.03879182076632404,-0.43164433574763805
Central African Republic,CAF,2004,hp,0.06454759744807959,0.006926083424205427,-0.053860062499882844,-0.007504605762909122,-0.37623668360632223
Central African Republic,CAF,2005,hp,0.013165256335747166,-0.000641403085725134,-0.040031252088475355,-0.023717880971691585,-0.03229838762579007
Central African Republic,CAF,2006,hp,0.02023886231946115,0.009622411001996983,-0.015824645671468573,0.0012436882599136112,-0.011725664980973605
Central African Republic,CAF,2007,hp,0.04628627165564847,0.000541984386181471,0.0047122445340352925,0.028276183518123332,0.0117830551057434
Central African Republic,CAF,2008,hp,-0.03226104872064184,-0.022334773472240624,0.0066231990893257375,0.02466375333375126,0.13564737760596657
Central African Republic,CAF,2009,hp,0.01003145520549431,-0.008466596290979664,0.004128123580187548,3.289039047515985e-05,0.11102649397991549
Central African Republic,CAF,2010,hp,0.05025303025083794,-0.022282466365542514,0.013417262094032267,0.0026906791008585174,0.14509243268072503
Central African Republic,CAF,2011,hp,0.02414045726449654,0.013100090618589771,0.025080758802511482,0.002490130354125597,-0.04163297047707637
Central African Republic,CAF,1980,hamilton,,-0.055320303728166306,-0.09584930164302286,0.011492876656294726,-0.5165296855364581
Central African Republic,CAF,1981,hamilton,,0.02012695647414721,-0.09289765453552334,-0.09451413923411955,-0.24589715804617818
Central African Republic,CAF,1982,hamilton,,0.001327713125842428,0.020525120025748578,-0.007376585397738111,-0.23383227454295863
Central African Republic,CAF,1983,hamilton,0.12106412634641384,0.0017813219824091286,-0.05135838492395273,-0.08089766451744929,0.2408306912808591
Central African Republic,CAF,1984,hamilton,0.07666065992815962,-0.016280735917617792,-0.030059649846288394,-0.06106355931622964,0.4077923757109847
Central African Republic,CAF,1985,hamilton,0.08298788449163563,-0.010593715247362634,0.08859520303278678,0.04685085550096879,0.47604837317102877
Central African Republic,CAF,1986,hamilton,-0.054617814328465464,-0.036534544918224665,0.044572515501963395,0.04799654217862148,0.13898602362498913
Central African Republic,CAF,1987,hamilton,0.03553221446988264,-0.014227250771348912,-0.040544702545251,-0.028468537327038135,-0.09620028525537094
Central African Republic,CAF,1988,hamilton,0.2656876058645068,0.01544891327359503,-0.055269383629601876,-0.06777950232127417,-0.2642377053704408
Central African Republic,CAF,1989,hamilton,0.27386077340743853,0.02893372559974179,0.01057428736975119,-0.00907313068498361,-0.07109387642738518
Central African Republic,CAF,1990,hamilton,-0.08550790176842327,-0.015356600676908388,-0.028642758013720737,-0.016549479718486637,0.06937649983549043
Central African Republic,CAF,1991,hamilton,-0.012249077350912074,0.006506574989424432,-0.05681107435582078,-0.08228697840148236,0.045360961008432454
Central African Republic,CAF,1992,hamilton,0.27964356902607257,-0.006760889675338527,-0.10691817293242245,-0.1389712505340075,-0.10331430138765185
Central African Republic,CAF,1993,hamilton,0.09003978794068335,0.034404313346816415,-0.10038379123935215,-0.0968082106163255,-0.2994357849141398
Central African Republic,CAF,1994,hamilton,-0.2553928374767276,0.05041604157973634,0.00875055302853589,-0.10282638507058373,-0.07685152280554597
Central African Republic,CAF,1995,hamilton,-0.2583535121357885,0.0283398970242065,0.07705994717385245,-0.005072951800169534,0.2377354692397038
Central African Republic,CAF,1996,hamilton,-0.061424697069961454,0.048369394024721415,-0.007614711821874565,0.11553419046180835,-0.998476626589099
Central African Republic,CAF,1997,hamilton,-0.16941372733897175,0.028542636640567207,-0.021254906858546363,0.029768814391122334,-0.2790669706777553
Central African Republic,CAF,1998,hamilton,-0.20767879329187178,-0.004428370055760952,0.06233863270881557,-0.02538726393729185,0.610744358234772
Central African Republic,CAF,1999,hamilton,-0.25248701280078745,0.0358694395014042,0.05166272738261668,-0.05891691421152423,0.5753565297287331
Central African Republic,CAF,2000,hamilton,-0.12336724801560628,0.03756686073141458,-0.016138835119035022,-0.08543977066748809,-0.21898046335208576
Central African Republic,CAF,2001,hamilton,-0.019276775226442666,0.03473420386537047,-0.042435364601383085,-0.008704982545957307,-0.49531742615226193
Central African Republic,CAF,2002,hamilton,0.005996286414513108,0.021357749733041005,-0.023739849091777288,-0.024049583931338603,-0.25178733356495364
Central African Republic,CAF,2003,hamilton,0.08466873326980373,0.031432968093946016,-0.10133138484152404,-0.06610282156865743,-0.5600005573041482
Central African Republic,CAF,2004,hamilton,0.13122259386212587,0.013087892616310721,-0.0860147645794882,-0.0017192113130928277,-0.48984771548400907
Central African Republic,CAF,2005,hamilton,-0.01782430072463459,-0.003934132847705066,0.005498411805827885,0.0033716445407652174,0.09901309000554193
Central African Republic,CAF,2006,hamilton,-0.047704826614380025,-0.0010055699884189973,0.0331693541638991,0.007609293585741028,0.2482983924916713
Central African Republic,CAF,2007,hamilton,0.04772309205615155,-0.01138677665454467,0.045039981767496684,0.0499554314193027,0.12360842731690802
Central African Republic,CAF,2008,hamilton,-0.040928812133536496,-0.0407890452354316,0.027501267593631695,0.029032526176981932,0.18008047059558585
Central African Republic,CAF,2009,hamilton,-0.02331669360370725,-0.0338953437568469,0.007803652834788011,-0.01735166133369148,0.16256853941891158
Central African Republic,CAF,2010,hamilton,0.10836540582277632,-0.04536161650407847,0.016552873474088514,-0.011639185881511693,0.14909234955120887
Central African Republic,CAF,2011,hamilton,0.02609129698000867,-0.011579822097814677,0.03144585723947557,0.009876321448064829,-0.041288385762110025
Chile,CHL,1980,quadratic,-0.09275032347281975,-0.03737718517864243,0.03365789750918147,0.07181888537004077,0.1353299753270143
Chile,CHL,1981,quadratic,-0.16375270838056544,-0.10325311618816148,0.043031947824193395,0.13792496170984947,0.21350770242252182
Chile,CHL,1982,quadratic,-0.09615645343458645,-0.013387398079144516,-0.10440225177140228,0.005485896418216285,-0.6408232761854986
Chile,CHL,1983,quadratic,0.0774244059225433,0.02486225916882626,-0.18293937417500672,-0.0958890863500006,-0.8626258562043656
Chile,CHL,1984,quadratic,0.11679523942971315,-0.008359917828576171,-0.14744735258777197,-0.06013799395332953,-0.5073472996801414
Chile,CHL,1985,quadratic,0.11435335488377874,0.02145264228137542,-0.1210583553883744,-0.11532012407108638,-0.2601748098429226
Chile,CHL,1986,quadratic,0.1299249701595384,0.025873013781147494,-0.11006458275682895,-0.12227060450330285,-0.16347827870124476
Chile,CHL,1987,quadratic,0.07817907432866456,0.02351387433566268,-0.09076657662028431,-0.12172879242712398,0.008056520231678022
Chile,CHL,1988,quadratic,0.052650358144325615,0.060861891535120186,-0.06596515789997603,-0.15957252636250452,0.047848980967581056
Chile,CHL,1989,quadratic,-0.02048453548657836,0.04048402514363868,-0.012673800588599349,-0.10355272141562999,0.20050113727571706
Chile,CHL,1990,quadratic,-0.06932753091109234,0.025460808393209015,-0.024845273452882566,-0.08373053753888549,0.17656328832961776
Chile,CHL,1991,quadratic,-0.034849357262793035,0.036439092904064996,0.0019505146063067968,-0.026026338315540798,0.07701839907411667
Chile,CHL,1992,quadratic,-0.02584874616541466,0.005709014923797821,0.06665163249530437,0.061467227129707425,0.2086126618968418
Chile,CHL,1993,quadratic,-0.08541863552297091,-0.035549407673094446,0.08227806666166337,0.0878834718283219,0.3254865269958067
Chile,CHL,1994,quadratic,0.06075840031889346,0.0021266774291441963,0.08561049860366232,0.07138971314725495,0.23993763672947566
Chile,CHL,1995,quadratic,0.2425794425092329,0.006967796212628663,0.13450295708552495,0.09577507795691353,0.3324502626537882
Chile,CHL,1996,quadratic,0.035943031258454106,-0.0401901097314815,0.15408773491494365,0.15370430001910051,0.38810560106611547
Chile,CHL,1997,quadratic,0.06712626426095625,-0.047897905271620744,0.16617647338977193,0.16945493574692883,0.4038106210931751
Chile,CHL,1998,quadratic,-0.06197741340266916,-0.06313581685416828,0.1459816298235772,0.17885326815957292,0.34467622833594724
Chile,CHL,1999,quadratic,-0.07568688173061577,-0.003135182238311166,0.08597934453864298,0.1165139751171651,0.023635934796811142
Chile,CHL,2000,quadratic,-0.0962197734471344,-0.02288294369257577,0.0770298492836794,0.1206895991682213,0.09002862507316678
Chile,CHL,2001,quadratic,-0.193067479479347,-0.029785550745597387,0.05644613694992451,0.12181791963182143,0.024028875576354025
Chile,CHL,2002,quadratic,-0.1864866753547032,-0.024321443489240403,0.02380793262942582,0.08813797956989866,-0.045970138687067674
Chile,CHL,2003,quadratic,-0.17138004210812063,-0.011563795292096356,0.007927520643502106,0.047079224241311834,-0.033290829139424716
Chile,CHL,2004,quadratic,-0.024500571990182962,0.03335963903165232,0.011241047221494327,0.008766085101223453,-0.09837434270633594
Chile,CHL,2005,quadratic,0.033522597035203994,0.023527445715174525,0.00930534912942349,-0.012503243844491863,0.0013122533612275333
Chile,CHL,2006,quadratic,0.24273879848945423,0.08085829078640772,-0.0025822476320627175,-0.08042843528227017,-0.11664582185083283
Chile,CHL,2007,quadratic,0.2079997912230036,0.06551120003991534,-0.015114511146609999,-0.07754533952361164,-0.13347196039668674
Chile,CHL,2008,quadratic,-0.006664654388596425,-0.035865158614948385,-0.037412122245616075,-0.0220119796414302,0.03494892156036933
Chile,CHL,2009,quadratic,-0.07677397562133592,0.009511522855619362,-0.10686279964330758,-0.10662397119283895,-0.29428244737703046
Chile,CHL,2010,quadratic,0.036244585182582334,-0.006567398304238692,-0.10750003228185712,-0.12483121357069038,-0.15138521375269143
Chile,CHL,2011,quadratic,-0.014894554986662811,-0.03547571555426947,-0.10992748395418062,-0.0905469454284713,-0.11776627631132364
Chile,CHL,1980,hp,0.030091265529689437,-0.023514956378749667,0.10605198394179105,0.11683915444488768,0.31742419150659273
Chile,CHL,1981,hp,-0.08889375032731817,-0.09129665229892153,0.12216130159589689,0.18570262220947598,0.41832371413929614
Chile,CHL,1982,hp,-0.0627576155973335,-0.005364314827875263,-0.019028580857675337,0.0589417570878954,-0.41773836201970305
Chile,CHL,1983,hp,0.07647365912503812,0.027701967272138694,-0.0936101547808299,-0.035167434020429766,-0.6351548025680636
Chile,CHL,1984,hp,0.08982104458263063,-0.011122315017596186,-0.058058886030663004,0.007514406699655751,-0.294625355821994
Chile,CHL,1985,hp,0.07013271298499468,0.013223654348536422,-0.03617837409397495,-0.0426429789172893,-0.08023816325605715
Chile,CHL,1986,hp,0.07678753617379197,0.012978417496068052,-0.03435166139861323,-0.048120823224406806,-0.030317801565042046
Chile,CHL,1987,hp,0.0233058300577067,0.007287883389501027,-0.028608348378618587,-0.050878158162777964,0.0852976526841509
Chile,CHL,1988,hp,0.0013057368651816503,0.0430421667436536,-0.02113479784812,-0.09753128878404915,0.06517846846521458
Chile,CHL,1989,hp,-0.06518570732218532,0.023138795613368426,0.011956057791067565,-0.0560608151444697,0.15822457798251754
Chile,CHL,1990,hp,-0.106433091045389,0.010558449853923822,-0.02217666065841506,-0.055782269258646267,0.0786323941600422
Chile,CHL,1991,hp,-0.06491795055874405,0.025616739752707354,-0.01811053310597721,-0.021309778620631548,-0.07055125008674068
Chile,CHL,1992,hp,-0.049885493696266714,0.0001669757259247645,0.02430660495276271,0.0411280664266922,0.018697381658837386
Chile,CHL,1993,hp,-0.1042259550666671,-0.03530381758083839,0.0194899408944611,0.0427417354828048,0.10250179612470234
Chile,CHL,1994,hp,0.047079649216677844,0.00797254916200208,0.005372291096973569,0.0033644218184036845,-0.005044281617369251
Chile,CHL,1995,hp,0.23567221808575667,0.017884977126197705,0.04076491979514785,0.008023710852803845,0.07731448474062752
Chile,CHL,1996,hp,0.03872331304174281,-0.0251519423990754,0.05170363235631825,0.05058915067853498,0.13548079906429322
Chile,CHL,1997,hp,0.08142633088894602,-0.030289274355497088,0.06049593344003057,0.05646287493090263,0.16640999320116912
Chile,CHL,1998,hp,-0.03579621731254523,-0.04485592583870124,0.04233310739797247,0.06208985234448683,0.13390652748241294
Chile,CHL,1999,hp,-0.039548408890322406,0.013870977486425415,-0.010934837743842962,0.002138817745510835,-0.15206663129143294
Chile,CHL,2000,hp,-0.05397511172490521,-0.008692735295956159,-0.009497133606974018,0.014295472125134268,-0.04648020899963612
Chile,CHL,2001,hp,-0.1500994678107821,-0.01968945213665819,-0.016980902293003197,0.028409365067634695,-0.07194857339459837
Chile,CHL,2002,hp,-0.14917015262552358,-0.019246624196762437,-0.0346515623666388,0.011988355178878862,-0.10240269154351189
Chile,CHL,2003,hp,-0.14558085247605312,-0.0118895413927112,-0.034372164140378914,-0.0085533903890056,-0.05276963120850908
Chile,CHL,2004,hp,-0.014083863358710147,0.027994391155429968,-0.014035380395030828,-0.024226601839366424,-0.08407116873957321
Chile,CHL,2005,hp,0.028148181541606476,0.014343004788874,0.0019305282666994827,-0.021782712920945357,0.046172695500050764
Chile,CHL,2006,hp,0.2247619591589025,0.06965426673204814,0.00897814428067889,-0.06572875805639988,-0.043665040828612334
Chile,CHL,2007,hp,0.18392508994079027,0.0545230739281168,0.01655065071582129,-0.03919012216423923,-0.03448171815960066
Chile,CHL,2008,hp,-0.029264413731588057,-0.04466257723228525,0.015573536450492753,0.039742924656181344,0.15860044937222106
Chile,CHL,2009,hp,-0.09109699802804361,0.004073719026644176,-0.031460254026933754,-0.02126557895704373,-0.14621029042050004
Chile,CHL,2010,hp,0.03652172995271119,-0.007835956536629982,-0.008859281820541298,-0.015603307448127879,0.020388430634726618
Chile,CHL,2011,hp,0.0067387924246284925,-0.032165411057798896,0.012812319655107984,0.04309138126764189,0.07797333141368057
Chile,CHL,1980,hamilton,,-0.03702558565667578,0.08004900322131014,0.1347800291632968,0.11931032126496
Chile,CHL,1981,hamilton,,-0.09925499463440406,0.037945933487636196,0.15244298290713587,0.10302929692983298
Chile,CHL,1982,hamilton,,-0.004559901167661404,-0.1504144456008465,-0.0755968286230253,-0.7807032492523849
Chile,CHL,1983,hamilton,0.17713670898334488,0.058602640719367084,-0.22900175861187755,-0.24017151793495195,-1.0551638063730433
Chile,CHL,1984,hamilton,0.11179410384978006,0.014514767597413446,-0.004136929058187633,-0.05705693357713848,-0.21360266142532325
Chile,CHL,1985,hamilton,-0.06747959479637,0.011026890274698152,0.08685083857463916,-0.010222104144943955,0.45009548021647916
Chile,CHL,1986,hamilton,-0.05021530967803933,0.017028379744935585,0.03540790244791303,-0.05986565126011634,0.4136315149587251
Chile,CHL,1987,hamilton,-0.09348117558748736,0.014434127142597645,0.031311074214896095,0.003567559738174353,0.32714920456540497
Chile,CHL,1988,hamilton,-0.14105612885824392,0.0438821065611339,0.04989663486011864,-0.028511267533202655,0.23373932868919667
Chile,CHL,1989,hamilton,-0.15643862574437417,0.024006675132712155,0.08276525189107353,0.02820207106474726,0.2581632758850638
Chile,CHL,1990,hamilton,-0.19454881339774222,-0.0010819133086885022,0.045227493389651485,0.0902052259174404,0.15974564408816505
Chile,CHL,1991,hamilton,-0.0884607508657318,0.00792296792353768,0.012070685057198105,0.08738936908481243,-0.03800941954369108
Chile,CHL,1992,hamilton,-0.04690861786315281,-0.012150798637233576,0.10618347492044755,0.158787386098183,0.06328129490182377
Chile,CHL,1993,hamilton,-0.1555442095911035,-0.05207673242597496,0.08626271721745482,0.12638989163992598,0.25267256605757993
Chile,CHL,1994,hamilton,-0.004524535851772704,-0.0065473103294903315,0.015693925724187707,0.021541256341677695,0.12731690127470152
Chile,CHL,1995,hamilton,0.250334955972364,0.019735810606008986,0.061676915475292304,0.02468074896402328,0.11310108900112859
Chile,CHL,1996,hamilton,-0.1252598014347619,-0.027754336497875592,0.08195229644813651,0.10349987220564216,0.18707234844895027
Chile,CHL,1997,hamilton,-0.23889536762361008,-0.0450815496249406,0.03432940814083629,0.09380800675112333,0.18182627752456249
Chile,CHL,1998,hamilton,-0.07966087989725512,-0.04571472908543208,0.0023585151624452294,0.04439190285856931,0.0653501124832534
Chile,CHL,1999,hamilton,-0.1771259748010543,0.029562441247317398,-0.06708302025173829,-0.02962788445608666,-0.2771615028030485
Chile,CHL,2000,hamilton,-0.03533469648370513,0.017722832355136373,-0.04662311708088218,-0.03292591894517827,-0.17464938045148948
Chile,CHL,2001,hamilton,-0.14124885558238098,-0.0026427929536461205,0.0045346558049494945,0.03702676880808475,-0.024481911730841688
Chile,CHL,2002,hamilton,-0.10048831296407545,-0.00450804379615238,-0.030342509297675235,-0.0033291202731753344,-0.02235156073441935
Chile,CHL,2003,hamilton,0.030947654147811754,0.016668536919945857,-0.021467508547706515,-0.04375057167796115,0.014159153160759885
Chile,CHL,2004,hamilton,0.16076122269628002,0.06305519605329513,0.01895836227107317,-0.044407234687417585,0.018745773416332767
Chile,CHL,2005,hamilton,0.2247606775510862,0.04941755278072283,0.03008415931053321,-0.02226558939177181,0.14042549786408998
Chile,CHL,2006,hamilton,0.30111753736220503,0.09123421244332862,0.011108531630307894,-0.05017363723648671,0.06360293704264564
Chile,CHL,2007,hamilton,0.2705671606882918,0.06940750876759813,0.002728739290056126,-0.02533478760986263,0.015684744648439164
Chile,CHL,2008,hamilton,-0.12881647587406686,-0.0456669699143046,-0.004164088464310822,0.10306693365975761,0.2282760468444618
Chile,CHL,2009,hamilton,-0.07268784797978256,-0.008048369256660734,-0.05982343295264769,0.01276516422159979,-0.04540603547546773
Chile,CHL,2010,hamilton,0.2903594676828627,0.012696330050640095,-0.03453802600081346,-0.06310194314039386,0.010038902782211423
Chile,CHL,2011,hamilton,0.28039648594075217,-0.0035029775272125106,0.045993655780648623,0.06655866026211399,0.19094328501600266
China,CHN,1980,quadratic,0.1486452716494382,-0.0005714905065348319,-0.06492546619487971,-0.14831706986789595,0.02612198239396868
China,CHN,1981,quadratic,0.16346265119505343,0.007140090392015904,-0.09006507894091431,-0.1439974628104599,-0.07375190402089782
China,CHN,1982,quadratic,0.13105206116191237,0.023761551053020982,-0.08222375993817899,-0.17002124479444447,-0.0797650377236252
China,CHN,1983,quadratic,-0.03473177589173648,0.011998548606079592,-0.05924462539449049,-0.11837595156988012,-0.055504862077634165
China,CHN,1984,quadratic,-0.07459492511285237,0.0009674882976016751,0.0016007357654652665,-0.04284449452844985,0.007446482872632387
China,CHN,1985,quadratic,-0.12129511311117547,-0.04224693805190313,0.045579445386015216,0.04472772977287409,0.12852995561880842
China,CHN,1986,quadratic,-0.2079971705824395,-0.026639432004193893,0.04450621777008923,0.017056005060636537,0.11124028123134799
China,CHN,1987,quadratic,-0.10488329788763817,-0.001000268689809413,0.06617720747753086,0.04465525354820876,0.08093161791804793
China,CHN,1988,quadratic,-0.14620880740039777,-0.01738640595188221,0.08358830889905544,0.10253133119282332,0.10698849671801458
China,CHN,1989,quadratic,-0.02661348508646455,-0.019255073747168283,0.03338770192997842,0.06616348184080945,0.025747488535574625
China,CHN,1990,quadratic,-0.02539214137475021,0.0226103865138787,-0.02054367870495355,-0.04812335667269352,-0.07252540652362605
China,CHN,1991,quadratic,-0.0328977572386453,0.021555183949089528,-0.02423471136402533,-0.06693344845853044,-0.08971232821056851
China,CHN,1992,quadratic,-0.008444570211484148,0.002337075012170658,0.016730031060770756,-0.004009434122293598,-0.024520881619872092
China,CHN,1993,quadratic,-0.023112002094812567,-0.039099120916135155,0.055197656005256945,-0.02089160182497274,0.17423589228804115
China,CHN,1994,quadratic,-0.006664584363760717,0.0007767376330030246,0.08442936703619708,-0.013625061127905624,0.14010610059968087
China,CHN,1995,quadratic,0.0001500765012796279,0.0023370876428987775,0.09295166748613148,0.04659553573309694,0.13130655441316819
China,CHN,1996,quadratic,0.04759154741178051,0.004514839890171658,0.09220567911193278,0.08007182557243997,0.08594748851498935
China,CHN,1997,quadratic,0.09719000226783692,0.028198242325955702,0.08381919839912655,0.08318649925050536,0.005349460890865743
China,CHN,1998,quadratic,0.11244390360943957,0.022645760191789384,0.06074954052981951,0.08930631395413702,-0.048080569767105175
China,CHN,1999,quadratic,0.06425736688430561,0.002086203113064365,0.0352564254184351,0.10970920880315127,-0.09031659835931993
China,CHN,2000,quadratic,0.037526379205817584,-0.0035084169557598605,0.016446262957392932,0.13654596021154397,-0.1607402000426248
China,CHN,2001,quadratic,0.07463632570768475,-0.009661877652188622,-0.004174511579005724,0.10950542482059689,-0.15478639508476988
China,CHN,2002,quadratic,0.09298856072959527,-0.008476081585540796,-0.01837517321043869,0.07387899434359468,-0.1307533747981804
China,CHN,2003,quadratic,0.07018344655189157,-0.015311347472752094,-0.025392412200142545,0.033624873541103995,-0.05746691153430383
China,CHN,2004,quadratic,0.0353796101633721,-0.015219339344315793,-0.03271512867132209,0.0030546364037888907,-0.019423344955072253
China,CHN,2005,quadratic,-0.013346938689893229,0.010539307315284345,-0.030642988962000572,-0.03230371794791331,-0.0473208403437404
China,CHN,2006,quadratic,-0.035633147624504424,0.029457421698073152,-0.01727661689452198,-0.08071130959700845,-0.015396353808252883
China,CHN,2007,quadratic,-0.03866065208844116,0.03930983289278571,0.008169219731037458,-0.017337690341717504,-0.02031651901864251
China,CHN,2008,quadratic,-0.10234502214280017,0.023501347609861535,-0.008903453631766922,-0.045695240170605445,0.01594925413126802
China,CHN,2009,quadratic,7.988597186248114e-05,-0.014390152637917486,-0.031075955623645513,-0.07940767938737281,0.08503104488368507
China,CHN,2010,quadratic,-0.020992173095583766,-0.02356000291998335,-0.043588036231543725,-0.055790417754801425,0.07297187788391746
China,CHN,2011,quadratic,-0.0517735250140241,-0.026925344151337002,-0.06748993218210764,-0.06732669495042387,0.05551768990766348
China,CHN,1980,hp,0.03225362822615985,-0.00193745717585223,-0.010415418393605158,-0.057601465799629104,0.022777822610537513
China,CHN,1981,hp,0.08658860212441333,0.00669268968744123,-0.04176148321384687,-0.05253738761241422,-0.07988703486055648
China,CHN,1982,hp,0.09219456129342518,0.024566524184611326,-0.04294147969558271,-0.08415788636756982,-0.0904465040538982
China,CHN,1983,hp,-0.03826219401206554,0.014408484341740382,-0.03126192338026712,-0.043491771296462645,-0.07270491396612044
China,CHN,1984,hp,-0.04759809685546035,0.005108091059875366,0.016971612270728187,0.017478351591562635,-0.017556825234339435
China,CHN,1985,hp,-0.07029861982281727,-0.03662093302925447,0.04830488379884823,0.08914230883483487,0.09585334918005994
China,CHN,1986,hp,-0.14078035861763993,-0.020195339586787306,0.0356615240814282,0.0462758237392924,0.07261053114685634
China,CHN,1987,hp,-0.029774292410465364,0.005538755487651448,0.0474635574147344,0.06056283500934523,0.03870054218136865
China,CHN,1988,hp,-0.07067670879828736,-0.011329493022289439,0.0569761326850875,0.10771545685587824,0.06341347131876418
China,CHN,1989,hp,0.04302937395388362,-0.014166590001461194,0.0006420487092579918,0.06331356302877911,-0.017395557962389674
China,CHN,1990,hp,0.033912680205851586,0.026448143141810165,-0.05843290219340247,-0.05729443330181461,-0.1145761276953916
China,CHN,1991,hp,0.01305347003340529,0.024205601427497718,-0.06705916127366507,-0.0823224565420384,-0.13095200419053832
China,CHN,1992,hp,0.022231620150326314,0.0039447457800320836,-0.03101853529407883,-0.02654986325975983,-0.06502665782480932
China,CHN,1993,hp,-0.008668711698148535,-0.03855045596339476,0.003009440923365858,-0.05173043301281144,0.13590052520092044
China,CHN,1994,hp,-0.008670793641869068,4.983866469702308e-05,0.02906951404055569,-0.0538572681267766,0.1075415733109466
China,CHN,1995,hp,-0.017694281698962477,0.0003032722059038498,0.03644163607592077,-0.0035557092715929883,0.10891821368916688
China,CHN,1996,hp,0.015435049440720938,0.001327462608481142,0.03702968233181281,0.02058376461429212,0.07787018147472669
China,CHN,1997,hp,0.05333897489294781,0.024192332273139765,0.03255978647847435,0.01608728573111584,0.014358352869125568
China,CHN,1998,hp,0.0604532079189708,0.018324746264910215,0.015717304059405635,0.01725921495944238,-0.021348697034523134
China,CHN,1999,hp,0.00808572493884352,-0.0021200092900552463,-0.0018356025143546617,0.036154222255493806,-0.04750693026428188
China,CHN,2000,hp,-0.019068158040908223,-0.007426693399185572,-0.011747253894371923,0.0655272227200765,-0.10556640213432189
China,CHN,2001,hp,0.02109541575717966,-0.013354654568974007,-0.02324758932518911,0.04530966945872983,-0.09255554376707664
China,CHN,2002,hp,0.04588695389696351,-0.012167099343735489,-0.02872478580637683,0.020380278421798792,-0.06731029330830651
China,CHN,2003,hp,0.03260501772538138,-0.01925210382971203,-0.027801959687819178,-0.006168518087680042,0.0017313854948710627
China,CHN,2004,hp,0.009647563758858446,-0.019567418453265883,-0.028067189321294705,-0.021094721320787713,0.031134064517946314
China,CHN,2005,hp,-0.025996118906165044,0.005912755943547343,-0.019641299676518287,-0.039878222217955894,-0.008756823839860317
China,CHN,2006,hp,-0.03514617417350596,0.025163357379713307,-0.00016540131430886618,-0.07157708370985993,0.00855402135080574
China,CHN,2007,hp,-0.025907472589302927,0.03638219621149234,0.031801664223545245,0.008240981779794154,-0.012780208304384644
China,CHN,2008,hp,-0.07876735757106879,0.023145426843052118,0.02231950266203775,-0.003618795525952123,0.006005362362934363
China,CHN,2009,hp,0.032727616010109095,-0.011161543481212309,0.009146358989658765,-0.020544935536994657,0.057402899740210955
China,CHN,2010,hp,0.01944617774828039,-0.016157978367550244,0.007158851822040901,0.020418540332952873,0.02825746199435919
China,CHN,2011,hp,-0.004676299240361281,-0.015073331832967794,-0.004668350554783984,0.027265230110794292,-0.005457009574721283
China,CHN,1980,hamilton,,-0.0103341147743994,-0.006892033758347793,0.05883544727167145,-0.13872273413074598
China,CHN,1981,hamilton,,0.00026585014170894903,-0.02674582196993125,0.048798619280932876,-0.19242060722744192
China,CHN,1982,hamilton,,0.014862237061285142,-0.018894282841255716,-0.013564928497987516,-0.14238131027548562
China,CHN,1983,hamilton,-0.1098820804394256,-0.0006829101215190675,0.033713494739084915,0.03580720060106479,-0.018903668725862133
China,CHN,1984,hamilton,-0.11500476440070884,-0.020134935753479802,0.08428461043760826,0.14040683139021404,0.056897656115900475
China,CHN,1985,hamilton,-0.007150812970071918,-0.05756689890853172,0.10421168932843905,0.17172011160185185,0.15835309463063751
China,CHN,1986,hamilton,-0.09238916593431412,-0.035186544166895206,0.03785917982063758,0.06549810445627191,0.08374201290978966
China,CHN,1987,hamilton,0.04648481165143359,0.01375499561146966,0.017076198225607797,0.002589343514260989,-0.060238035044453575
China,CHN,1988,hamilton,0.07827728091824149,-0.007959142289012152,0.04111194458304457,0.09494314754954125,-0.020076291588871698
China,CHN,1989,hamilton,0.07603304131139588,-0.022961322418479056,-0.03272935795947873,0.02803399712566179,-0.06905405982174617
China,CHN,1990,hamilton,0.13856272145508264,0.026919071632215727,-0.1032313550580195,-0.14701323548318967,-0.1875490372078179
China,CHN,1991,hamilton,0.0025621952923744473,0.028427883696806135,-0.047684934175991955,-0.12344650315862093,-0.12635512319545938
China,CHN,1992,hamilton,0.049752988649165886,-0.011273484197474563,0.04983546057580668,0.06166027054329337,0.037829298679977974
China,CHN,1993,hamilton,0.039862162947729374,-0.053141072202657694,0.08775871756005493,0.060221891137923755,0.25999731797368497
China,CHN,1994,hamilton,0.027582770355088826,-0.0023434259618750446,0.07111499700229906,-0.001028207038098472,0.16830257655127667
China,CHN,1995,hamilton,0.05075850692899042,0.02242900288859801,0.04106326693989004,0.08057283422391315,-0.027271170993108385
China,CHN,1996,hamilton,0.0751520665843417,0.007192548285068283,0.011869851387997343,0.10564861475347076,-0.0458826614356207
China,CHN,1997,hamilton,0.11773774156766681,0.029416741939636722,-0.002575735640199639,0.04422492454615856,-0.11364512300171548
China,CHN,1998,hamilton,0.08378966615555594,0.02391264347235684,-0.023386653734792873,0.01707215676774254,-0.12089526586272559
China,CHN,1999,hamilton,-0.006998008071416706,-0.00760245504319184,-0.0389804540858254,0.03572847826916892,-0.08221463461035494
China,CHN,2000,hamilton,-0.042518201810564094,-0.01009393795197485,-0.03214017986438655,0.05613831885370146,-0.09577951190089706
China,CHN,2001,hamilton,0.040012072640689844,-0.004041547221337441,-0.02590448692246028,0.007335619818913841,-0.044647330907219285
China,CHN,2002,hamilton,0.06844473145685726,0.0024223942659428385,-0.02107441619311423,-0.05639387913072014,0.050630518260437185
China,CHN,2003,hamilton,-0.002308016660250267,0.0005165633324142084,-0.0063814772536314734,-0.06630658251554067,0.12448689236904542
China,CHN,2004,hamilton,-0.05284356998990969,0.0018547582749406308,0.0005388810632425134,-0.05977185194929113,0.14284411485758142
China,CHN,2005,hamilton,-0.0814530992537783,0.032690514353438505,0.00935976292160845,-0.053464586328718866,0.048144760499283734
China,CHN,2006,hamilton,-0.08127826425275142,0.053558293924969136,0.030506924937840907,-0.07092330434077354,0.044353787776628906
China,CHN,2007,hamilton,-0.051159115040590564,0.051930858489088315,0.053062818840276194,0.02896914526301586,0.06729620251307367
China,CHN,2008,hamilton,-0.11094897197055253,0.02702185568554983,0.02126942251384456,0.05096132589972768,0.07793949480680418
China,CHN,2009,hamilton,-0.017911762470443904,-0.014948816440170737,-0.028148042195905276,-0.05378305812301676,0.15354277503132963
China,CHN,2010,hamilton,0.014985444029052886,-0.01456158754462307,-0.018751861912798873,0.0029549637828623077,0.1108216138979703
China,CHN,2011,hamilton,-0.1381523686788757,0.004197295541428933,-0.019340257368494207,0.026080869191060785,0.030077169861312925
Colombia,COL,1980,quadratic,-0.04566195387113403,0.0021110036745341544,0.06422770161184843,0.05697673565672012,0.08321027959957306
Colombia,COL,1981,quadratic,-0.12815522592325124,-0.0418531055906554,0.04335480002295711,0.07107452535619174,0.14090530849251515
Colombia,COL,1982,quadratic,-0.0626068507764641,-0.04706804033667396,0.010083411770574813,0.044990770577260975,0.10084767824615426
Colombia,COL,1983,quadratic,-0.011890519553895196,-0.031223933220054633,-0.016326452026524052,0.009208938593683769,0.04404945970005336
Colombia,COL,1984,quadratic,0.11356402668837884,-0.009230164033550304,-0.02482898746091955,-0.01455849222902117,-0.014718332130234657
Colombia,COL,1985,quadratic,0.06477855985885839,0.009542206248394981,-0.03525863322720113,-0.04485966932431573,-0.022673036723453777
Colombia,COL,1986,quadratic,0.3196118272740911,0.06486760346546257,-0.01869429972859038,-0.07935241465336418,-0.06343646155788285
Colombia,COL,1987,quadratic,0.025245045537861444,0.03848075270731978,-0.005883998397242962,-0.02056717512313888,0.004546226984308177
Colombia,COL,1988,quadratic,-0.011159386501916835,0.02330988971330869,-0.004928644198805898,-0.01509383347176474,0.08307692438196135
Colombia,COL,1989,quadratic,-0.012323375157643923,0.04142968877436096,-0.009492569193136902,-0.01925481698868481,-0.03429111633034765
Colombia,COL,1990,quadratic,-0.08061913918585972,0.059023549030026656,0.011676317165312255,-0.020664044227109102,-0.01522139149236601
Colombia,COL,1991,quadratic,-0.01703103973286968,0.07606588732153635,-0.002624989642999509,-0.016572879658538042,-0.18114823751607112
Colombia,COL,1992,quadratic,-0.13335565834269758,0.0227186621193873,0.010327982727075025,0.06320012867186087,-0.1247145607797151
Colombia,COL,1993,quadratic,-0.09491340397085324,-0.019086587230301787,-0.0018062704288421827,0.0429896701151975,0.10103732043754299
Colombia,COL,1994,quadratic,0.05090313252860845,-0.054972670653485524,0.019983768397832335,-0.00955178614826302,0.30129385437986755
Colombia,COL,1995,quadratic,0.0022273774689329784,-0.059907937808911335,0.036328423941615284,0.006015090782140575,0.3236105252961927
Colombia,COL,1996,quadratic,0.02973735862822835,-0.049568177720340896,0.022849799046978703,-0.009660563861375593,0.1532491048426987
Colombia,COL,1997,quadratic,0.020692976045766365,-0.05084331160706487,0.02330614117366281,-0.0127408695583906,0.09200544412500555
Colombia,COL,1998,quadratic,-0.07845252013794202,-0.04744893397625761,-0.0036928536870100004,-0.024734584588895103,0.0011913137642221017
Colombia,COL,1999,quadratic,-0.020969932420485726,0.01797069101852574,-0.07868682544199679,-0.11931389809536697,-0.5054008198515092
Colombia,COL,2000,quadratic,0.07663705451354286,0.0068661393751198035,-0.06681600255560305,-0.024079263564901865,-0.35365794326382805
Colombia,COL,2001,quadratic,-0.006171930428706673,-0.012313365325165214,-0.08087827831299244,-0.019447624729378887,-0.2999631397522098
Colombia,COL,2002,quadratic,-0.051837286970462415,-0.012306964195675361,-0.08618805099610505,-0.028104843375571065,-0.23801958642198606
Colombia,COL,2003,quadratic,-0.0533953684352495,-0.010718607484369303,-0.07717274201063695,-0.0295765864594717,-0.15566893745553934
Colombia,COL,2004,quadratic,-0.014923351001076668,0.0005200147401336723,-0.054065148091247295,-0.030376174741119755,-0.09931018064382258
Colombia,COL,2005,quadratic,0.02957381598358566,0.006026396074306474,-0.036384111409777375,-0.026924200798310594,-0.04914098272263523
Colombia,COL,2006,quadratic,0.026601941375054672,-0.0020849270768291857,0.0006636496619076837,-0.00031545488343809325,0.08326463718692345
Colombia,COL,2007,quadratic,0.05966495592330112,-0.004596193562196236,0.04016809001426935,0.03956881955442526,0.14285175094878433
Colombia,COL,2008,quadratic,0.11702023213625523,0.005702936551202038,0.048392104104843625,0.034036195884766585,0.16320876174584953
Colombia,COL,2009,quadratic,-0.08400471234382323,0.011090575755453604,0.03879281376329757,0.02187730535013621,0.100077937476021
Colombia,COL,2010,quadratic,-0.014857235433010096,0.014826855726362009,0.052732990039764616,0.039425013290207644,0.08817419483143851
Colombia,COL,2011,quadratic,-0.013929413775153776,0.02659651184051553,0.08559665259214455,0.053985983013786765,0.17521058231277387
Colombia,COL,1980,hp,0.02115400392173683,0.00035626714809654323,0.03506544180124571,0.027018859362906156,0.03826476759990882
Colombia,COL,1981,hp,-0.09015891486237759,-0.043603149073255194,0.019348812548525274,0.04574413402654187,0.09715984751118079
Colombia,COL,1982,hp,-0.05027778612831213,-0.05006565910471524,-0.007819731936310248,0.02603455935098431,0.06089794207868415
Colombia,COL,1983,hp,-0.021386251889786934,-0.03692630003873692,-0.028077678281196228,-0.0023632757295377615,0.009866407801995436
Colombia,COL,1984,hp,0.08727877376780846,-0.01879869951294618,-0.03119852300605963,-0.018734116782548327,-0.04239743406411911
Colombia,COL,1985,hp,0.028145752242560107,-0.004388903346272765,-0.03755522845003334,-0.04259970241726663,-0.044443280837207055
Colombia,COL,1986,hp,0.2796073326029216,0.04693051645160844,-0.01845324343081245,-0.07240410460279278,-0.08080132349371105
Colombia,COL,1987,hp,-0.010902824317847504,0.01779117615447124,-0.004491565510537754,-0.011038023229861693,-0.01038067910559981
Colombia,COL,1988,hp,-0.03876594876838535,0.0015488975212481493,-0.0034375633505057124,-0.004727552974323146,0.06896461035112367
Colombia,COL,1989,hp,-0.029138547914463686,0.020528029100916518,-0.008577107051143784,-0.009320952831057383,-0.04876433275277314
Colombia,COL,1990,hp,-0.08643978187831625,0.04114615531585959,0.011754731526034234,-0.011910697528984215,-0.031472781524357174
Colombia,COL,1991,hp,-0.013409567692792557,0.063406597999132,-0.003146443475060323,-0.009133498186990607,-0.20034920581539772
Colombia,COL,1992,hp,-0.12273564496968348,0.017088759059896434,0.009824901638911143,0.06992585747765645,-0.1474759176286895
Colombia,COL,1993,hp,-0.08049548505533721,-0.016892444697054268,-0.0012602120534861427,0.05042715412584364,0.07666885119022027
Colombia,COL,1994,hp,0.06638861525505302,-0.04534733332959956,0.022924009722883554,0.00014869767283087754,0.2813103944953905
Colombia,COL,1995,hp,0.017325331184141923,-0.044262842181441144,0.04333477058961854,0.019151384212998224,0.31727635363373174
Colombia,COL,1996,hp,0.04360405326690309,-0.02987987262799903,0.03569181218103168,0.0077044271955681864,0.170287553414461
Colombia,COL,1997,hp,0.03292279098763462,-0.029210829818407738,0.04341767304080868,0.009074271515837395,0.1394261345598995
Colombia,COL,1998,hp,-0.06826313660079641,-0.02579499346340554,0.024429422122395295,0.0011036789967207028,0.0815872817736949
Colombia,COL,1999,hp,-0.013551690993500287,0.03819179537807263,-0.04293938424944699,-0.09061876211650954,-0.3952473858190615
Colombia,COL,2000,hp,0.08090891549341617,0.024926485733115657,-0.025200072528544837,0.005556235286826805,-0.2235915748408086
Colombia,COL,2001,hp,-0.00493069895447551,0.003202756258507255,-0.03609224014706669,0.009367655693800714,-0.1625026147936186
Colombia,COL,2002,hp,-0.05382903393692118,0.00037665605904375205,-0.041619988808692554,-0.0017699968162734336,-0.10612201325701953
Colombia,COL,2003,hp,-0.059091235664403996,-0.0010926024576762144,-0.03653952093936752,-0.007375699890259213,-0.04110472873965243
Colombia,COL,2004,hp,-0.02452498286252691,0.006922686734694924,-0.020996214405917257,-0.013938385010886734,-0.011601833226146496
Colombia,COL,2005,hp,0.016725184929286208,0.009110339352173633,-0.01405609730294799,-0.017780498479728735,0.00484796964143186
Colombia,COL,2006,hp,0.012270736205024946,-0.0024140129480217203,0.009736888218982998,0.0002406995771497833,0.09944564216798746
Colombia,COL,2007,hp,0.046554009503038785,-0.008522617156139226,0.03427603424465708,0.030659300821813673,0.1198627579470255
Colombia,COL,2008,hp,0.10864807775759022,-0.002071001351027061,0.026530203543771336,0.01519580673911669,0.10141976546935894
Colombia,COL,2009,hp,-0.08376938105776421,-0.0007616948808807436,0.0003197259156877408,-0.007252816321242861,0.00039235036132012624
Colombia,COL,2010,hp,-0.00288204530538394,-0.0012944978966700008,-0.0028947216551920008,-0.00039932597983849405,-0.048985350611204126
Colombia,COL,2011,hp,0.013019381735182911,0.006063010100229051,0.012365589164119228,0.0030898462751007827,0.0005150076225763911
Colombia,COL,1980,hamilton,,0.0005279643892243356,-0.012735254648667649,0.023227186599886096,0.031412841002888214
Colombia,COL,1981,hamilton,,-0.03755207468933376,-0.027961054599206392,0.013728482223335448,0.08844902298942614
Colombia,COL,1982,hamilton,,-0.03783550816280631,-0.05212599722542599,-0.011851282434097499,0.009984415203572183
Colombia,COL,1983,hamilton,-0.012102986018944328,0.005264210323983765,-0.0498433676428629,-0.055028979969684144,-0.09630766791858036
Colombia,COL,1984,hamilton,0.09181740529067905,0.017613869065937943,-0.01979817709679388,-0.06500695978257198,-0.11367559283021222
Colombia,COL,1985,hamilton,-0.0023189165277957002,0.02329464790942852,-0.0077304941673776995,-0.06388514616664409,-0.06832095677956573
Colombia,COL,1986,hamilton,0.1604021190076681,0.06737576116761651,0.008388151027654445,-0.07242140576527767,-0.05457063381909144
Colombia,COL,1987,hamilton,-0.12527588073305473,0.03379619699574264,0.03221864315537282,0.01340734112908315,0.020854067291903533
Colombia,COL,1988,hamilton,-0.3176243978926081,-0.015409229565938612,0.0036874291943220783,0.050546239339393395,0.13901679996970806
Colombia,COL,1989,hamilton,-0.1733862463425666,0.03722350728014636,-0.011831663280233329,0.01609684238550635,-0.0404943327350793
Colombia,COL,1990,hamilton,-0.1435610074218614,0.05712995706154797,0.013942241903247776,-0.0053012934067613315,-0.08936171155819217
Colombia,COL,1991,hamilton,-0.06485960052752304,0.05622905018651783,0.006607153894798046,1.536868507301392e-05,-0.14167394368440078
Colombia,COL,1992,hamilton,-0.12852721075962315,-0.004869276921783412,-0.013866104439454574,0.08179513815280792,-0.10496102252219153
Colombia,COL,1993,hamilton,-0.11073518076694544,-0.054240289145289736,0.004988929746362558,0.05909492496530788,0.27713209273284534
Colombia,COL,1994,hamilton,0.1058815065648595,-0.04814790574915116,0.0006839095581252508,-0.0486630042592342,0.42132820721944064
Colombia,COL,1995,hamilton,0.06525593921258821,-0.04017889043606951,0.040863148600305266,-0.0415873354286056,0.2390999194630563
Colombia,COL,1996,hamilton,-0.007122817709593221,-0.017745931484694444,-0.01062954941341765,-0.01630609642485581,-0.10605655602405761
Colombia,COL,1997,hamilton,-0.009100276320817002,-0.02709996853617351,-0.023830263480764557,-0.015591916741261258,-0.17846747821900877
Colombia,COL,1998,hamilton,-0.10747066633192492,-0.033455237181391165,-0.02340281020516244,-0.02147277999218211,-0.10875245822084167
Colombia,COL,1999,hamilton,-0.04177547810013582,0.03490463182789532,-0.10580318999385518,-0.10985241851489569,-0.5627669190640905
Colombia,COL,2000,hamilton,0.13367047655671804,0.019947760308396074,-0.054368816526702446,-0.005881796797316596,-0.32712400649326945
Colombia,COL,2001,hamilton,0.04397341050046322,-0.04559223381927299,0.028226717115074962,0.06579133081846678,0.1939100548378967
Colombia,COL,2002,hamilton,-0.07150984317124198,-0.019514909809312607,-0.03094078194724581,0.01856036726817578,0.09916867545601527
Colombia,COL,2003,hamilton,-0.02992651586973416,-0.008881777889587036,0.0041688813098339494,-0.012605479768684091,0.13952449649993248
Colombia,COL,2004,hamilton,0.0685271301704029,-0.004602749148446834,0.028013346452311794,-0.009120420789090034,0.1426762047253849
Colombia,COL,2005,hamilton,0.13495006565607248,-0.0015351641063121105,0.02965253539561452,-0.0025929028153548472,0.12105982802757964
Colombia,COL,2006,hamilton,0.11699639810485696,-0.01848640794937863,0.03691166429479864,0.024637038444907944,0.2064561558005895
Colombia,COL,2007,hamilton,0.12208666645267385,-0.022973434181274975,0.06138116511557001,0.06206468760966111,0.22380363581777019
Colombia,COL,2008,hamilton,0.18246741277329992,-0.006772023044695943,0.023554675726177976,0.03722198760703321,0.12563403995803846
Colombia,COL,2009,hamilton,-0.028613546956295366,-0.003526172556712427,-0.02635082566734681,-0.009634493029276214,0.014315367544433855
Colombia,COL,2010,hamilton,0.006066180778757868,-0.009375449258052827,-0.005681862239359958,0.00025560494951371027,-0.01215805502776135
Colombia,COL,2011,hamilton,0.14181586038170924,2.9463736328030204e-05,0.044928952452846005,0.024159657195983897,0.13608317911042533
Comoros,COM,1980,quadratic,0.07366132119476188,0.030388413858274566,-0.0544719551995545,-0.006027841996871786,-0.15602833289114848
Comoros,COM,1981,quadratic,-0.11739163271969666,0.05389628161212223,-0.044389320617609584,0.00674535063664905,-0.2871384145980844
Comoros,COM,1982,quadratic,-0.027142314048151484,0.0077236981493976065,-0.008270549149543172,0.00652668197811046,-0.03656572442101513
Comoros,COM,1983,quadratic,0.19500636893793377,0.018021540489618126,0.015013460930127565,0.0048899838245848315,0.012450751243417102
Comoros,COM,1984,quadratic,-0.16200490459146266,-0.14194224714641224,0.033193880714110335,-0.006370915548925993,0.48704467326968626
Comoros,COM,1985,quadratic,0.025610821588956334,-0.02460902146092958,0.0351096454627271,-0.015389799536372095,0.23248338963381165
Comoros,COM,1986,quadratic,0.030791382440918724,0.03904421908423811,0.03443319516372689,-0.006210337369795482,-0.04000652900261592
Comoros,COM,1987,quadratic,-0.03363562491013461,-0.0011308274185443112,0.03288659375547098,-0.0015031997456667057,0.0825355230268432
Comoros,COM,1988,quadratic,0.036169589868912055,0.01614526288901552,0.04263541244274904,0.0030327320985765738,0.0018003352339874823
Comoros,COM,1989,quadratic,0.03525284681445395,0.007222710479574346,-0.005875700807569828,0.00672723579997303,-0.2208166036698067
Comoros,COM,1990,quadratic,0.026103063818442962,0.001589208721955393,0.02785427746790603,0.02371550468479633,-0.012615584810024671
Comoros,COM,1991,quadratic,-0.055228998639748283,0.05155352921855458,-0.04338964446199434,-0.04230823290231456,-0.4291919643280746
Comoros,COM,1992,quadratic,-0.02863885910528552,-0.027361034241560084,0.022807162598121877,0.04991035518322562,0.12396909262195166
Comoros,COM,1993,quadratic,-0.1308066598644242,0.024270826338226553,0.03672217473103068,0.001430622354000377,0.12395675594912525
Comoros,COM,1994,quadratic,-0.4253816248191087,-0.060764240441183726,-0.03335779197022326,-0.024041067298439245,0.16872482583212722
Comoros,COM,1995,quadratic,0.1118897985395586,-0.04711089740319169,-0.014028596847031949,-0.01551366852889835,0.17126043300290306
Comoros,COM,1996,quadratic,0.11625032021937898,-0.026252401116893337,-0.043475774423272995,-0.03878616434323412,0.18280585126641746
Comoros,COM,1997,quadratic,0.16194987944714612,-0.050499034362987194,-0.02072044414169305,0.04766860771644588,0.043644533693605325
Comoros,COM,1998,quadratic,0.20126254172495806,-0.05907338187792055,-0.0250018013210358,0.038347435246674166,0.20407795892241687
Comoros,COM,1999,quadratic,0.2829407032432574,-0.01160514942141913,-0.02318517620072491,0.018170563923238348,0.061866610456799975
Comoros,COM,2000,quadratic,0.3297711894959017,0.045342187789359,-0.026504287563387408,0.025112669714555835,-0.2980081497784042
Comoros,COM,2001,quadratic,-0.11995225708842394,0.05350602036004376,-0.011274704068380714,-0.02980670413012554,-0.25133112372217425
Comoros,COM,2002,quadratic,-0.14901784867574808,0.05940370196933009,0.011760804798742086,-0.05141239363986472,-0.10321903914567798
Comoros,COM,2003,quadratic,-0.011810762020717291,0.08077333589535601,0.0185165932961997,-0.038651368789141216,-0.1301961800384035
Comoros,COM,2004,quadratic,-0.14986022030487067,0.05199387929067564,-0.0016210804653464805,-0.01749683275289904,-0.21564332390556729
Comoros,COM,2005,quadratic,-0.23766102005952927,0.02130474706855867,0.022069965619371246,0.034862896995470294,-0.16765817570004415
Comoros,COM,2006,quadratic,-0.1567368737951913,0.00754098578498516,0.016707846502589163,0.027631340587308983,-0.11138670710862542
Comoros,COM,2007,quadratic,-0.030298791429260064,0.003983946840650288,0.00399313189478967,-0.0006345470102573358,0.05130286454499711
Comoros,COM,2008,quadratic,-0.05297118772319731,-0.05460025379281119,-0.003707765124767448,0.005588363789145845,0.3143804337403573
Comoros,COM,2009,quadratic,0.019329357508317102,-0.027668011201896214,-0.0028394405162366354,-0.006207270939874832,0.19750182068136368
Comoros,COM,1980,hp,0.07179132563141088,-0.0005598463294658185,-0.029098758239948452,-0.0002807623082059507,-0.06018594794129406
Comoros,COM,1981,hp,-0.11852742019441642,0.03462131195509238,-0.028505427908323,0.010169810510385346,-0.2278935896149541
Comoros,COM,1982,hp,-0.0276855559848741,-0.0015235010298654816,-0.0016456682413075185,0.008325904868319967,-0.01190019606718451
Comoros,COM,1983,hp,0.1953813709341956,0.016815977078921962,0.01318566434806101,0.005662462080634256,0.0074360416809327035
Comoros,COM,1984,hp,-0.15964174376175855,-0.13741768914369845,0.024312239496373067,-0.006208839108381881,0.4602485818401014
Comoros,COM,1985,hp,0.029822458948694397,-0.017159395816709555,0.02103363436435224,-0.01566055624420315,0.19473020930577434
Comoros,COM,1986,hp,0.03709863426102533,0.04749449607275147,0.017239808445186355,-0.006913044319311723,-0.07956955415943945
Comoros,COM,1987,hp,-0.024897025055067523,0.007447916049907188,0.014660008839015859,-0.002657054228189182,0.04668554611885156
Comoros,COM,1988,hp,0.04739288063517222,0.02455757444518053,0.025294591827959678,0.001457583036904353,-0.027642355798006335
Comoros,COM,1989,hp,0.04898075092034482,0.015676499042859393,-0.02072360963216724,0.004836265900483028,-0.2444532821102765
Comoros,COM,1990,hp,0.04184815443824785,0.010549614778946337,0.016541666992688775,0.021675232645927522,-0.03406661129710464
Comoros,COM,1991,hp,-0.03895130509510203,0.06158615983258839,-0.0504820948616711,-0.04431860608403326,-0.4526522540324578
Comoros,COM,1992,hp,-0.014728784532616501,-0.015695601578184892,0.020096792497195537,0.04790501182682405,0.0940707361099733
Comoros,COM,1993,hp,-0.12319055141734214,0.037508747373877604,0.03853768459772411,-0.00035544417645816395,0.08748416315999386
Comoros,COM,1994,hp,-0.42886466706269166,-0.046478079863904787,-0.02709169094634767,-0.02563354408812657,0.12889375405591963
Comoros,COM,1995,hp,0.0928554891429405,-0.03313976874225394,-0.003991658801700382,-0.017174622307029708,0.13376372465772235
Comoros,COM,1996,hp,0.08185434198068542,-0.014333817658948006,-0.03068130190803764,-0.04075770604216977,0.15452449635783871
Comoros,COM,1997,hp,0.11609499055924388,-0.04241335353594508,-0.006475371535914931,0.04533606918427857,0.03131003256809706
Comoros,COM,1998,hp,0.1507461168428108,-0.0565004670743626,-0.010599881812797918,0.03620277004919714,0.2127270773037715
Comoros,COM,1999,hp,0.23629378357833808,-0.01570023646323712,-0.009842228071468284,0.01690856061688706,0.09452827912044626
Comoros,COM,2000,hp,0.29575102164775924,0.03451349532170633,-0.015252195369789945,0.025212007543778725,-0.2424401057784351
Comoros,COM,2001,hp,-0.1347251589679459,0.037124753492163154,-0.0028629963616371157,-0.028252540839035944,-0.179043267844456
Comoros,COM,2002,hp,-0.1430172130989904,0.03955239137967628,0.01701747742660764,-0.04894723555421443,-0.023053922303608587
Comoros,COM,2003,hp,0.01274269142547979,0.060064764380310165,0.02076708817596362,-0.03617383616142078,-0.05186190792174017
Comoros,COM,2004,hp,-0.11129148751958784,0.03317555785074869,-0.00193457285438825,-0.01577086306525821,-0.14948301775740092
Comoros,COM,2005,hp,-0.19205879232328193,0.006658267264588291,0.019720338707585938,0.035569787392841334,-0.1241313532375834
Comoros,COM,2006,hp,-0.11241426647867403,-0.00144973584037153,0.012954945809429574,0.02770576510682332,-0.09957445234563167
Comoros,COM,2007,hp,0.005020337037491274,0.0012686422457374724,-0.0006223772301456876,-0.0005075430675098858,0.024939214830594025
Comoros,COM,2008,hp,-0.03266599693079986,-0.05127024283787285,-0.008866962181732774,0.006474366693835165,0.24699503452991856
Comoros,COM,2009,hp,0.020273348036845995,-0.01938523293257971,-0.008438926083046638,-0.003829399866251748,0.08961492656722392
Comoros,COM,1980,hamilton,,,,,
Comoros,COM,1981,hamilton,,,,,
Comoros,COM,1982,hamilton,,,,,
Comoros,COM,1983,hamilton,0.2900565053028945,-0.01896346107704011,0.06144469790928753,-0.01680517434397366,0.2801861908640735
Comoros,COM,1984,hamilton,-0.04335265379376274,-0.14705558610518765,0.05035266997592558,-0.02968984695041854,0.6128153398020029
Comoros,COM,1985,hamilton,0.052281712955024595,-0.028229819078175067,0.02540073318824021,-0.0377654354421999,0.2684363523453115
Comoros,COM,1986,hamilton,0.07534344768815959,0.13499126051549087,0.005035472407165287,-0.02160658917745728,-0.3249241635922271
Comoros,COM,1987,hamilton,0.0588464016157797,0.03762476039144308,-0.0029287032972540317,-0.0099036434537485,-0.14292060397841944
Comoros,COM,1988,hamilton,0.06451390975097127,0.013434715418033705,0.006664186453901877,-0.009144066446248544,-0.005741724526988179
Comoros,COM,1989,hamilton,0.07077472554875186,0.027659645617342077,-0.04067046978159006,-0.00853011118059932,-0.2589484655433072
Comoros,COM,1990,hamilton,0.05505597570748311,0.01615615990560859,-0.013795913978665197,0.006208512590722748,-0.03077791466138713
Comoros,COM,1991,hamilton,-0.05368266822297052,0.07207787341310443,-0.05229491181539103,-0.061345418563316656,-0.2956085368120913
Comoros,COM,1992,hamilton,-0.0314887264919701,-0.0019213276960366177,0.0021017415028001807,0.021820616757040057,0.16288581165064997
Comoros,COM,1993,hamilton,-0.116930102470163,0.020605351954439827,0.05896078079644518,0.011793339142839088,0.38080933655319527
Comoros,COM,1994,hamilton,-0.40104551771237906,-0.020168841124463294,-0.04057627349241599,-0.05840553032264495,0.15005209382321993
Comoros,COM,1995,hamilton,0.14836907682099465,-0.03357519610660628,-0.04933072563285279,-0.030194886444974145,0.03544510622567998
Comoros,COM,1996,hamilton,0.2519218562817436,0.03397277466492979,-0.03136802411518502,-0.030572241148068002,0.012819248179258835
Comoros,COM,1997,hamilton,0.24051755662156982,0.004599860529391986,-0.004086843371554849,0.05626154913385406,-0.14232345684237124
Comoros,COM,1998,hamilton,0.11644157585296355,-0.019611585316562513,0.007855779672526708,0.062242748751694776,0.005100877841545781
Comoros,COM,1999,hamilton,0.17998158210531479,0.03822549206143405,0.0007869659248065375,-0.003277601914431827,-0.055437908857992824
Comoros,COM,2000,hamilton,0.19850065560163532,0.09816959989520702,-0.005642628282965134,0.001995213704638843,-0.49445314868179757
Comoros,COM,2001,hamilton,-0.2882429595962348,0.07433700126576859,0.009269871725447132,-0.03673232519957814,-0.3936722732377156
Comoros,COM,2002,hamilton,-0.35752354130374275,0.03880023011622383,0.03410991069780778,-0.05662866049802595,0.008729792520544066
Comoros,COM,2003,hamilton,-0.12311829828235688,0.04681235565695166,0.030475495617976023,-0.008729867176947792,0.020385247178769106
Comoros,COM,2004,hamilton,-0.12633246937893805,0.008245649033022717,-0.010742081690166216,0.03543369438017585,-0.17283353493961862
Comoros,COM,2005,hamilton,-0.24435055272230244,-0.04192725650671328,0.0016869171140481143,0.08685758491909468,-0.14096779756927447
Comoros,COM,2006,hamilton,-0.1715300326775262,-0.04662276543795699,0.009110826300899433,0.0699105243940128,-0.02799547197099095
Comoros,COM,2007,hamilton,0.01456505997613533,-0.03767665295688227,-0.01567228563441958,0.012776861316398325,0.11815691616040525
Comoros,COM,2008,hamilton,-0.006004459720876376,-0.09434413629977523,-0.02594387669917886,0.02174336968324475,0.3327717350726118
Comoros,COM,2009,hamilton,0.007768469957953883,-0.07313657651426009,-0.014469271400757933,0.032287383488803556,0.09801095299692797
"Congo, Dem. Rep.",ZAR,1980,quadratic,-0.08087529070339006,0.00020100907156720966,0.03620849653873748,0.06732991340239103,0.057207308271546076
"Congo, Dem. Rep.",ZAR,1981,quadratic,-0.07148871208227181,-0.03306928803950111,0.05976770338728166,0.10152705595300127,0.1430878906470019
"Congo, Dem. Rep.",ZAR,1982,quadratic,-0.06958977059198546,-0.02014900953232766,0.05682938993084008,0.11629863923666584,-0.08475997632196641
"Congo, Dem. Rep.",ZAR,1983,quadratic,-0.025581867283674953,-0.012002412741029474,0.07339449423007771,0.13403286242985146,0.0527804778091987
"Congo, Dem. Rep.",ZAR,1984,quadratic,-0.07170635551421967,-0.0012283920136910453,0.13023883030757055,0.17628926075308549,0.23337212378854222
"Congo, Dem. Rep.",ZAR,1985,quadratic,0.028759593921208193,0.02237838332855338,0.13779553736413952,0.11920522255636179,0.4208953888864251
"Congo, Dem. Rep.",ZAR,1986,quadratic,0.04076292954905014,0.010154043605991281,0.18707330949021816,0.16995242384867382,0.5279934889015081
"Congo, Dem. Rep.",ZAR,1987,quadratic,0.048308289301117746,-0.03245497680113919,0.21700006496034696,0.2072451518058429,0.6309437085404772
"Congo, Dem. Rep.",ZAR,1988,quadratic,0.1877188550898925,-0.024142610261247706,0.22471849613775952,0.16658537016073183,0.658616339744917
"Congo, Dem. Rep.",ZAR,1989,quadratic,0.3640598481135031,0.01485758063652732,0.21352664218735207,0.15175635498431816,0.6389592855607491
"Congo, Dem. Rep.",ZAR,1990,quadratic,0.07864711216751541,0.012358460289692832,0.14531280969392846,0.1363330641729732,0.11226575788419613
"Congo, Dem. Rep.",ZAR,1991,quadratic,0.013387036267681118,-0.02831672701978588,0.05489170784555775,0.11439285274777689,-0.46438130304853686
"Congo, Dem. Rep.",ZAR,1992,quadratic,0.1914242317422934,0.005860598094106825,-0.05967407502365596,-0.16304042988512535,-0.3688473476704637
"Congo, Dem. Rep.",ZAR,1993,quadratic,0.1087155834689355,0.03471126423811018,-0.20673598648923708,-0.20170769968595614,-1.8844921987015644
"Congo, Dem. Rep.",ZAR,1994,quadratic,-0.20372936479497739,0.041146599453556115,-0.2448467819541147,-0.18799870958602583,-0.4279666557975137
"Congo, Dem. Rep.",ZAR,1995,quadratic,-0.034428626578044685,0.06083454243241095,-0.2305739542423897,-0.22403969847399274,-0.24894491617141945
"Congo, Dem. Rep.",ZAR,1996,quadratic,-0.4441871682277583,0.02415998164248407,-0.2275073846814557,-0.42293576967083446,0.8357390796491417
"Congo, Dem. Rep.",ZAR,1997,quadratic,-0.23764725151451493,0.059156893123807466,-0.26708380314525293,-0.20398227660424695,-1.6229259031002794
"Congo, Dem. Rep.",ZAR,1998,quadratic,-0.2846870357025457,0.010663092694593767,-0.2623658938451445,-0.12322327777813413,-1.8021400632140434
"Congo, Dem. Rep.",ZAR,1999,quadratic,0.15070814528561272,0.08464226635994754,-0.28469332775111766,-0.23707115489363595,-1.4557259451129303
"Congo, Dem. Rep.",ZAR,2000,quadratic,0.08772465104811733,0.05573243423246912,-0.33649896123392153,-0.2619226128614063,-1.4294448131951327
"Congo, Dem. Rep.",ZAR,2001,quadratic,0.07889960996741952,0.03812852742091066,-0.3397670705884934,-0.23588706838037865,-1.0046190616804305
"Congo, Dem. Rep.",ZAR,2002,quadratic,0.02055342106310487,0.02401208111014824,-0.2887998961572844,-0.19094742379284213,-0.4750111833568589
"Congo, Dem. Rep.",ZAR,2003,quadratic,-0.03461308132300189,0.04408901521313603,-0.21591021021518308,-0.19575159521755658,-0.057955051102436705
"Congo, Dem. Rep.",ZAR,2004,quadratic,-0.07103989671994615,0.03133841542249981,-0.13419545480035389,-0.1222031746924852,0.05070360929028794
"Congo, Dem. Rep.",ZAR,2005,quadratic,0.04695012762875006,-0.04106861049514772,-0.04008215744023502,0.012245819013770642,0.20809606266805325
"Congo, Dem. Rep.",ZAR,2006,quadratic,0.11889711486017962,0.008926795993162817,0.03487632735437174,0.015451084027446882,0.22058042792021748
"Congo, Dem. Rep.",ZAR,2007,quadratic,0.06225373228148623,0.043878799771992175,0.11760289584436023,0.018418815349548368,0.6039045260095595
"Congo, Dem. Rep.",ZAR,2008,quadratic,0.1518704907075703,-0.09585974913441273,0.20067187445020096,0.1738045119499496,0.8715505428239521
"Congo, Dem. Rep.",ZAR,2009,quadratic,-0.14264660693637587,-0.10705939252743876,0.25313262463354747,0.28701245970608014,0.6855066787497623
"Congo, Dem. Rep.",ZAR,2010,quadratic,-0.007803990126112659,-0.03384503225708252,0.3480136303626775,0.2642308750389599,1.0250450402875169
"Congo, Dem. Rep.",ZAR,2011,quadratic,0.0003842456353577717,-0.0418129076276966,0.4412540094041155,0.35165477615345786,0.9568324051024231
"Congo, Dem. Rep.",ZAR,1980,hp,0.020875708897146517,0.02044445640767913,-0.059419919970556734,-0.03372133868361793,-0.3017499401833481
"Congo, Dem. Rep.",ZAR,1981,hp,-0.0033765492306310207,-0.01612654288380792,-0.04245659713607175,-0.009904287253229782,-0.19228643604375772
"Congo, Dem. Rep.",ZAR,1982,hp,-0.03258122808159669,-0.0062685203655286955,-0.05379727437490445,-0.005216456622841648,-0.40521766237241774
"Congo, Dem. Rep.",ZAR,1983,hp,-0.017316720303557354,-0.0009881840007736828,-0.04622826399812574,0.004262262236624181,-0.26007424165156756
"Congo, Dem. Rep.",ZAR,1984,hp,-0.0896735585692463,0.007135806436854518,0.0027769703888367303,0.04167547896452639,-0.0737885194362411
"Congo, Dem. Rep.",ZAR,1985,hp,-0.012604925786648735,0.028338898040711186,0.005864572998776296,-0.01529796629268354,0.12552545765736145
"Congo, Dem. Rep.",ZAR,1986,hp,-0.019943149956450412,0.013915979481204873,0.056228473230222065,0.04163829948080888,0.25925431673569843
"Congo, Dem. Rep.",ZAR,1987,hp,-0.026336820416099194,-0.03101114549171234,0.09492317893580982,0.09247624013056388,0.4111634992366806
"Congo, Dem. Rep.",ZAR,1988,hp,0.1060834489771878,-0.025600199671548248,0.12065568732457876,0.07357911306438503,0.515018910665761
"Congo, Dem. Rep.",ZAR,1989,hp,0.28419245185600506,0.009761575382377765,0.13733911061786586,0.08866672562687583,0.5995524326403618
"Congo, Dem. Rep.",ZAR,1990,hp,0.010054769960610166,0.0029893670941070864,0.10627027158366786,0.11051477585739278,0.20069106652154467
"Congo, Dem. Rep.",ZAR,1991,hp,-0.036516394267111174,-0.04258887298168425,0.060299004487081476,0.13151469166372998,-0.23484398231605041
"Congo, Dem. Rep.",ZAR,1992,hp,0.16542983622765473,-0.013969751857210947,-0.005539679976610756,-0.10010075241982541,0.0027131901677917014
"Congo, Dem. Rep.",ZAR,1993,hp,0.11002177599168483,0.009068261405852715,-0.10322779706661755,-0.09417869414199131,-1.380017444450524
"Congo, Dem. Rep.",ZAR,1994,hp,-0.1752138999106876,0.009976894698997256,-0.09489327306978979,-0.040214100698372945,0.19026597656803634
"Congo, Dem. Rep.",ZAR,1995,hp,0.01662170853893752,0.02487380395028908,-0.03964649372349349,-0.04249663830051098,0.4676420928495695
"Congo, Dem. Rep.",ZAR,1996,hp,-0.3781073124608243,-0.01550617408335233,-0.0026713005376901577,-0.21589269658528387,1.6371271409400272
"Congo, Dem. Rep.",ZAR,1997,hp,-0.16704038921965214,0.016972146887712165,-0.016601918631664603,0.018966051086712454,-0.7531163577800104
"Congo, Dem. Rep.",ZAR,1998,hp,-0.2192717724164499,-0.03259714532786406,0.00432818554326353,0.10685815324452008,-0.899486117369273
"Congo, Dem. Rep.",ZAR,1999,hp,0.20366751650377068,0.041836185796587134,-0.012225422036539868,-0.007995825290919356,-0.5674710339351146
"Congo, Dem. Rep.",ZAR,2000,hp,0.12561086734085158,0.01532268234850831,-0.06974364265090571,-0.042428224440632434,-0.6055038623886091
"Congo, Dem. Rep.",ZAR,2001,hp,0.10170576351389471,0.0020514355535279933,-0.0911365432834863,-0.03490413766101241,-0.29190377712306503
"Congo, Dem. Rep.",ZAR,2002,hp,0.029626850405728433,-0.005955086110086445,-0.0709347185389344,-0.01733786180739294,0.08862498752383807
"Congo, Dem. Rep.",ZAR,2003,hp,-0.037587848913719135,0.02182945620847511,-0.04076792952151287,-0.0579596661349715,0.33072585489566997
"Congo, Dem. Rep.",ZAR,2004,hp,-0.08433741374944947,0.018264118000795228,-0.01234125991335766,-0.028082117200071366,0.24964414554623549
"Congo, Dem. Rep.",ZAR,2005,hp,0.025472107368196717,-0.043818317729641384,0.01971880040933094,0.05601338837170822,0.210294912119676
"Congo, Dem. Rep.",ZAR,2006,hp,0.0926410104269868,0.01712004160699869,0.025782347186131815,0.0036339920216068577,0.024323619847288924
"Congo, Dem. Rep.",ZAR,2007,hp,0.03562741451105822,0.06355057812943665,0.034498538924230715,-0.05332280181809068,0.2106624869125966
"Congo, Dem. Rep.",ZAR,2008,hp,0.12936087210804015,-0.0644278413199901,0.03991014081852029,0.03865347533356456,0.28573486022574457
"Congo, Dem. Rep.",ZAR,2009,hp,-0.15682984632926367,-0.06447524750587247,0.01218996771584635,0.08635530688325055,-0.0876365236737513
"Congo, Dem. Rep.",ZAR,2010,hp,-0.011022011470082305,0.019038247171789036,0.025090855561487047,-0.0030274279720980957,0.06779762926552113
"Congo, Dem. Rep.",ZAR,2011,hp,0.010767738452402753,0.020915945333696534,0.03515437442180236,0.016838398679466238,-0.1824423505036057
"Congo, Dem. Rep.",ZAR,1980,hamilton,,0.03676636808576463,0.060375701179006924,0.06951728213740971,-0.11124677409769479
"Congo, Dem. Rep.",ZAR,1981,hamilton,,-0.036581629939040045,0.03849883427744594,0.1295555097186245,-0.07496546422474992
"Congo, Dem. Rep.",ZAR,1982,hamilton,,-0.01287512550288833,0.0005381675862672353,0.07054384623600463,-0.16731609756419985
"Congo, Dem. Rep.",ZAR,1983,hamilton,-0.06214684512516655,0.0149943840930599,-0.009885956412420072,0.035673282053751976,-0.09398670573974321
"Congo, Dem. Rep.",ZAR,1984,hamilton,-0.11039397948522645,0.031025644500863914,0.06669697230096006,0.05622925160444758,0.23021983884347996
"Congo, Dem. Rep.",ZAR,1985,hamilton,-0.03785459222309573,0.046859490890638886,0.04261802030035433,-0.019799943750996363,0.3186051347569352
"Congo, Dem. Rep.",ZAR,1986,hamilton,0.0007825746763563401,0.02734470931220847,0.0062609361370640215,-0.006656323415318965,0.28881541137786293
"Congo, Dem. Rep.",ZAR,1987,hamilton,-0.049693681216755436,-0.028150408418571853,0.061594960000638466,0.05928357067815604,0.24922310225992472
"Congo, Dem. Rep.",ZAR,1988,hamilton,0.07401208493259315,-0.023810258448424073,-0.009967821414857525,-0.006213021008402819,0.1892979415516436
"Congo, Dem. Rep.",ZAR,1989,hamilton,0.2476600110378362,0.033625643050689484,-0.038677829661761365,-0.06344127800030464,0.08679673843634994
"Congo, Dem. Rep.",ZAR,1990,hamilton,-0.124715329106305,0.040571116006258796,-0.1006978841002173,-0.060981286006816404,-0.47106464036476137
"Congo, Dem. Rep.",ZAR,1991,hamilton,-0.3142746970283392,-0.01813359119503014,-0.1687585005796528,-0.06411569801510275,-1.044697377482355
"Congo, Dem. Rep.",ZAR,1992,hamilton,0.03530428328414725,0.003316082044594295,-0.1784589233574767,-0.32887827323124874,-0.598060470724822
"Congo, Dem. Rep.",ZAR,1993,hamilton,0.031531061868465216,0.04649309729470119,-0.22337709014249008,-0.349981730010148,-1.7167383495553095
"Congo, Dem. Rep.",ZAR,1994,hamilton,-0.3824265741463888,0.0520104961019571,-0.13438339477523442,-0.13063818834833008,-0.32195627663724036
"Congo, Dem. Rep.",ZAR,1995,hamilton,-0.17105209133790922,0.048833957351899215,0.04462494363105307,-0.07043927461421795,0.8824253587585833
"Congo, Dem. Rep.",ZAR,1996,hamilton,-0.36138990981762475,-0.0009092569307110802,0.0065800371830295745,-0.2719241584618146,0.9957802253523376
"Congo, Dem. Rep.",ZAR,1997,hamilton,-0.22227617994213134,0.023236935266175502,-0.08568045989897399,-0.032563418332429706,-1.6280875992661983
"Congo, Dem. Rep.",ZAR,1998,hamilton,-0.012433708796705467,-0.019835921923451016,-0.07808463990396852,0.20004919241564956,-2.5628617850638955
"Congo, Dem. Rep.",ZAR,1999,hamilton,0.343155509297703,0.05126618611934185,-0.0337791368402538,-0.025525536584183328,-0.5681966508679155
"Congo, Dem. Rep.",ZAR,2000,hamilton,0.29946207154736904,0.027064667693135657,-0.12330095383892115,-0.16732606292818097,-0.37212883648362016
"Congo, Dem. Rep.",ZAR,2001,hamilton,0.0251809100210032,-0.004034806193061238,-0.08779090885720109,-0.08117765986953174,-0.18928995702963203
"Congo, Dem. Rep.",ZAR,2002,hamilton,-0.026649568143525038,-0.03314486948170898,0.032480354091593,0.00831245536134162,0.3054144661437812
"Congo, Dem. Rep.",ZAR,2003,hamilton,-0.05646691813940041,0.0004675425075701539,0.07243388716336874,-0.011672604506692608,0.4222743049508306
"Congo, Dem. Rep.",ZAR,2004,hamilton,-0.040578451982317354,-0.003694257549160928,0.06414016057482819,0.019973007643924845,0.14998927295273834
"Congo, Dem. Rep.",ZAR,2005,hamilton,0.13363090727040472,-0.08117565495593958,0.06945292600370578,0.144005798155316,0.0011242221027858434
"Congo, Dem. Rep.",ZAR,2006,hamilton,0.2499917645490788,-0.03523206188695771,0.056149104729223964,0.09223371232799771,-0.07898211595325488
"Congo, Dem. Rep.",ZAR,2007,hamilton,0.1364060574259387,0.027801002927428417,0.03595869022060505,-0.0241126897956061,0.18554171951317588
"Congo, Dem. Rep.",ZAR,2008,hamilton,0.1830828078648512,-0.10961696275509095,0.056970033825543,0.09225638826213789,0.43249633755248684
"Congo, Dem. Rep.",ZAR,2009,hamilton,-0.06548431275130095,-0.1520241165072799,0.020865168109299503,0.19991692326284038,-0.024587518222282334
"Congo, Dem. Rep.",ZAR,2010,hamilton,0.03497532423356553,-0.04156916703056551,0.032037429515128224,0.06041787497887796,0.11464392662043021
"Congo, Dem. Rep.",ZAR,2011,hamilton,0.2426614712327746,-0.003700473762229428,0.09320991910203524,0.023205007166112068,0.15927657865755496
Costa Rica,CRI,1980,quadratic,0.11153765607831101,-0.06691078478269441,0.13403005452353867,0.0622141136837282,0.4137467612748349
Costa Rica,CRI,1981,quadratic,-0.024458443491294446,-0.001742656145540894,0.06349230330389943,-0.09228884187277941,0.43097620961219896
Costa Rica,CRI,1982,quadratic,-0.04753440988572866,0.0772640621977968,-0.059878695552390226,-0.2527046003723843,0.14509540068892157
Costa Rica,CRI,1983,quadratic,-0.08361616042777076,0.040355602323372965,-0.07929929545619352,-0.043683585824474847,-0.31594195059201446
Costa Rica,CRI,1984,quadratic,-0.0027303980017832075,0.04795158962777791,-0.0665513307846588,-0.03272092048714548,-0.3811369872303878
Costa Rica,CRI,1985,quadratic,-0.0039639034125000805,0.03297734707690914,-0.1032769818499446,-0.038888559528995614,-0.4853042750196348
Costa Rica,CRI,1986,quadratic,0.2649039716868833,0.04726674132018213,-0.09377120599318012,-0.07592750236360857,-0.32065591184164965
Costa Rica,CRI,1987,quadratic,0.04852823399739492,0.008157304907737799,-0.07364889161806865,-0.03326520142138989,-0.10609627317417925
Costa Rica,CRI,1988,quadratic,0.021613560151973132,0.024529884545552674,-0.08210743830471223,-0.04671783406556784,-0.20158899016012377
Costa Rica,CRI,1989,quadratic,-0.06770182509689704,0.008887014822020929,-0.07813477672559088,-0.03208692656387058,-0.2085395626966644
Costa Rica,CRI,1990,quadratic,-0.2130102343483884,-0.012279762009042593,-0.08474811905870538,-0.031080308292992243,-0.17548900972309944
Costa Rica,CRI,1991,quadratic,-0.16606809402444522,0.010510384313235956,-0.10363396336556896,-0.057167638307216606,-0.22517286678297843
Costa Rica,CRI,1992,quadratic,-0.12219681926035708,-0.0017778448264130706,-0.05975577145426847,-0.01595488945192791,-0.06163816396971633
Costa Rica,CRI,1993,quadratic,-0.08754269000664827,-0.021645953675809675,-0.03166538888074477,0.020442163535166813,-0.0030991701179416964
Costa Rica,CRI,1994,quadratic,0.015222222075596648,-0.013930184621840667,-0.02901816304917837,0.01484711190487964,-0.04242750289680153
Costa Rica,CRI,1995,quadratic,0.07536749080828287,0.012226490800470374,-0.03446755788740674,0.00163669923705001,-0.1435944017961308
Costa Rica,CRI,1996,quadratic,0.018656814744383965,0.0061911414746008905,-0.06997144203345229,0.009405082343217686,-0.3139710114879044
Costa Rica,CRI,1997,quadratic,0.08235230151627082,0.0015795942257104609,-0.06018340187969251,0.001674731397777407,-0.1803508957596076
Costa Rica,CRI,1998,quadratic,0.11413393703251984,0.011081614555388888,-0.023678272893350893,-0.008588760740156687,-0.02143965772807732
Costa Rica,CRI,1999,quadratic,0.10131103257569052,0.09498498859561533,0.012219447444911324,-0.0404749640610671,-0.1706400556543528
Costa Rica,CRI,2000,quadratic,0.037924743445629794,0.06350234706533603,-0.011616080240775872,-0.027545459092184643,-0.20293939883917744
Costa Rica,CRI,2001,quadratic,0.02914744425375204,0.005125769485490296,-0.041073616641572386,-0.03384826879449143,-0.05086801989328116
Costa Rica,CRI,2002,quadratic,0.02361385412796313,-0.016242162524145308,-0.051287853273707995,-0.051772044042902365,0.04527768645162844
Costa Rica,CRI,2003,quadratic,0.020665995238676516,0.01460283429522433,-0.02688072454471424,-0.041860330592735195,-0.02338004023092033
Costa Rica,CRI,2004,quadratic,-0.003944849614140544,0.00038522906346648983,-0.021962036149616893,-0.047337749316987754,0.09364714982144307
Costa Rica,CRI,2005,quadratic,-0.02724698245839452,-0.023600983722919446,-0.0008863541724881685,-0.004607920089515716,0.1643175672556101
Costa Rica,CRI,2006,quadratic,-0.038824864816790594,-0.03424105062402409,0.04780262159133386,0.028328418052566917,0.2929173858164269
Costa Rica,CRI,2007,quadratic,-0.028632538146823983,-0.02313499091865275,0.0893791186063897,0.08056980862357221,0.2640953407125952
Costa Rica,CRI,2008,quadratic,-0.0449915071024396,-0.07735244137731899,0.08211994724691785,0.08888110329058385,0.3666934245710589
Costa Rica,CRI,2009,quadratic,0.011612894154059639,0.033776622629247924,0.038165937435648445,0.024507457882297246,-0.20561691912024394
Costa Rica,CRI,2010,quadratic,-0.0021611325796095926,0.0029647531392159067,0.050546387768863,0.009215477186373278,0.014664805011664228
Costa Rica,CRI,2011,quadratic,-0.011967299213548444,-0.019163777665954222,0.05862084797322886,0.033840390260516884,0.04693308869567048
Costa Rica,CRI,1980,hp,0.06665885894862544,-0.056155286691672884,0.06621344319291822,0.0500776816342281,0.2327830709761738
Costa Rica,CRI,1981,hp,-0.05474069381616875,0.0006404869396456903,0.019937062673156092,-0.08515129310156055,0.3109118188713431
Costa Rica,CRI,1982,hp,-0.06594921128327869,0.07161445123314739,-0.07786407281304619,-0.22909651096146533,0.09404659308510865
Costa Rica,CRI,1983,hp,-0.09301179242681457,0.028154612003412197,-0.07281954512320965,-0.00818046016058993,-0.2970995397682845
Costa Rica,CRI,1984,hp,-0.00541482966963347,0.03110622387322463,-0.03834577635300995,0.010620637946866296,-0.29970883690820216
Costa Rica,CRI,1985,hp,-0.000774675430694316,0.013538692914642306,-0.05699133908193055,0.00883553369779122,-0.35380598294999643
Costa Rica,CRI,1986,hp,0.2746538953192772,0.027118906644508587,-0.03357412515487468,-0.02678227319537463,-0.15381610622839048
Costa Rica,CRI,1987,hp,0.0670582127180781,-0.011117968448754179,-0.0036620440885162253,0.014745908626004223,0.08268144715554016
Costa Rica,CRI,1988,hp,0.049928737882227736,0.007135359212666895,-0.0060697753243612595,-0.00172213168028712,-0.001413763502144505
Costa Rica,CRI,1989,hp,-0.03048110207939203,-0.006080951226510114,0.0006340910445725711,0.00853858705276167,-0.0054708621312293815
Costa Rica,CRI,1990,hp,-0.17014770478838237,-0.02480908654827313,-0.00608761882700648,0.0043639641999924095,0.02401964593141237
Costa Rica,CRI,1991,hp,-0.12290677066832156,-4.113601528597105e-05,-0.027447705578342863,-0.027257316411867905,-0.03357255263403225
Costa Rica,CRI,1992,hp,-0.08445751180825312,-0.011037226900873234,0.012124942593004562,0.008483475610818303,0.11957053784344218
Costa Rica,CRI,1993,hp,-0.06009493740576666,-0.030523280750757026,0.034887530797425015,0.04015784193348537,0.1674353998199738
Costa Rica,CRI,1994,hp,0.029204726749066268,-0.0234495849807175,0.03187251287112147,0.03119181545397609,0.11815546153874479
Costa Rica,CRI,1995,hp,0.0750078497232245,0.0012320766528360026,0.02076535081866382,0.016163002979807217,0.007090175424036005
Costa Rica,CRI,1996,hp,0.0050828780472622626,-0.006685543338197663,-0.020371623194275656,0.023554506395662145,-0.17498246589739885
Costa Rica,CRI,1997,hp,0.05794658883389836,-0.013173255266765833,-0.016379448264583374,0.01661611091926929,-0.05677779066856026
Costa Rica,CRI,1998,hp,0.08248280869158897,-0.005061075336003636,0.014183303667945069,0.00780517938911629,0.08282665819717039
Costa Rica,CRI,1999,hp,0.0666252237144338,0.0785507334340108,0.04417219313273435,-0.022642249315103058,-0.08917603945110208
Costa Rica,CRI,2000,hp,0.004214535926903018,0.04853736336352649,0.014499605727314346,-0.009040198644337138,-0.14820562138596038
Costa Rica,CRI,2001,hp,-0.00044358557211410243,-0.006732051759554616,-0.021126716197400697,-0.015962711990127332,-0.026333088295448448
Costa Rica,CRI,2002,hp,0.0003767274734975956,-0.02396324968212859,-0.03838995717283922,-0.036234058671498204,0.03808655322526633
Costa Rica,CRI,2003,hp,0.005113082218088039,0.011507054005522623,-0.022249277459760464,-0.03067377576798158,-0.061619738230801246
Costa Rica,CRI,2004,hp,-0.011391420829178323,0.002101962071010481,-0.026767809034668133,-0.04242013489005991,0.0268602405859788
Costa Rica,CRI,2005,hp,-0.027124396809188767,-0.017300967881476705,-0.016030951488511747,-0.007483668891387296,0.07392485119206249
Costa Rica,CRI,2006,hp,-0.03251570614934085,-0.024024438925050705,0.021954439966837214,0.016952171560031815,0.18603171579601074
Costa Rica,CRI,2007,hp,-0.018093545243730524,-0.009932917172723231,0.05315974689426817,0.060878055036525325,0.14926176955830606
Costa Rica,CRI,2008,hp,-0.03242841662140794,-0.06212024183996375,0.036339389366716546,0.06178143654759616,0.25202888789973343
Costa Rica,CRI,2009,hp,0.023926283132654547,0.050158738429269795,-0.016419790463347184,-0.00897870528600464,-0.3139162205935282
Costa Rica,CRI,2010,hp,0.007884977559715622,0.020312904818316282,-0.01250587566356387,-0.03013975725004059,-0.08551408432924923
Costa Rica,CRI,2011,hp,-0.006189086338111771,-0.0008387287304851901,-0.012812500266559113,-0.011280694807375369,-0.044672073153368075
Costa Rica,CRI,1980,hamilton,,-0.058429751682383756,-0.048166960930828395,-0.059365197312574836,0.11107635094167811
Costa Rica,CRI,1981,hamilton,,0.01739033639049005,-0.11359165604268284,-0.218658624234088,0.07638833449150795
Costa Rica,CRI,1982,hamilton,,0.09945709368963207,-0.18124728381467392,-0.3343216868200436,-0.21649521863022692
Costa Rica,CRI,1983,hamilton,-0.0837502263660248,0.04773626076205716,-0.11974493356397886,-0.0005728613444464514,-0.6870657003039735
Costa Rica,CRI,1984,hamilton,-0.014959675355059154,0.030483623758469927,0.03391395214061532,0.16034612690751793,-0.5357348699716376
Costa Rica,CRI,1985,hamilton,0.016904122992976056,0.01576724530778508,-0.025148194348968644,0.04048340374694703,-0.27321215996773596
Costa Rica,CRI,1986,hamilton,0.22452872840071691,0.03292147152217005,-0.04023813688257505,-0.04901376961363901,-0.02675457909721146
Costa Rica,CRI,1987,hamilton,0.04598651436490453,-0.003061775420768194,0.035798957181963686,-0.003206863407418936,0.2736858555030839
Costa Rica,CRI,1988,hamilton,-0.1762448222132127,0.01221257453245543,0.0002300598551467914,0.012370708220467819,0.06554734621455083
Costa Rica,CRI,1989,hamilton,-0.005685064778353066,0.00450434141279879,-0.01887037351042764,0.00562495264349927,-0.10839161690829613
Costa Rica,CRI,1990,hamilton,-0.19307640823832184,-0.015564245615800547,-0.005242777400175314,0.008065625859074999,-0.013660088487046806
Costa Rica,CRI,1991,hamilton,-0.08073557964637779,0.009540660312025766,-0.03234243330377673,-0.02445537941894571,-0.04822921288033655
Costa Rica,CRI,1992,hamilton,0.04982429555375045,0.004382434303827988,0.022773514032122577,0.013951535379113977,0.09490466906742867
Costa Rica,CRI,1993,hamilton,0.005676454960215516,-0.01784364611843449,0.07462412069284774,0.06995257972526936,0.19237203638652112
Costa Rica,CRI,1994,hamilton,0.0928869431231556,-0.009289556131808027,0.010338043443194778,0.04162206459968942,0.03778752302021715
Costa Rica,CRI,1995,hamilton,0.14233880275409128,0.023332216378405848,-0.015292818853733792,-0.005590357915364663,-0.11363162948489247
Costa Rica,CRI,1996,hamilton,0.018984722372893614,0.01826405431190343,-0.04254444312540784,-0.0006564203203627272,-0.2544332928894839
Costa Rica,CRI,1997,hamilton,0.06929049578065971,0.00733003224077744,-0.023648324949105515,0.0034238796284427053,-0.038801536760002975
Costa Rica,CRI,1998,hamilton,0.1616599015408129,0.015867324933161803,0.05978556826759274,-0.008409063709555298,0.2577877279612242
Costa Rica,CRI,1999,hamilton,0.07893878485768369,0.10204420666635107,0.06866108797921555,-0.03533869213264573,0.02334854935630659
Costa Rica,CRI,2000,hamilton,0.007647927957606271,0.06943584239625103,-0.0005381129431221154,-0.012246761891734792,-0.132351545944573
Costa Rica,CRI,2001,hamilton,0.013435387150959599,-0.008724389200103436,-0.06381274990611807,0.007673144521557873,0.12509660246223575
Costa Rica,CRI,2002,hamilton,0.045371657352295536,-0.03159562986996768,-0.026462162633809072,-0.011439197097326215,0.2587256965991376
Costa Rica,CRI,2003,hamilton,0.020865829106505807,0.016701508862056073,0.02922793649357658,0.0012740466585068333,0.08229324053897713
Costa Rica,CRI,2004,hamilton,-0.011298712809476363,0.014410506132381977,0.03687627157275308,0.01113799185215214,0.12168649137545984
Costa Rica,CRI,2005,hamilton,-0.044233721928780056,-0.013742802042926952,0.021088878058511895,0.05178784643966061,0.24149122011883684
Costa Rica,CRI,2006,hamilton,-0.04928908132793097,-0.023973309765762722,0.07343371771405671,0.08759197245366401,0.29082558216793153
Costa Rica,CRI,2007,hamilton,-0.04172340537675101,-0.005222659439553738,0.08876752161342516,0.11149422594618663,0.20564088166547023
Costa Rica,CRI,2008,hamilton,-0.07036499999619394,-0.05377935413420992,0.02401152770679893,0.08794558506760275,0.2114990681947777
Costa Rica,CRI,2009,hamilton,-0.03997877822353235,0.05653745182805271,-0.05664385263212246,-0.019991372129799956,-0.34351289287021025
Costa Rica,CRI,2010,hamilton,-0.05390286482017892,0.03751865314671156,-0.017084299893603827,-0.05156482755327829,-0.19422574420647898
Costa Rica,CRI,2011,hamilton,-0.12909722718900607,-0.0035795659782546577,0.04872100682406533,0.018512651550731007,0.26336156682735457
Cote d'Ivoire,CIV,1980,quadratic,-0.22182230803797598,-0.1095674229170118,0.11447835276577223,0.1352643041136119,0.580291231153856
Cote d'Ivoire,CIV,1981,quadratic,-0.2318601159990985,-0.11868453256334452,0.10553369564657267,0.13458899987592154,0.5654629820832557
Cote d'Ivoire,CIV,1982,quadratic,-0.20739789621928928,-0.07025318016587603,0.0659705559026218,0.07122309702539198,0.43064277648884364
Cote d'Ivoire,CIV,1983,quadratic,-0.08321671562827948,-0.026745495426957117,-0.013236595744434254,0.0060772961815693805,0.1378138865517169
Cote d'Ivoire,CIV,1984,quadratic,0.15826404880233014,0.08622209489702039,-0.0775034039762037,-0.12507700255058118,-0.36706217634405647
Cote d'Ivoire,CIV,1985,quadratic,0.3121361335378552,0.09536621619577423,-0.06761143105126521,-0.1385255072876337,-0.23419686152971586
Cote d'Ivoire,CIV,1986,quadratic,0.3938691106499306,0.047828771614581336,-0.06680443169662986,-0.06257289603727756,-0.28719089388906305
Cote d'Ivoire,CIV,1987,quadratic,0.2461455330447686,-0.005258193968380211,-0.09888210771568673,-0.037918373786389736,-0.2811392116220688
Cote d'Ivoire,CIV,1988,quadratic,0.2020681011638361,-0.017241267220369377,-0.11393544950685808,-0.05782524379675458,-0.2521205487159808
Cote d'Ivoire,CIV,1989,quadratic,0.07595055131643402,-0.014570674369530065,-0.10956985392537177,-0.027420288087782296,-0.5814759873983792
Cote d'Ivoire,CIV,1990,quadratic,-0.029629985580459817,-0.002636352285000039,-0.1439254606409719,-0.03903810081234482,-0.8843426678729198
Cote d'Ivoire,CIV,1991,quadratic,0.09132448666116666,-0.017844955543190762,-0.165536539972285,-0.04917404429247263,-0.792969600549366
Cote d'Ivoire,CIV,1992,quadratic,0.1620314802052949,-0.013448129849934536,-0.18842376183675746,-0.09857803014241107,-0.8589561399336159
Cote d'Ivoire,CIV,1993,quadratic,-0.5528059570732982,-0.01774232115157034,-0.20884108246188404,-0.1352992083976634,-0.5148820930617859
Cote d'Ivoire,CIV,1994,quadratic,-0.0678062961006125,0.04211896278922832,-0.21684729643707357,-0.272518753291914,-0.1681464870439413
Cote d'Ivoire,CIV,1995,quadratic,-0.05582323289714708,0.012130262787538953,-0.16139197827683738,-0.17186455150643098,0.03389328683097759
Cote d'Ivoire,CIV,1996,quadratic,-0.06918031617343967,0.02649786530233708,-0.09772025459157163,-0.08277881568215761,-0.13736688607302128
Cote d'Ivoire,CIV,1997,quadratic,-0.06718963591461691,0.0246555894347431,-0.05039156140557388,-0.02290910943345814,0.10279594642688394
Cote d'Ivoire,CIV,1998,quadratic,-0.06474820977913964,0.006018379719905015,-0.009511858949597496,0.0588825376883495,0.08364112618389008
Cote d'Ivoire,CIV,1999,quadratic,-0.04725908030179671,0.02226402321921015,0.0036975169606634495,0.04202940977840619,0.09837968713843104
Cote d'Ivoire,CIV,2000,quadratic,-0.2133971115893818,0.006160948080872836,-0.03342493933850221,0.03169394578612206,-0.11602213617287838
Cote d'Ivoire,CIV,2001,quadratic,-0.11526009793019654,0.015739502178743037,-0.029940556320621425,-0.0005415616356021502,-0.05991124421855609
Cote d'Ivoire,CIV,2002,quadratic,0.13097897797466818,0.09131094555766946,-0.037885257464646216,-0.12591608284895628,-0.1526332200350602
Cote d'Ivoire,CIV,2003,quadratic,0.09381989315086159,0.03225351451235077,-0.045005160521045084,-0.06535916597437286,-0.13618257163194336
Cote d'Ivoire,CIV,2004,quadratic,0.022405258550398877,0.014647557845093334,-0.01743755176444317,-0.03608901077122262,-0.02437499898585571
Cote d'Ivoire,CIV,2005,quadratic,0.006616739528905846,-0.0044814076246651735,0.005434145072126029,0.015495508799348912,-0.0866375652290845
Cote d'Ivoire,CIV,2006,quadratic,0.0013154513760706976,0.02186060915137164,0.023096719795692167,-0.011921164499762327,-0.09229894485692114
Cote d'Ivoire,CIV,2007,quadratic,0.014973570810496994,-0.025759108335136963,0.05144473885281009,0.06871828964752424,-0.11702083260792051
Cote d'Ivoire,CIV,2008,quadratic,-0.000728878765554164,-0.007896749964408423,0.08616166187426266,0.04933040878937334,0.09168850209793789
Cote d'Ivoire,CIV,2009,quadratic,0.027797550477986377,-0.004226418389738765,0.13487173822660026,0.06365032833689455,0.2728594758562881
Cote d'Ivoire,CIV,2010,quadratic,0.07043942400546843,-0.04697997802215124,0.1705946053563494,0.09496604136012188,0.5201598271728152
Cote d'Ivoire,CIV,2011,quadratic,0.017989526733675376,-0.06963148323820847,0.13431107186056757,0.1586745856793268,0.6800911908745633
Cote d'Ivoire,CIV,1980,hp,-0.03648519921116211,-0.0749548928273756,-0.01563978488435147,0.043032499443469874,0.15775341377328722
Cote d'Ivoire,CIV,1981,hp,-0.11542886774946304,-0.08683558473230323,0.005438865572919838,0.0624076508725846,0.22591263273240791
Cote d'Ivoire,CIV,1982,hp,-0.1558379852295344,-0.044135484921786365,-0.0007750754426201212,0.022454367769643824,0.1932382041267786
Cote d'Ivoire,CIV,1983,hp,-0.09097447791150337,-0.008167017798590756,-0.04529561892384493,-0.017864605014194623,0.015147984817179605
Cote d'Ivoire,CIV,1984,hp,0.09981979775491912,0.09705445002969476,-0.07551914051245845,-0.12495036682005711,-0.37089431117390426
Cote d'Ivoire,CIV,1985,hp,0.2156238435360649,0.09992827427957673,-0.03375497723790133,-0.1170824791604641,-0.12374941038747167
Cote d'Ivoire,CIV,1986,hp,0.2748962988270254,0.04830854392282402,-0.00401946719293278,-0.02330996977085853,-0.07195837180534603
Cote d'Ivoire,CIV,1987,hp,0.1211525454221114,-0.006959793078689172,-0.010547345774305938,0.016094431425742073,0.025681026378361338
Cote d'Ivoire,CIV,1988,hp,0.08557914966261126,-0.019993505747753906,-0.0038244423018714002,0.008526995929127423,0.1301067939003122
Cote d'Ivoire,CIV,1989,hp,-0.020637811696565755,-0.0179434047372593,0.01825448090545123,0.04935957216719444,-0.1432622180069405
Cote d'Ivoire,CIV,1990,hp,-0.0989046587894622,-0.006700076283610808,-0.0027018368627533818,0.0466709264750893,-0.4141042840259441
Cote d'Ivoire,CIV,1991,hp,0.05299953163787663,-0.02299139028311498,-0.015661331774847298,0.043885461297117345,-0.3177769268652746
Cote d'Ivoire,CIV,1992,hp,0.15550424540326535,-0.020323206998663065,-0.035051321229373045,-0.0002936794793679809,-0.4048469704893769
Cote d'Ivoire,CIV,1993,hp,-0.5300054912810603,-0.02701627303082187,-0.05737579561717965,-0.0349014450012497,-0.10368392212426869
Cote d'Ivoire,CIV,1994,hp,-0.023021213457680823,0.029954835273493907,-0.0725930704787352,-0.17410187181879522,0.18657196063498738
Cote d'Ivoire,CIV,1995,hp,0.004030373649142049,-0.0029662471245712266,-0.02897848332344566,-0.0801566944798573,0.3278588952356749
Cote d'Ivoire,CIV,1996,hp,-0.0005170757403272219,0.008576312027290298,0.019623006948185306,-0.0014009547737696693,0.0990026561716828
Cote d'Ivoire,CIV,1997,hp,0.004641247583102803,0.004195540094776629,0.05034191685497369,0.046426521481507166,0.28887749580335154
Cote d'Ivoire,CIV,1998,hp,0.005230395912693808,-0.016600173242659458,0.07456600863979901,0.11638645207879961,0.2299040295996786
Cote d'Ivoire,CIV,1999,hp,0.01642298418955157,-0.0020815511802736164,0.07206424979205117,0.08937060324257118,0.2155657901588679
Cote d'Ivoire,CIV,2000,hp,-0.1599324981763557,-0.01926267409406794,0.020419777866703015,0.0708360315307619,-0.01919752962070298
Cote d'Ivoire,CIV,2001,hp,-0.07557472179846236,-0.009874887122606119,0.010095265110994234,0.031765941172375634,0.021084970252628565
Cote d'Ivoire,CIV,2002,hp,0.1552817792787744,0.06682400350748761,-0.01162540901193232,-0.10038608693398032,-0.08692251750120938
Cote d'Ivoire,CIV,2003,hp,0.10385097795562626,0.010741916690665002,-0.03326951196155825,-0.04817470905966381,-0.0894155748379113
Cote d'Ivoire,CIV,2004,hp,0.020436863265942407,-0.002179356206089292,-0.021639225631391312,-0.029439372245615658,-0.00354175050523331
Cote d'Ivoire,CIV,2005,hp,-0.004956031132379302,-0.015160274965565948,-0.016450174253721528,0.009281549356041197,-0.10116580065819569
Cote d'Ivoire,CIV,2006,hp,-0.017548090280032902,0.01856896842036404,-0.01833137626446657,-0.0331726079603083,-0.15401867530976254
Cote d'Ivoire,CIV,2007,hp,-0.008899077477477313,-0.020496922847151836,-0.011339571717480013,0.030317554159351445,-0.2391526867095859
Cote d'Ivoire,CIV,2008,hp,-0.02718542843870697,0.0068275913769536845,0.0004407062802638251,-0.007937622619284213,-0.10392653503564198
Cote d'Ivoire,CIV,2009,hp,0.0014148363248569495,0.02081510769314064,0.024979110074731636,-0.014112374309162234,-0.006768707583185929
Cote d'Ivoire,CIV,2010,hp,0.04729266822046352,-0.010887814969627561,0.035636273029057364,-0.004748703038119473,0.1495688956129193
Cote d'Ivoire,CIV,2011,hp,0.0017310897445446116,-0.02208495872485835,-0.02651579144383831,0.0358615575593344,0.21523595791500227
Cote d'Ivoire,CIV,1980,hamilton,,-0.08528868664063538,-0.1708043348023125,0.003161904340229782,-0.17034403390690223
Cote d'Ivoire,CIV,1981,hamilton,,-0.10000320268369148,-0.11771380339660809,0.013457900276078405,-0.060679428201973806
Cote d'Ivoire,CIV,1982,hamilton,,-0.042601192765797324,0.06149289740343811,0.013255017443970729,0.006861147363839137
Cote d'Ivoire,CIV,1983,hamilton,0.08235934809746936,-0.00038057164754215327,-0.09430214021434224,-0.06650602072568113,-0.3350368419684937
Cote d'Ivoire,CIV,1984,hamilton,0.30350012577732866,0.08488506536230837,-0.10800669083024594,-0.1401263190302764,-0.6929645414845478
Cote d'Ivoire,CIV,1985,hamilton,0.3852047023580063,0.08141383846738831,-0.007052062631540679,-0.10856233143100269,-0.2675765155020855
Cote d'Ivoire,CIV,1986,hamilton,0.31861821474500474,-0.01663122251606737,0.04148241596190516,0.07262744511927899,0.1683183154113248
Cote d'Ivoire,CIV,1987,hamilton,0.03278083730712478,-0.04995794465492384,-0.04203268697905216,0.07910082532221452,-0.14323292876026628
Cote d'Ivoire,CIV,1988,hamilton,-0.0941171552465887,-0.03416046320166624,-0.05503559061290453,-0.015499846266191497,-0.016656551941713005
Cote d'Ivoire,CIV,1989,hamilton,-0.18196125751163006,-0.012787430558590954,-0.006142398118841541,0.007128615818880135,-0.3753349240534902
Cote d'Ivoire,CIV,1990,hamilton,-0.23592420434371864,-0.005088307770548549,-0.03863050024354919,0.01718589909438073,-0.7158575494515809
Cote d'Ivoire,CIV,1991,hamilton,-0.05215333011217638,-0.02338972831195377,-0.07726588912519539,-0.0277951810443664,-0.23933373746772624
Cote d'Ivoire,CIV,1992,hamilton,0.09417812686722105,-0.023747746118631008,-0.050710948083226626,-0.062361640020970555,-0.06329771930281147
Cote d'Ivoire,CIV,1993,hamilton,-0.6495269870377509,-0.016241961654831476,-0.06134336317643907,-0.09518284628121165,0.07351526866964875
Cote d'Ivoire,CIV,1994,hamilton,-0.22743846377769383,0.03929054008036196,-0.05087314637032847,-0.19220652670739824,0.518835539454571
Cote d'Ivoire,CIV,1995,hamilton,0.08363320490452786,0.013927095569151685,0.018684957063150875,-0.07200878089517282,0.2942512673305462
Cote d'Ivoire,CIV,1996,hamilton,0.03784940290935168,-0.0029576572559894265,0.07975788080451096,0.1318558215946375,-0.17849194621955355
Cote d'Ivoire,CIV,1997,hamilton,-0.08599011497365971,0.025642389849307924,0.0394076853159504,0.06463575817242351,-0.07127633575764314
Cote d'Ivoire,CIV,1998,hamilton,-0.07712699233113796,-0.0052998752912410685,0.015247812039733688,0.08260784918912556,0.16424422770283265
Cote d'Ivoire,CIV,1999,hamilton,-0.05248152325157651,0.016903767317896765,-0.008579544439736964,0.026064617871565332,-0.16074992451959247
Cote d'Ivoire,CIV,2000,hamilton,-0.2144405511373817,0.012344054831682369,-0.08243896716457577,-0.05089833624032103,-0.2853648920047309
Cote d'Ivoire,CIV,2001,hamilton,-0.11779481676668357,0.011426993190353923,-0.07931447202214237,-0.05418255411463058,-0.26016814092227847
Cote d'Ivoire,CIV,2002,hamilton,0.20563405901158927,0.10132202806724971,-0.030059039512400076,-0.17876406224093344,-0.107514883057938
Cote d'Ivoire,CIV,2003,hamilton,0.17620143251152687,0.03610971917948158,-0.06625064127533875,-0.09601200823606781,-0.23146946606759045
Cote d'Ivoire,CIV,2004,hamilton,-0.019004649962420572,-0.017134902807147565,-0.029183808323514526,0.03622144494203816,-0.002857627447115263
Cote d'Ivoire,CIV,2005,hamilton,-0.06941442564984879,0.014014014770788959,-0.004347639315978924,-0.0015763914338418061,-0.12176019315211128
Cote d'Ivoire,CIV,2006,hamilton,-0.02120149950882322,0.039828985857781996,-0.03452420133131895,-0.04846436473834714,-0.26068586893260104
Cote d'Ivoire,CIV,2007,hamilton,0.031114352471225182,0.0015071065591813967,-0.02840793607936476,-0.015055382923225835,-0.18702949991827822
Cote d'Ivoire,CIV,2008,hamilton,0.036433745600461975,0.004269365835885219,-0.011060841305344127,-0.004118172771805817,-0.00029475504218900994
Cote d'Ivoire,CIV,2009,hamilton,0.0760338706224628,0.04207272163058116,0.0018829345778339501,-0.07688115350591396,0.1985640272776923
Cote d'Ivoire,CIV,2010,hamilton,0.13906877971484466,-0.017129283236020997,-0.0016446587095568788,-0.01666112171060341,0.18657775432414248
Cote d'Ivoire,CIV,2011,hamilton,0.09596576871305462,-0.034509292381690586,-0.09404008893423033,0.02241841366848618,0.19209286065883724
Dominican Republic,DOM,1980,quadratic,-0.0419522363026692,-0.04771936885502784,0.13146296064766005,0.12919775434457925,0.28290609206162287
Dominican Republic,DOM,1981,quadratic,0.04614899362823799,0.01755271646041099,0.12218705912783179,0.03636442056323119,0.20002820861856385
Dominican Republic,DOM,1982,quadratic,-0.06663287883682667,0.0125400582276197,0.08808112059846884,0.056089099892517424,-0.01188616409786114
Dominican Republic,DOM,1983,quadratic,0.02701381035840722,0.024941217990228443,0.08264460467326984,0.02875207197663343,0.02786126537660749
Dominican Republic,DOM,1984,quadratic,-0.052615195131640924,0.01982445463806324,0.044751971292031456,0.003947493300447746,-0.004146413263805826
Dominican Republic,DOM,1985,quadratic,0.026492545884812202,-0.017850562199675388,-0.026670416406997077,0.04332501391572663,-0.27305435869863537
Dominican Republic,DOM,1986,quadratic,0.06225153302080777,-0.017128781113427513,-0.04162933183032358,0.00583786743732162,-0.17467745435798854
Dominican Republic,DOM,1987,quadratic,0.050398591805367765,-0.048212655673447694,0.005561388540403556,0.04634689432316641,0.07377494846082122
Dominican Republic,DOM,1988,quadratic,0.23909212303709548,-0.013538542178358468,-0.021926591781957327,-0.024089088007610115,0.05926529103456346
Dominican Republic,DOM,1989,quadratic,0.21730109871709224,-0.03505267615539173,-0.027341601030460794,-0.05310496948649046,0.20358790765956591
Dominican Republic,DOM,1990,quadratic,-0.1947186859890193,-0.013289373669615315,-0.13157738670354568,-0.11594364292675863,-0.022157693701517545
Dominican Republic,DOM,1991,quadratic,-0.08035641617080902,0.048990509620529546,-0.1700205293837982,-0.12548917110122915,-0.46330846550190063
Dominican Republic,DOM,1992,quadratic,-0.16067603280259135,0.012735244849404505,-0.11754996326719436,-0.0511565938415508,-0.32680513948272427
Dominican Republic,DOM,1993,quadratic,-0.19011735280811948,0.026485566520017788,-0.09484398344392453,-0.06148698708812006,-0.27583069938789606
Dominican Republic,DOM,1994,quadratic,-0.10177605594765016,0.03202386462906054,-0.1184949130959918,-0.10631976726819481,-0.2510877871830761
Dominican Republic,DOM,1995,quadratic,-0.04065314267751674,0.04361506011352304,-0.11074173428309919,-0.09735743481035364,-0.31178478426577527
Dominican Republic,DOM,1996,quadratic,-0.040264148289976376,0.048508950071255816,-0.08686256674045367,-0.08879711859139405,-0.2621161386468547
Dominican Republic,DOM,1997,quadratic,0.013746032518764828,0.03813132053188848,-0.054215096142467445,-0.07730821294815193,-0.1743056176405311
Dominican Republic,DOM,1998,quadratic,0.037957272388864816,0.001032384555329821,-0.030280630174598144,-0.07398745927197048,0.09997462376305677
Dominican Republic,DOM,1999,quadratic,0.06001496746835322,0.00906967649243065,-0.008741980029505214,-0.057461965371798485,0.08797912779347072
Dominican Republic,DOM,2000,quadratic,0.04884351042414359,-0.012440169620888356,0.0030773880797756448,-0.04006701798741297,0.15523165389864957
Dominican Republic,DOM,2001,quadratic,0.06503774899497561,0.004843216079587695,-0.02197034355137184,-0.06790090403009508,0.05097643447590805
Dominican Republic,DOM,2002,quadratic,0.07504414955737904,-0.0020903592679532845,-0.008427657063956318,-0.05381667788791411,0.09237708102840081
Dominican Republic,DOM,2003,quadratic,0.040857859258824014,0.07237079433309346,-0.05343554157754404,-0.09861170274920994,-0.27455637394757737
Dominican Republic,DOM,2004,quadratic,0.02778896230256045,0.08240369205056498,-0.08260098872760224,-0.13178830981320644,-0.2819666579385114
Dominican Republic,DOM,2005,quadratic,0.015149513624393762,0.022146383606379418,-0.03592994497276081,-0.03583075614280773,-0.1061948821614962
Dominican Republic,DOM,2006,quadratic,4.682634204034031e-05,-0.007229491609140451,0.023828740666360204,0.023139037557456277,0.09131585047166801
Dominican Republic,DOM,2007,quadratic,0.024842086048221468,-0.022906840890751665,0.0638199831016184,0.06446799570858452,0.18972973088095024
Dominican Republic,DOM,2008,quadratic,-0.03170633126985223,-0.07457839907529995,0.07399315182701827,0.13155262844278148,0.19923816837231811
Dominican Republic,DOM,2009,quadratic,0.033628087996428135,-0.012711857188227274,0.06724193356878949,0.09382218374376627,0.015301470378778603
Dominican Republic,DOM,2010,quadratic,-0.019138387470623464,-0.05159662105154307,0.10155365609258382,0.14532019151458897,0.19073533989568858
Dominican Republic,DOM,2011,quadratic,-0.0910488496794013,-0.04377729134955444,0.10543620786507368,0.1411661954611798,0.22932523262809212
Dominican Republic,DOM,1980,hp,-0.01639858526589766,-0.04063848371891564,0.02451416209981261,0.03807809664854922,0.11185942229488965
Dominican Republic,DOM,1981,hp,0.05679091213409837,0.023419097291245826,0.02745574012986296,-0.04228174645129812,0.06180346400215164
Dominican Republic,DOM,1982,hp,-0.0682769622934174,0.01765224172984336,0.00920302265928008,-0.008640183449864836,-0.11312434596000465
Dominican Republic,DOM,1983,hp,0.015305532239136888,0.0298833121711667,0.02248765966414723,-0.021146697698176453,-0.035454218541172366
Dominican Republic,DOM,1984,hp,-0.07188701425957689,0.02512784611840311,0.005324271220040089,-0.030650493872078854,-0.030700323001376262
Dominican Republic,DOM,1985,hp,0.002283630434080308,-0.012006041307597248,-0.04444549599564951,0.024266183896454407,-0.26575053478899946
Dominican Republic,DOM,1986,hp,0.036576627107597126,-0.011166131666808937,-0.03796637456248497,0.0026311799772607003,-0.1378554508729799
Dominican Republic,DOM,1987,hp,0.027550626160096847,-0.04303765108594497,0.02975429482477665,0.05913728374428118,0.13699736925842565
Dominican Republic,DOM,1988,hp,0.22382008698921307,-0.010428067103418315,0.02157433521152008,0.004648949732899865,0.14837071319978357
Dominican Republic,DOM,1989,hp,0.21453453393347655,-0.035224349975391714,0.033634034948960334,-0.009254447709571068,0.31928928787261945
Dominican Republic,DOM,1990,hp,-0.1821078863739558,-0.017797269824829695,-0.055787480229179565,-0.058648026614935844,0.1205992667327962
Dominican Republic,DOM,1991,hp,-0.05369935289445671,0.03960810713168368,-0.08324025802281554,-0.05715553049743782,-0.29648253005841685
Dominican Republic,DOM,1992,hp,-0.12368572161040081,-0.0013661858313843839,-0.02420882494295995,0.02565480033598888,-0.14354905429500953
Dominican Republic,DOM,1993,hp,-0.1483517309246647,0.008118266857762978,0.0008553341853900776,0.021660244774645676,-0.0854706844731492
Dominican Republic,DOM,1994,hp,-0.061401124860519296,0.010155198122919429,-0.024171205305153265,-0.01881680678238773,-0.06320196676781187
Dominican Republic,DOM,1995,hp,-0.006959450828067482,0.019239689159600157,-0.021067080301529373,-0.007533650385111557,-0.13534847994109356
Dominican Republic,DOM,1996,hp,-0.017052779824729747,0.02275014534295142,-0.004408353313136715,0.0014459575360792343,-0.1048698497007674
Dominican Republic,DOM,1997,hp,0.02423305225640693,0.012048564088302578,0.019360018014431546,0.01166133159460081,-0.04140153625855092
Dominican Republic,DOM,1998,hp,0.03520750465686895,-0.024606131612167348,0.03371353755766471,0.012209979773993851,0.20702131099491794
Dominican Republic,DOM,1999,hp,0.045003229603486794,-0.015768183116220344,0.04573260550570346,0.02454243032426362,0.1717042552512904
Dominican Republic,DOM,2000,hp,0.023679800795406436,-0.03628667078042679,0.04851983165174012,0.03627893276682492,0.2201518638106439
Dominican Republic,DOM,2001,hp,0.032517214707566744,-0.0178292573019007,0.0148961482423271,0.0010313121483633836,0.10187213436991804
Dominican Republic,DOM,2002,hp,0.038410288444739926,-0.02305130139597878,0.019802624771108057,0.005293836711091515,0.13209092509378628
Dominican Republic,DOM,2003,hp,0.0034773477355676263,0.054192013653438086,-0.03456713772925113,-0.05239384722452023,-0.24613820620363747
Dominican Republic,DOM,2004,hp,-0.007232447519980312,0.06884134274764103,-0.07468356698969103,-0.10224999971599225,-0.26923537094194927
Dominican Republic,DOM,2005,hp,-0.014702740166733896,0.015256455205467916,-0.04107037418701509,-0.02695086821227477,-0.11535768220931253
Dominican Republic,DOM,2006,hp,-0.022049590392414053,-0.005857703413315235,0.003752662609880275,0.008212136193222364,0.05492810892083355
Dominican Republic,DOM,2007,hp,0.01301184149193002,-0.012303298786076972,0.027570233006443345,0.02368595621473979,0.12281612202890635
Dominican Republic,DOM,2008,hp,-0.030615918526329722,-0.054333747098141344,0.020933954564174684,0.06388499891578903,0.0999784139921136
Dominican Republic,DOM,2009,hp,0.05030767474665154,0.017145612264432175,-0.0029359402532591616,-0.0009804503507453433,-0.1178722214055874
Dominican Republic,DOM,2010,hp,0.016119080763683513,-0.012048937410001959,0.014065082511583782,0.023275325698193683,0.02133262104218936
Dominican Republic,DOM,2011,hp,-0.03440767846059689,0.005472236181968751,0.0005914769196930791,-0.008076137347954315,0.0218098214655722
Dominican Republic,DOM,1980,hamilton,,-0.037198883452847054,0.013149422840760039,-0.007837149930709941,0.10059070249004876
Dominican Republic,DOM,1981,hamilton,,0.02151439851602103,0.011149625430189047,-0.040139513158564455,-0.009297267913197516
Dominican Republic,DOM,1982,hamilton,,0.028008721826304393,-0.048161989335190114,-0.06830287318195438,-0.23202033179196668
Dominican Republic,DOM,1983,hamilton,0.06535865213980951,0.015357791429797082,-0.044299698501317764,-0.031972117852181015,-0.1501236787537632
Dominican Republic,DOM,1984,hamilton,0.00577120869709713,0.01915967442382336,-0.048161023430683514,-0.056703456509142214,-0.053710939991155726
Dominican Republic,DOM,1985,hamilton,0.06104882479156526,-0.023588337149959407,-0.11417480869844354,0.0015621098929869959,-0.26920814687261085
Dominican Republic,DOM,1986,hamilton,0.10155778830506001,-0.020538109670637822,-0.0913216211245107,-0.010763206935704872,-0.16488983785006717
Dominican Republic,DOM,1987,hamilton,0.06562690601236287,-0.041935966701918306,0.027093697631681124,0.0015222163858865656,0.22088819802346293
Dominican Republic,DOM,1988,hamilton,0.2108940120249212,-0.012907699378389148,0.014474563584951028,-0.04514604108608822,0.2498622179617236
Dominican Republic,DOM,1989,hamilton,0.17929450222784027,-0.025811500589961123,-0.038008031398705455,-0.10106501940357404,0.25141296219006115
Dominican Republic,DOM,1990,hamilton,-0.3223706873189869,-0.01868483788502165,-0.11475745501294732,-0.11316160512894768,-0.04433441201340216
Dominican Republic,DOM,1991,hamilton,-0.25041656771096044,0.05383700082967893,-0.1478075776699015,-0.08641325545820244,-0.545195830597371
Dominican Republic,DOM,1992,hamilton,-0.1392220953677219,0.00805432701518085,0.00865077204137421,0.04474941478435923,-0.3491762604316122
Dominican Republic,DOM,1993,hamilton,-0.12090299204264454,0.00597999349807727,0.06961688159788793,0.053304530260007255,-0.022247464578299514
Dominican Republic,DOM,1994,hamilton,-0.02708610234844855,0.029757052960614816,-0.006392712418222146,-0.05129252670030837,0.0810468754941347
Dominican Republic,DOM,1995,hamilton,0.06586573280461216,0.03245622093751418,-0.021216388557128596,-0.047171108049630206,-0.045980651244178716
Dominican Republic,DOM,1996,hamilton,0.031588851135701645,0.03728442519198907,0.026296079790462557,4.869680709873592e-05,-0.02373284260527342
Dominican Republic,DOM,1997,hamilton,0.03447544105602951,0.0240787500530557,0.051204513498083415,0.011959255820366721,0.08391736571583586
Dominican Republic,DOM,1998,hamilton,0.04316641961971168,-0.013061348801159896,0.05134614879005461,0.006474479369167341,0.3541161669595514
Dominican Republic,DOM,1999,hamilton,0.040987786171617024,-0.0013912731330995992,0.04036189435864301,0.011850550412685124,0.28500993785007367
Dominican Republic,DOM,2000,hamilton,0.006505232732646249,-0.013333723243419554,0.028358221501170178,0.024312637522191594,0.19691141860666228
Dominican Republic,DOM,2001,hamilton,0.00860677104684271,-0.0030448557747701915,-0.018131722894695557,-0.017893509050582068,0.00921178240244025
Dominican Republic,DOM,2002,hamilton,0.02110429365467592,-0.0025199775197303764,-0.016338949761372845,-0.021244902634148133,0.021468590694064815
Dominican Republic,DOM,2003,hamilton,-0.014130619037548975,0.0643350658757642,-0.036332248728623284,-0.046326523499606864,-0.32134556499632083
Dominican Republic,DOM,2004,hamilton,-0.03159405493886158,0.07884665454742062,-0.07901408830670498,-0.08632577657235885,-0.31739223096654
Dominican Republic,DOM,2005,hamilton,-0.02596619294460023,-0.003790950195761124,0.012583020663594624,0.043922694356091085,0.01075666310719825
Dominican Republic,DOM,2006,hamilton,-0.02069079103939586,-0.026265140709056486,0.10140565615567709,0.13806320332345123,0.32492900779051404
Dominican Republic,DOM,2007,hamilton,0.019659453066494414,-0.022608443995017213,0.09483077771474946,0.10599238570634029,0.34099784821305157
Dominican Republic,DOM,2008,hamilton,-0.019601175368386237,-0.07288139968536238,0.04545977421816261,0.10723793678154792,0.19949999161284282
Dominican Republic,DOM,2009,hamilton,0.04593319678455288,-0.009639830487204126,-0.0011047060912101614,0.024790495873052265,-0.097169852996565
Dominican Republic,DOM,2010,hamilton,0.021544205968438312,-0.03481158261140897,0.023116751858053064,0.0134636604086662,0.03757372498974654
Dominican Republic,DOM,2011,hamilton,-0.0570080001224591,-0.05104876129448267,0.033760553967287166,0.02835682033059861,0.15233643900535832
Ecuador,ECU,1980,quadratic,-0.0740685512990682,-0.0035309399304433754,0.1464192836029703,0.036201309847676555,0.3302748608449866
Ecuador,ECU,1981,quadratic,-0.1337585128994352,-0.0014487687851887504,0.13679002865796885,0.06850862814614711,0.219597224920558
Ecuador,ECU,1982,quadratic,0.06031330956818959,-0.0395587889040936,0.08913396435134491,0.05872212239481289,0.21177849984841846
Ecuador,ECU,1983,quadratic,0.2011715993403147,0.02178294796980961,0.022339294610793203,0.009511037913164877,-0.11065981773422706
Ecuador,ECU,1984,quadratic,0.14158731407174052,0.042956238554620836,0.019637119638505673,-0.01495291001891541,-0.16772899472931702
Ecuador,ECU,1985,quadratic,0.15832950281597036,0.07032389279313793,0.008867766154171619,-0.03070407023702515,-0.228802084407004
Ecuador,ECU,1986,quadratic,-0.19749976901055533,-0.002722235227484153,0.010113676627917734,0.02325915334202122,-0.07076089070511671
Ecuador,ECU,1987,quadratic,-0.07922687737967937,-0.08673942194738674,-0.04932067327391554,0.027665902783862606,0.04922158863817927
Ecuador,ECU,1988,quadratic,-0.11908953670423905,-0.03660325536107036,-0.005773641965395981,0.018212102791255624,0.05871402300127304
Ecuador,ECU,1989,quadratic,0.04115877402776302,-0.051687815778850496,-0.031815380765285006,0.02402521222482079,0.12689489354760042
Ecuador,ECU,1990,quadratic,0.08680525073341627,0.024453348635941848,-0.040110831540326686,-0.023506287696776873,-0.058155011570381276
Ecuador,ECU,1991,quadratic,-0.02320270805220659,0.04767606234482921,-0.0232703176793132,0.006084182249058934,-0.14917216380991327
Ecuador,ECU,1992,quadratic,-0.020512440745953597,0.060952311889479485,-0.0410552941759752,-0.011474794923079124,-0.21702156315808363
Ecuador,ECU,1993,quadratic,-0.08053016265844537,-0.0005981632292030928,-0.06968660986128228,-0.018875406382028892,-0.14174677936420998
Ecuador,ECU,1994,quadratic,-0.02864558559444408,-0.002074018022703541,-0.05382072550028827,-0.025547399130383397,-0.06673635893799013
Ecuador,ECU,1995,quadratic,-0.0917751686878141,-0.009620494325235276,-0.06489111746358045,-0.025961786993478064,-0.10052701865972935
Ecuador,ECU,1996,quadratic,0.020896234197204322,0.035532124470008045,-0.06790629262973624,-0.06615995316150869,-0.2013499858901069
Ecuador,ECU,1997,quadratic,0.05166895705096497,0.01335265074366957,-0.05340233748850309,-0.045182394960708194,-0.10854803955137893
Ecuador,ECU,1998,quadratic,-0.054137482827628425,-0.050651883805161266,-0.05670200179281082,-0.004882252789843555,0.04498653121843521
Ecuador,ECU,1999,quadratic,-0.0003364260366458538,0.07128394407722886,-0.1455864450578357,-0.1406228772508742,-0.5896938031244048
Ecuador,ECU,2000,quadratic,0.14860360416615848,0.06736552921595779,-0.14179064665648866,-0.17112515796777217,-0.27964455644674846
Ecuador,ECU,2001,quadratic,-0.03153232638774206,-0.024191654307236788,-0.11380641117584567,-0.05771045021198962,-0.06841022371492222
Ecuador,ECU,2002,quadratic,-0.024401441624298137,-0.05334229664005036,-0.08794849323299925,-0.03293604843705111,0.05249429920154913
Ecuador,ECU,2003,quadratic,-0.015397728821943346,-0.0067982487811207755,-0.07945063154641119,-0.02671811274359026,-0.18749041635036523
Ecuador,ECU,2004,quadratic,-0.026983930337832085,-0.0019630593257210192,-0.017939512713156525,-0.005982174976707277,-0.02418069505015641
Ecuador,ECU,2005,quadratic,0.04935672044873041,0.005672306161030509,0.015784236752901748,0.012202101503471674,0.01981049927713041
Ecuador,ECU,2006,quadratic,0.07796782229962318,0.026655261831119863,0.041049427816006734,0.0031623997698808637,0.05138434018252713
Ecuador,ECU,2007,quadratic,0.057523640133314125,0.024763700195036764,0.04094524598592031,-0.010056069660054234,0.07142032435304735
Ecuador,ECU,2008,quadratic,0.0964423170624924,0.01958841047455199,0.09142353116145863,-0.005035211300183029,0.2594811518973197
Ecuador,ECU,2009,quadratic,-0.08551798923111775,-0.0066808588657050715,0.07636669047500177,0.06593090979531002,0.06651477229552771
Ecuador,ECU,2010,quadratic,-0.05511193947248927,-0.04182524769022872,0.09360466855404148,0.09291156882776264,0.19911933790470204
Ecuador,ECU,2011,quadratic,-0.05009646814403368,-0.044621648677178674,0.15133925822959515,0.1458879905172914,0.25816075673492467
Ecuador,ECU,1980,hp,-0.0237565970567859,0.0010411584109614944,0.04438782170764366,-0.002944468069487449,0.1321528368800413
Ecuador,ECU,1981,hp,-0.11190676976022207,0.0017596271430554422,0.043499544220940045,0.0319935137599634,0.052607141948495695
Ecuador,ECU,1982,hp,0.059823144267505235,-0.03766857594015159,0.008447029123799688,0.02597408178348637,0.08213670929644667
Ecuador,ECU,1983,hp,0.18581446193107531,0.022481072514869433,-0.04321472523209646,-0.018692872296585783,-0.20079334752560474
Ecuador,ECU,1984,hp,0.1195965431107826,0.043045630082181485,-0.029672294511814634,-0.03845472763536506,-0.22107204559926963
Ecuador,ECU,1985,hp,0.13683869446631736,0.07062035683539675,-0.024070880610602252,-0.04977799878047762,-0.25094225489911803
Ecuador,ECU,1986,hp,-0.21365272641080768,-0.001600899308337348,-0.007016846728154391,0.008291291915577759,-0.0679448756114045
Ecuador,ECU,1987,hp,-0.08886819026202986,-0.08507962452752353,-0.05165381406184544,0.016932448070566153,0.07259742082626985
Ecuador,ECU,1988,hp,-0.1225729790056711,-0.03557960756194045,0.005301930577829239,0.012208643020215959,0.10078307884897875
Ecuador,ECU,1989,hp,0.04284054276739635,-0.05251233322190642,-0.008581154383704437,0.023445259777409966,0.18759438046857113
Ecuador,ECU,1990,hp,0.09324641516145515,0.020887041904864123,-0.0058824203747889214,-0.017893382717130812,0.021908083897428376
Ecuador,ECU,1991,hp,-0.012249524528906264,0.04131785718772936,0.020959211198024796,0.01850067988347348,-0.05009225606645007
Ecuador,ECU,1992,hp,-0.006068640112640189,0.05238674365714418,0.012412511527002401,0.008376349545270223,-0.10057069399388219
Ecuador,ECU,1993,hp,-0.06426867704717765,-0.010565093269077508,-0.007722734144811838,0.008876751252046233,-0.01036893165725683
Ecuador,ECU,1994,hp,-0.012830190882966441,-0.012938710122082451,0.015793522376271518,0.010323686658376019,0.07733205935060194
Ecuador,ECU,1995,hp,-0.0786177977290814,-0.02107609932305505,0.011501541019851125,0.01790892308357339,0.054306826482823034
Ecuador,ECU,1996,hp,0.029363793483848433,0.023725092249060928,0.014208615983770656,-0.014849378384499623,-0.038137913981339366
Ecuador,ECU,1997,hp,0.054381239657084635,0.001577074482389019,0.033079446444494565,0.01238873997514478,0.059649934410964
Ecuador,ECU,1998,hp,-0.057573256934402295,-0.062106974338991545,0.032349982155468915,0.057299086594806425,0.214154337036625
Ecuador,ECU,1999,hp,-0.010184164309182009,0.06032874487879849,-0.05653303135655374,-0.07607662769615953,-0.42479248047729357
Ecuador,ECU,2000,hp,0.13278459942383147,0.057601072544432766,-0.05640016824411198,-0.10762722195636432,-0.12760782019720107
Ecuador,ECU,2001,hp,-0.05207545311195361,-0.03216635912558316,-0.036273497560341816,0.000918785385067622,0.06304995951578363
Ecuador,ECU,2002,hp,-0.048942945044793795,-0.05959609286962127,-0.022434036705952565,0.01767320893649771,0.15782817759932044
Ecuador,ECU,2003,hp,-0.04321250832430312,-0.011746168685740098,-0.029719052207417107,0.013379809805330822,-0.11230087938760036
Ecuador,ECU,2004,hp,-0.05685810052836793,-0.005770363239937034,0.012865581897242961,0.021596245265147473,0.016799897311564393
Ecuador,ECU,2005,hp,0.019557954826212587,0.0032075915188024343,0.025437242175293306,0.02560224297645064,0.023593986101682063
Ecuador,ECU,2006,hp,0.051868747369113066,0.02616004699099666,0.02811408685313843,0.0008589145801556342,0.015891003790584612
Ecuador,ECU,2007,hp,0.04004245333833012,0.027257757020479667,0.004520276280949531,-0.029711123268097772,-0.004757049538933522
Ecuador,ECU,2008,hp,0.09327243969239252,0.02622277169245653,0.030861484329419042,-0.04382095808974196,0.14172611957964065
Ecuador,ECU,2009,hp,-0.06830833657452384,0.005103522764786143,-0.008771250660005947,0.00640127328613449,-0.09315037552024208
Ecuador,ECU,2010,hp,-0.012012461271863728,-0.02428467405072083,-0.016647967694058963,0.011628983866862619,-0.0036444798240777843
Ecuador,ECU,2011,hp,0.02452828939923446,-0.021173291083567046,0.015420854930645156,0.04238352344569041,0.011185121090885985
Ecuador,ECU,1980,hamilton,,-0.006314573466634561,0.004294384250035144,-0.021155221407489044,0.008905454749474906
Ecuador,ECU,1981,hamilton,,-0.007976940315751902,-0.007667849601500798,0.005107865734134798,-0.10416515043206154
Ecuador,ECU,1982,hamilton,,-0.03412636049620048,-0.05349165558007485,0.013598590043399916,-0.08734600049234054
Ecuador,ECU,1983,hamilton,0.3250421710227629,0.025950322882037045,-0.10846427081607235,-0.05092474281038584,-0.3350945405003545
Ecuador,ECU,1984,hamilton,0.11864991537093417,0.04665040574199063,-0.05550633855567888,-0.08490415660030148,-0.35743169468077074
Ecuador,ECU,1985,hamilton,0.020106715467243852,0.07047774656171316,0.0024828346977434634,-0.07011868726739312,-0.21261847776853227
Ecuador,ECU,1986,hamilton,-0.3144652307304776,0.010973905538596992,-0.011010027567844638,0.019252520856594124,0.06550913233393274
Ecuador,ECU,1987,hamilton,-0.21939943858717914,-0.06698025448309172,-0.058041123224788826,0.043175309866526845,0.2395364900513055
Ecuador,ECU,1988,hamilton,-0.03421473607519321,-0.014424087156577815,-0.018968766144224602,0.012367898429904045,0.16623838982102512
Ecuador,ECU,1989,hamilton,0.04557640062303303,-0.046926631565134755,0.027881461970817867,-0.008720737663217015,0.11892730645266614
Ecuador,ECU,1990,hamilton,0.10717855933667586,0.01597303015969525,-0.04975125154120619,-0.053230618042227285,-0.102448011422136
Ecuador,ECU,1991,hamilton,-0.11474448650719182,0.04850077017012659,0.010563349393006405,-0.022381794319244364,-0.23830274830544873
Ecuador,ECU,1992,hamilton,-0.1503426973552049,0.06282873943615462,-0.0042380719382544285,-0.017408186233189404,-0.20703722945772363
Ecuador,ECU,1993,hamilton,-0.14054633620163415,0.017232255213656924,-0.055825829098231416,-0.018780403810795043,-0.02656391858973617
Ecuador,ECU,1994,hamilton,-0.08855282359375583,0.02102321097437245,-0.013842130628952454,-0.029622514802419175,0.11471284383153346
Ecuador,ECU,1995,hamilton,-0.11053000590933149,0.013219010626636201,0.005090184313563562,-0.01809325236964643,0.051118960328468965
Ecuador,ECU,1996,hamilton,-0.027987736664701224,0.04654432198737543,-0.025238383607392834,-0.05136430907393397,-0.11636980363621596
Ecuador,ECU,1997,hamilton,0.048556237662481294,0.023688565523644095,0.006858754704352599,-0.02710437741778282,-0.021877036376866776
Ecuador,ECU,1998,hamilton,-0.124135183990699,-0.03973432673123554,0.004018440319412342,0.0346815300605785,0.20343971846466768
Ecuador,ECU,1999,hamilton,-0.08482370177457987,0.08961931364692742,-0.10365656259932088,-0.09381876338713013,-0.4640124056731221
Ecuador,ECU,2000,hamilton,0.14428292212085747,0.07815943518042631,-0.09218721997082735,-0.1551924196371175,-0.27497099257219393
Ecuador,ECU,2001,hamilton,-0.057068119339936274,-0.0202231172914503,0.043215823595565084,0.011715793240288264,0.29501902557251736
Ecuador,ECU,2002,hamilton,-0.1363070662865873,-0.02659946465253029,0.04012573359176397,0.11452389563863097,0.38392524298973285
Ecuador,ECU,2003,hamilton,0.0051844397461833225,0.014374325321119472,0.01512471100343582,0.0746359406416266,-0.06971648668991914
Ecuador,ECU,2004,hamilton,0.010644358149749067,-0.0002752598373698713,0.052246491324416056,0.03058179718165288,-0.037901226714618375
Ecuador,ECU,2005,hamilton,0.10037009370860961,0.003345694413443399,0.08219897438886203,0.03419936038453031,0.12466708945934979
Ecuador,ECU,2006,hamilton,0.15786843966019948,0.03277094349696164,0.03421287847336263,0.011366474555340567,0.11424021982317445
Ecuador,ECU,2007,hamilton,0.11004442102951018,0.03138645151249081,0.009103134779192779,-0.020912713487879486,0.06315658381799416
Ecuador,ECU,2008,hamilton,0.15321164806932686,0.027812505190731952,0.03738947937430659,-0.019381385546738628,0.21856607950529572
Ecuador,ECU,2009,hamilton,0.01108578273463312,0.004544727626471009,0.028835258416236798,0.06271504504479974,0.0032912897145784825
Ecuador,ECU,2010,hamilton,0.04472956838314257,-0.032212007440926005,-0.016096552837951528,0.09307653632341317,0.010814554466223925
Ecuador,ECU,2011,hamilton,0.2005858899312143,-0.038323601091187084,0.07317951698149372,0.1062167740093356,0.14087075252050596
"Egypt, Arab Rep.",EGY,1980,quadratic,-0.10591065325910787,-0.019911315702964116,0.050387851919119875,0.0648060518671123,0.20544355063270459
"Egypt, Arab Rep.",EGY,1981,quadratic,0.01638893424328991,-0.04813449669974926,0.03220737718247868,0.011415254595310564,0.2452842560726589
"Egypt, Arab Rep.",EGY,1982,quadratic,0.010136665397127764,-0.04784584833657196,0.0716211517400458,0.05014184194261162,0.2933719379712487
"Egypt, Arab Rep.",EGY,1983,quadratic,0.09360443114157047,-0.006708853897536893,0.08801252566118656,0.03412420316450682,0.2553003564863152
"Egypt, Arab Rep.",EGY,1984,quadratic,0.12316347442326414,-0.03445253827044045,0.0922276249742735,0.08019789177873715,0.20814079633216132
"Egypt, Arab Rep.",EGY,1985,quadratic,0.18434610651032202,-0.021035607382548574,0.10142562978829606,0.09082857331161698,0.18208212198848006
"Egypt, Arab Rep.",EGY,1986,quadratic,0.10752601308086973,0.006796009930479241,0.07294352081724043,0.08024541177303401,0.0318927727632623
"Egypt, Arab Rep.",EGY,1987,quadratic,-0.1625084439510882,0.00566775643926179,0.04350111646922539,0.05154733427766178,0.09587000469314422
"Egypt, Arab Rep.",EGY,1988,quadratic,-0.30687809342226036,-0.07464114428829305,0.0415957543174823,0.03401780225219664,0.38528852908995237
"Egypt, Arab Rep.",EGY,1989,quadratic,-0.2694751851472459,-0.04003199633521498,0.037926754424717046,0.04261232931109582,0.28844845019719934
"Egypt, Arab Rep.",EGY,1990,quadratic,-0.15967109461097717,-0.023611291357615083,0.042889267368676265,0.07967650589101449,0.19842244084382177
"Egypt, Arab Rep.",EGY,1991,quadratic,0.0900977001573553,0.026549735804028973,0.004925256039777004,0.07959866363436152,-0.14329268356271818
"Egypt, Arab Rep.",EGY,1992,quadratic,0.12325415897829473,0.07939146986422227,0.001140307832779186,0.03175809772011462,-0.22398080269287934
"Egypt, Arab Rep.",EGY,1993,quadratic,0.13839795255895293,0.060269207778743804,-0.016289238957322816,0.031035229344960946,-0.21514976540838404
"Egypt, Arab Rep.",EGY,1994,quadratic,0.13197464645874835,0.045701007293029394,-0.02278289671395406,0.027191389435725632,-0.17348672805175358
"Egypt, Arab Rep.",EGY,1995,quadratic,0.11686200260114887,0.04591030079248732,-0.022699002234572774,0.02193404236529517,-0.18592295627345923
"Egypt, Arab Rep.",EGY,1996,quadratic,0.08219550645844009,0.03936497861452291,-0.01922086528850908,0.054170540673454504,-0.27495258822925006
"Egypt, Arab Rep.",EGY,1997,quadratic,0.05103359502322391,0.029201148920516708,-0.010827844703318767,0.0614453199793461,-0.28417251247805275
"Egypt, Arab Rep.",EGY,1998,quadratic,-0.03834435560714766,-0.008386785857787488,-0.016296377857175415,0.045415200672437095,-0.07119161479908431
"Egypt, Arab Rep.",EGY,1999,quadratic,-0.056066944888156556,-0.0016722327776186041,-0.00215030257958837,0.0333411044890175,-0.03397855874200406
"Egypt, Arab Rep.",EGY,2000,quadratic,-0.03588294946241799,0.009590442575441227,0.004888450400741817,0.046809598455348045,-0.10803684344753428
"Egypt, Arab Rep.",EGY,2001,quadratic,-0.09825674300080323,0.022878905376341026,-0.005801878437774022,0.023659606158107138,-0.16613449800803082
"Egypt, Arab Rep.",EGY,2002,quadratic,-0.14501944509510079,0.023483395547600976,-0.027941844152945094,-0.025288302418099207,-0.16546975838316413
"Egypt, Arab Rep.",EGY,2003,quadratic,-0.11103108742787349,0.035439900807431084,-0.04204876681770564,-0.05258370749705854,-0.2336883693193048
"Egypt, Arab Rep.",EGY,2004,quadratic,-0.05588303551956031,0.041371820152784025,-0.047245873771634805,-0.08170459161491284,-0.20988816483041361
"Egypt, Arab Rep.",EGY,2005,quadratic,0.08931795935545406,0.02654883937996913,-0.0484076968715641,-0.08971331415776707,-0.12399233448163471
"Egypt, Arab Rep.",EGY,2006,quadratic,0.14937011779840947,0.025849057329895255,-0.026665952498163392,-0.08669544748620694,-0.031877410564248976
"Egypt, Arab Rep.",EGY,2007,quadratic,0.054503718274837354,-0.010903884733751042,-0.002209474347617757,-0.04263109253708919,0.1307080407992567
"Egypt, Arab Rep.",EGY,2008,quadratic,0.10725396619811,-0.029630670755457854,0.023304417171534197,-0.023827809993549387,0.2599434110915464
"Egypt, Arab Rep.",EGY,2009,quadratic,-0.016411328395633973,-0.04795948025857355,0.025877318995030762,0.02394700040791875,0.14249372458907938
"Egypt, Arab Rep.",EGY,2010,quadratic,-0.04219998573664885,-0.037022832404079956,0.03320686469683487,0.007232720170907925,0.16977018443781944
"Egypt, Arab Rep.",EGY,2011,quadratic,-0.06588760313529374,-0.06475432022372826,0.008569368110940445,-0.009538464860591844,0.22597232255445654
"Egypt, Arab Rep.",EGY,1980,hp,-0.06797681383916654,0.016184497778334278,0.03251358934999349,0.08189664368648941,-0.01971410071111457
"Egypt, Arab Rep.",EGY,1981,hp,0.032335099625633745,-0.011979906697088843,-0.000710780776896236,0.008822231888646392,0.002573327871478348
"Egypt, Arab Rep.",EGY,1982,hp,0.01036507009398413,-0.01301475328810392,0.026244151348613798,0.030100113675547213,0.04394336566124224
"Egypt, Arab Rep.",EGY,1983,hp,0.08474140564717647,0.025625353797939024,0.03343683960404231,-0.0006140141116315334,0.009010067588249626
"Egypt, Arab Rep.",EGY,1984,hp,0.11208811567304977,-0.0054495837171206485,0.03212607231242259,0.033731708493776935,-0.026574420517581743
"Egypt, Arab Rep.",EGY,1985,hp,0.17734286382443631,0.0038845013111074855,0.03954932348136264,0.03582539360812831,-0.034130473736825095
"Egypt, Arab Rep.",EGY,1986,hp,0.10916380700744632,0.02701894895579149,0.012800607000341024,0.019781334746406642,-0.16013314811657597
"Egypt, Arab Rep.",EGY,1987,hp,-0.15114965027417693,0.020677625883266604,-0.012038718781846924,-0.011774665407693341,-0.06718737823792598
"Egypt, Arab Rep.",EGY,1988,hp,-0.28929893233747883,-0.06553200993240071,-0.007237782421287697,-0.030230083205918135,0.2566806880743968
"Egypt, Arab Rep.",EGY,1989,hp,-0.2522453879746509,-0.03788980442691428,-0.0027433427967826773,-0.021182596158177525,0.2011421697097262
"Egypt, Arab Rep.",EGY,1990,hp,-0.1495365023248434,-0.02922547100973516,0.01126604955212418,0.017462495879867923,0.15807394726207047
"Egypt, Arab Rep.",EGY,1991,hp,0.08873759080827703,0.013045431769578134,-0.017313910173474056,0.020054460219892434,-0.1342343777931312
"Egypt, Arab Rep.",EGY,1992,hp,0.10984156049402127,0.05881121962654709,-0.012036562763663383,-0.024241097248651755,-0.16785463853097493
"Egypt, Arab Rep.",EGY,1993,hp,0.11532941078019299,0.03424466620027138,-0.021211359006559682,-0.020957989220802276,-0.11774029343989056
"Egypt, Arab Rep.",EGY,1994,hp,0.1035026249619575,0.016093193723242125,-0.020623234741064422,-0.02050670768897689,-0.04234556210379736
"Egypt, Arab Rep.",EGY,1995,hp,0.08794158859072887,0.01446715240592001,-0.014783836630051894,-0.021142031307326725,-0.029191370480176282
"Egypt, Arab Rep.",EGY,1996,hp,0.0574493845171169,0.00756041847353061,-0.006823551960856378,0.016286216513786478,-0.10093806141074424
"Egypt, Arab Rep.",EGY,1997,hp,0.033872631226143035,-0.0019095855487846827,0.004979021287271124,0.029776715756423044,-0.101056814435589
"Egypt, Arab Rep.",EGY,1998,hp,-0.04629560753758977,-0.03824274705025641,0.0021164421040600345,0.02127766900783179,0.11397857429901048
"Egypt, Arab Rep.",EGY,1999,hp,-0.05530896989457634,-0.030187667053599987,0.018284078815035798,0.018043613044514295,0.1483450990206947
"Egypt, Arab Rep.",EGY,2000,hp,-0.028578315077067096,-0.017591477639381563,0.026958042425484052,0.041441953242865814,0.06754513262304762
"Egypt, Arab Rep.",EGY,2001,hp,-0.08767700964662506,-0.0027674034571000122,0.01753177435965192,0.02891201540925792,-0.0016669329421903356
"Egypt, Arab Rep.",EGY,2002,hp,-0.13525938293496154,-4.01796322892084e-05,-0.003969659918688251,-0.009539647784441385,-0.017642363916825055
"Egypt, Arab Rep.",EGY,2003,hp,-0.10613190626808588,0.015038880539777623,-0.01849327770448639,-0.027565754028847422,-0.10916326599993553
"Egypt, Arab Rep.",EGY,2004,hp,-0.05847979098054079,0.025506276838892956,-0.025552306960145543,-0.04965202684908565,-0.11628741051902125
"Egypt, Arab Rep.",EGY,2005,hp,0.07905768490186649,0.016894407038808117,-0.030226347388270014,-0.05359290907994563,-0.06880629169276009
"Egypt, Arab Rep.",EGY,2006,hp,0.13433101313876072,0.024089019189484816,-0.013596660145699602,-0.04970953626220531,-0.021301872360774077
"Egypt, Arab Rep.",EGY,2007,hp,0.03983216650503785,-0.0032475403067253605,0.004500639769091208,-0.0076816434221180785,0.09245991372303308
"Egypt, Arab Rep.",EGY,2008,hp,0.0990147345920489,-0.01143814044754058,0.02289691724674192,0.00698067003041114,0.1708541091335265
"Egypt, Arab Rep.",EGY,2009,hp,-0.011633410051142157,-0.018480670406471854,0.0180374481244705,0.0493842820663426,0.0018167901021275412
"Egypt, Arab Rep.",EGY,2010,hp,-0.018290172487786194,0.004237022409811761,0.017834575705260036,0.026873045196414758,-0.02367832936156855
"Egypt, Arab Rep.",EGY,2011,hp,-0.017084900760730548,-0.011289176572063561,-0.014401050929135906,0.004189773451093615,-0.021887374378268376
"Egypt, Arab Rep.",EGY,1980,hamilton,,-0.009058524352562422,0.043059149980551936,0.13897837737724927,-0.08735352587563927
"Egypt, Arab Rep.",EGY,1981,hamilton,,-0.013796163773716785,0.0199542101502459,0.002315728108525761,-0.059699032191980805
"Egypt, Arab Rep.",EGY,1982,hamilton,,-0.0356557633094879,-0.00014146649312518633,-0.007570663964357571,0.15511699128723144
"Egypt, Arab Rep.",EGY,1983,hamilton,0.10382346541639276,0.008109470125195598,0.06574120052666732,0.023836816452952547,0.04868175561305499
"Egypt, Arab Rep.",EGY,1984,hamilton,0.2000982434039189,-0.014203165719860716,0.00021201403531989627,0.036348938762328586,-0.04050340879819814
"Egypt, Arab Rep.",EGY,1985,hamilton,0.12308792559655934,-0.019888175416758483,0.005652675560047449,0.05960020603548699,-0.01564662812356854
"Egypt, Arab Rep.",EGY,1986,hamilton,0.04318034203152621,0.014073387643689012,-0.02038346784625933,0.0063311405519472785,-0.12149419599025979
"Egypt, Arab Rep.",EGY,1987,hamilton,-0.3067536621542599,0.012379607854915917,-0.061509907389382334,-0.03529740389332847,-0.03753346078008413
"Egypt, Arab Rep.",EGY,1988,hamilton,-0.3253831401228551,-0.08282653073444211,-0.01499968638628868,-0.04367540370812506,0.4075833596146978
"Egypt, Arab Rep.",EGY,1989,hamilton,-0.0012099111683365749,-0.05193512095244361,0.010991541586538922,-0.007605692440904477,0.2153662450901157
"Egypt, Arab Rep.",EGY,1990,hamilton,0.09842259143785448,0.003776465411154145,0.0031268824359074188,0.047472117702395344,-0.17023351599352576
"Egypt, Arab Rep.",EGY,1991,hamilton,0.1877137350700222,0.053452801611970954,-0.03020458823139549,0.04012606258501883,-0.3550433133610573
"Egypt, Arab Rep.",EGY,1992,hamilton,0.0928679659772138,0.09332048488362289,-0.04346123992674222,-0.04335554755700066,-0.3580837591593413
"Egypt, Arab Rep.",EGY,1993,hamilton,-0.15208879862723723,0.048686638284682414,-0.00030917582491607476,-0.04638415743314095,-0.0028791021290883734
"Egypt, Arab Rep.",EGY,1994,hamilton,-0.03456978198785521,0.001210735526543924,-0.021347777647439337,-0.005326551328810325,0.060537515893120286
"Egypt, Arab Rep.",EGY,1995,hamilton,-0.04971460427495078,0.002255067100622593,0.0033224317711280094,-0.007285467470686591,0.022928359339947413
"Egypt, Arab Rep.",EGY,1996,hamilton,-0.0663799663813327,0.0077807339339735215,0.007396067611741941,0.028418931383335178,-0.10978385689030024
"Egypt, Arab Rep.",EGY,1997,hamilton,-0.08091842218369205,0.0019442945306681544,0.012224434780489624,0.04067774589552453,-0.09927414726946093
"Egypt, Arab Rep.",EGY,1998,hamilton,-0.13184304684240278,-0.03073542013368262,0.0015444609144630306,-0.005627096887844019,0.20461698970416364
"Egypt, Arab Rep.",EGY,1999,hamilton,-0.12715076345124388,-0.01604286588226042,0.0048067510271003755,-0.02665287520350823,0.23339619429784886
"Egypt, Arab Rep.",EGY,2000,hamilton,-0.003392606182120339,0.016979133521790632,0.0247226563870262,0.0013002452651527108,-0.07081541831443872
"Egypt, Arab Rep.",EGY,2001,hamilton,-0.09468326627615475,0.036185449760783826,-0.010425090231853673,-0.009722694069651538,-0.13105941484074535
"Egypt, Arab Rep.",EGY,2002,hamilton,-0.1686206839139084,0.03247545311462303,-0.035668969685927365,-0.07085290003543854,-0.04708946891337362
"Egypt, Arab Rep.",EGY,2003,hamilton,-0.024814192204472008,0.038422941633665476,-0.029674540371271263,-0.07731655272320737,-0.06988417191202956
"Egypt, Arab Rep.",EGY,2004,hamilton,0.06460949604727251,0.04409376954101756,-0.006834462934081742,-0.05913352898143742,-0.06041857606180656
"Egypt, Arab Rep.",EGY,2005,hamilton,0.15067119439049304,0.026074133569958677,0.0016520020916122036,-0.03873008613954898,0.09509761377127024
"Egypt, Arab Rep.",EGY,2006,hamilton,0.18166247640183553,0.023044870716889636,0.023769796778996266,-0.006853308198890851,0.14593652373052013
"Egypt, Arab Rep.",EGY,2007,hamilton,-0.04408858935573079,-0.004975014078409015,0.04722983761123167,0.04627696408402038,0.21807718119853803
"Egypt, Arab Rep.",EGY,2008,hamilton,0.054239249861328,-0.017728173254761136,0.03900208940087779,0.06251022860102928,0.26156611117135586
"Egypt, Arab Rep.",EGY,2009,hamilton,0.12331413385794665,-0.015485770031255994,0.015981539958042745,0.06837551057818825,-0.015651242597351178
"Egypt, Arab Rep.",EGY,2010,hamilton,-0.009094197844921936,0.014236690071944093,-0.0024400620319031674,0.03114787239627681,-0.09980343301844385
"Egypt, Arab Rep.",EGY,2011,hamilton,0.19701481347911987,0.0018795256043840775,-0.01729931133233542,-0.03195898061076896,0.10090967635032122
El Salvador,SLV,1980,quadratic,0.3233513665755119,0.06216455492407139,0.07676482581861332,0.006093478906722183,-0.10397276993897364
El Salvador,SLV,1981,quadratic,0.057636203962355026,-0.009775548548374688,-0.05355006731583867,-0.060063432005448725,-0.1658180262346356
El Salvador,SLV,1982,quadratic,-0.08662361443956268,0.009721608634274743,-0.13820825469453268,-0.15024469374990446,-0.32681629185355643
El Salvador,SLV,1983,quadratic,-0.19347787990207355,0.016018864425985553,-0.1423373127078431,-0.14743521858469233,-0.42486955246395475
El Salvador,SLV,1984,quadratic,-0.27785583205195774,0.00844943106723281,-0.14855922250033515,-0.1419872163083964,-0.44030067631833436
El Salvador,SLV,1985,quadratic,-0.21389624644320016,0.006628969584452374,-0.16229666754580307,-0.1298563464312128,-0.5529331612681725
El Salvador,SLV,1986,quadratic,0.439677348125632,0.038546734721937766,-0.18062022965919589,-0.20729408249482617,-0.3717671583662012
El Salvador,SLV,1987,quadratic,0.04445849792557777,0.019791401201232822,-0.17636820777530637,-0.15694947774605694,-0.43758013110630856
El Salvador,SLV,1988,quadratic,0.02051762758749831,0.02971452997365312,-0.17906776525285295,-0.1659098872297351,-0.4063708021335257
El Salvador,SLV,1989,quadratic,-0.05897672026561196,0.0021640763373860505,-0.19196380932313772,-0.16058464341599787,-0.23846923425266464
El Salvador,SLV,1990,quadratic,-0.07116530841831015,-0.0138735084285828,-0.16864776861944275,-0.07409337236859859,-0.3155565378321352
El Salvador,SLV,1991,quadratic,-0.08876698047639042,-0.015460529076029503,-0.15896377361682124,-0.08165426574723433,-0.19964510656250756
El Salvador,SLV,1992,quadratic,-0.23033311644294496,-0.04292993102281986,-0.11293601899682315,-0.036957630534836916,0.03155253577802419
El Salvador,SLV,1993,quadratic,-0.2093082289601753,-0.029465487752676905,-0.06897147170472717,-0.010263896787052751,0.07928756057140696
El Salvador,SLV,1994,quadratic,0.01379125544116988,-0.03338434230840788,-0.03673201350310773,0.009667892070343242,0.1708711627453514
El Salvador,SLV,1995,quadratic,0.2179083045059036,-0.042237492948821745,0.00011551779802854156,0.04186496209175239,0.22691910005178695
El Salvador,SLV,1996,quadratic,0.14779346186109432,-0.003133816801388023,-0.006579085838323451,0.03704006060584408,-0.05561022334464827
El Salvador,SLV,1997,quadratic,0.13760754464063574,0.012253957627404083,0.012640047216598838,0.037988900860800534,-0.03909569371503352
El Salvador,SLV,1998,quadratic,0.10994854066203796,0.0097629091805769,0.028017085003155806,0.015796530494622374,0.1280402382811925
El Salvador,SLV,1999,quadratic,0.05037097022275816,0.013606164711307434,0.04093641644451829,0.03012550391171054,0.07707392243523081
El Salvador,SLV,2000,quadratic,-0.002555267472702738,-0.008292395928347462,0.04130274982126103,0.04440131372191747,0.1101549774134547
El Salvador,SLV,2001,quadratic,0.021333900545697837,-0.009347214714674895,0.03731124307897549,0.03857483928596306,0.09398035230258373
El Salvador,SLV,2002,quadratic,0.014779083179421448,0.008107572756775788,0.03949522103476344,0.023338086771636846,0.08224285393279818
El Salvador,SLV,2003,quadratic,-0.02153587632979903,0.00201135700800259,0.04100505332861282,0.025571093424023417,0.12284040766370197
El Salvador,SLV,2004,quadratic,-0.02599829940906684,-0.004595222699589369,0.03751179091304202,0.0378425748994049,0.07615530350897526
El Salvador,SLV,2005,quadratic,-0.019074126670040492,-0.013333495526182293,0.04984741872657583,0.05474805721567577,0.0851042783703102
El Salvador,SLV,2006,quadratic,-0.02383574128905508,-0.030138115470776883,0.06457619542760096,0.06855983588657022,0.1494339614083522
El Salvador,SLV,2007,quadratic,-0.0227592652378803,-0.04666477951747289,0.07761669981045927,0.10115899807150974,0.13575172586856965
El Salvador,SLV,2008,quadratic,-0.038826800105144166,-0.0405564498646013,0.06465634463732872,0.09268724968610798,0.05704586463683903
El Salvador,SLV,2009,quadratic,0.007108542762816583,0.05455150633167158,0.006279746240473116,-0.052195098989452404,-0.11987231949949084
El Salvador,SLV,2010,quadratic,-0.014988277718355647,0.04626177677664886,-0.007585550280018616,-0.059084234933449054,-0.13757856785569622
El Salvador,SLV,2011,quadratic,-0.006305066366084411,0.03744969868618045,-0.02130071660388122,-0.07826513246970812,-0.0804862170628402
El Salvador,SLV,1980,hp,0.24105528564736023,0.04962056947416518,0.02200238762908846,0.00487988570161324,-0.1684706229115278
El Salvador,SLV,1981,hp,0.010328638224180509,-0.02346444189643998,-0.06631323758106866,-0.029108770503167847,-0.13465533716270262
El Salvador,SLV,1982,hp,-0.10316879767626297,-0.004585657431682211,-0.1096444879076186,-0.08909601001252732,-0.205005070191004
El Salvador,SLV,1983,hp,-0.18600065256452147,0.0016413566419402684,-0.07608212143978932,-0.06027072670203637,-0.22461806656020045
El Salvador,SLV,1984,hp,-0.25457831732933034,-0.00538273504124475,-0.05011485614193312,-0.03429815188768082,-0.1789634027164384
El Salvador,SLV,1985,hp,-0.18266271226098585,-0.005991232627368032,-0.03827129109323035,-0.007844259330040515,-0.25076460403923573
El Salvador,SLV,1986,hp,0.4739462722789316,0.027909984805709727,-0.0382267751526042,-0.07752785530230533,-0.050132215082202336
El Salvador,SLV,1987,hp,0.08159244812105015,0.012074370483651897,-0.023041661387879664,-0.026286883189501786,-0.11644644679970817
El Salvador,SLV,1988,hp,0.06035704273302933,0.02573916401383637,-0.022082899539280554,-0.040722309621637365,-0.10380744714644496
El Salvador,SLV,1989,hp,-0.017396522906544476,0.002517255645676411,-0.038204766605741014,-0.04649420982214281,0.03051776023110886
El Salvador,SLV,1990,hp,-0.030217703653966588,-0.00909736003075487,-0.024387231992783143,0.02443427048815927,-0.09105082140565735
El Salvador,SLV,1991,hp,-0.05206006995770451,-0.006684617012602742,-0.029480919281645868,-0.0015336379092794061,-0.026729649719831272
El Salvador,SLV,1992,hp,-0.20240755162698676,-0.03100411636279475,-0.0022726439401319354,0.023288837738881796,0.15047519575194013
El Salvador,SLV,1993,hp,-0.19511661041057948,-0.0155994410399896,0.020362815493044195,0.030033683492360908,0.1467886271303458
El Salvador,SLV,1994,hp,0.01090845357048309,-0.018837502398302258,0.030318492101270245,0.031101383663355797,0.19299082812431756
El Salvador,SLV,1995,hp,0.19817390057482687,-0.028163072597449434,0.04527883476557193,0.04637835520931066,0.21169865899569995
El Salvador,SLV,1996,hp,0.11488448220763114,0.009609572358174612,0.018141737218956955,0.0271255225253082,-0.10005828186219379
El Salvador,SLV,1997,hp,0.09667348457515068,0.023383935811130463,0.018958384512546722,0.016222992373843503,-0.10670467308173137
El Salvador,SLV,1998,hp,0.06646251964518779,0.019477232729908533,0.018386840736865473,-0.015431049318024748,0.04229182513498486
El Salvador,SLV,1999,hp,0.00916299701973422,0.022348886735042622,0.018035807020127415,-0.008523139780575839,-0.021770600232694726
El Salvador,SLV,2000,hp,-0.03796291998862511,-2.569788135259321e-05,0.007850435440577286,0.00017743245454227008,0.0028565884184033052
El Salvador,SLV,2001,hp,-0.006150524271963498,-0.001232927522856947,-0.004114030328720375,-0.009488002995648337,-0.01731303488587166
El Salvador,SLV,2002,hp,-0.0036789435910451473,0.016221354766501023,-0.0075426840975980625,-0.02693876403159834,-0.028798604260398264
El Salvador,SLV,2003,hp,-0.030822566123634765,0.01011716133546875,-0.00946243454971718,-0.025311257446503532,0.016258995058231918
El Salvador,SLV,2004,hp,-0.026890155280431927,0.003173539724535601,-0.01430408221522761,-0.011783823982048247,-0.021508771469892274
El Salvador,SLV,2005,hp,-0.012960867995453818,-0.006653602560751148,-0.0012428692927679563,0.008745118556168663,0.0009014185527540519
El Salvador,SLV,2006,hp,-0.012451402214593621,-0.025753418250908156,0.016421276561035647,0.02917176009820821,0.08353786749734748
El Salvador,SLV,2007,hp,-0.00805258599921821,-0.04616956703594355,0.03475517651844484,0.07191363103425807,0.09330060763436432
El Salvador,SLV,2008,hp,-0.022836713005409237,-0.045675439637587745,0.02943027295394529,0.07735716290972139,0.042635212199710004
El Salvador,SLV,2009,hp,0.02233343921303632,0.04242486393495301,-0.019332339953072264,-0.05031174467577326,-0.10312274174557334
El Salvador,SLV,2010,hp,-0.0023584695056566574,0.026522052930317785,-0.022262941984935836,-0.03793726101015693,-0.08845107336507052
El Salvador,SLV,2011,hp,0.0018951225515495551,0.009855237468342937,-0.024187206304268294,-0.03654922528015625,0.0013660302792999346
El Salvador,SLV,1980,hamilton,,0.06798498080623888,-0.22711623121623425,-0.24385930709653802,-0.6913091920043648
El Salvador,SLV,1981,hamilton,,0.019300870110003768,-0.19455343688878735,-0.1622751197818264,-0.34203032788353394
El Salvador,SLV,1982,hamilton,,-0.032694926563998375,-0.05703592195893403,-0.14142227396496754,-0.19485690951595735
El Salvador,SLV,1983,hamilton,-0.30316357841852337,-0.009841771980640963,0.03816009343475457,-0.08424941208827441,-0.33674156476645223
El Salvador,SLV,1984,hamilton,-0.33466235167519365,0.012694613783784281,0.05687208615019301,0.017399327200341652,-0.22175116808179407
El Salvador,SLV,1985,hamilton,-0.22149229702031104,-0.00240463221640589,-0.04241914724207341,0.0024031416635139635,-0.2808701754745755
El Salvador,SLV,1986,hamilton,0.4745015919547333,0.02804272833401735,-0.05163797663250591,-0.07914818460678763,-0.10458700117649578
El Salvador,SLV,1987,hamilton,0.05792797002813632,0.013054065274744328,-0.025460268967202992,-0.040520479794594166,-0.07175284243225644
El Salvador,SLV,1988,hamilton,-0.2304177162532186,0.011802175274843896,-0.005385342651315739,0.05299209430642282,-0.2206792596686764
El Salvador,SLV,1989,hamilton,-0.0471321250166854,-0.02678045232014592,-0.04594418865979755,-0.024680940911810723,0.048453317779163285
El Salvador,SLV,1990,hamilton,-0.08154846480047073,-0.03737243575657069,-0.010915840766119622,0.08930812511848263,-0.0667815991403371
El Salvador,SLV,1991,hamilton,-0.055465082589291725,-0.03537104944315461,0.023234730078258714,0.07459709455741237,-0.08728093179448138
El Salvador,SLV,1992,hamilton,-0.19052377118895958,-0.04364994724067621,0.009596017548859415,0.014470107386092224,0.2524742582272266
El Salvador,SLV,1993,hamilton,-0.1540927813821753,-0.022158232762016283,0.06199705996028726,0.07721042547470791,0.18571953469688385
El Salvador,SLV,1994,hamilton,0.13699535556291753,-0.01652424258037699,0.014419415217971299,0.04111891849423266,0.1044795702284711
El Salvador,SLV,1995,hamilton,0.3222070185618868,-0.01669178796004281,0.016456184722794198,0.05466245846846096,0.17403281731438724
El Salvador,SLV,1996,hamilton,0.16194750445445116,0.015714516293772463,-0.0037370107586616186,0.0345971663819542,-0.17376132798937594
El Salvador,SLV,1997,hamilton,0.09199030768283212,0.03525865493620026,-0.020365580690212326,0.0030468407335444425,-0.18157421798434648
El Salvador,SLV,1998,hamilton,0.12156316254322785,0.02257623762619973,0.05189124500878162,-0.0017427209448070968,0.250227552829525
El Salvador,SLV,1999,hamilton,0.06010184453207046,-0.0006089735063678492,0.020822659497322427,0.012311243931649507,0.1273048789224962
El Salvador,SLV,2000,hamilton,0.018636777272532434,-0.030788681789908928,0.014075192929399627,0.05697921779434978,0.022521636666040123
El Salvador,SLV,2001,hamilton,0.06476352993198642,-0.03298685198845969,0.003665208726308933,0.029250285498955364,0.09296178698348712
El Salvador,SLV,2002,hamilton,0.07262339695197273,-0.01093660618243808,0.021963558939943617,0.002531701639818529,0.04620046525742705
El Salvador,SLV,2003,hamilton,0.016531652429509158,-0.006289504543017244,0.03432397201925941,0.018493236379882205,0.1136019840309217
El Salvador,SLV,2004,hamilton,0.013277120336816495,-0.01964903629615969,0.02445172183895572,0.05063242323673833,0.07909172606007253
El Salvador,SLV,2005,hamilton,0.02974444408006871,-0.036569226692922535,0.03876360365884324,0.06287428627784308,0.055455270101708365
El Salvador,SLV,2006,hamilton,0.015885663572316133,-0.04902362951339781,0.0648338490815803,0.06440649641194085,0.1753566460545839
El Salvador,SLV,2007,hamilton,0.00530498930409351,-0.06019728759093845,0.05186616253535892,0.08178335069177844,0.14936324970651427
El Salvador,SLV,2008,hamilton,-0.01720484167936842,-0.04478752387196336,0.025924725337605814,0.06330498088441416,0.022209937561123994
El Salvador,SLV,2009,hamilton,0.01715187047739075,0.06374296053396267,-0.03928530831563748,-0.11598091093260443,-0.1224510510214678
El Salvador,SLV,2010,hamilton,-0.009550822602168552,0.060725415470172794,-0.009567803953114407,-0.10045219959381058,-0.06800127274098244
El Salvador,SLV,2011,hamilton,-0.035900367050603066,0.013875576439634885,0.08243808390376639,0.06218783547432061,0.1330953551259535
Ghana,GHA,1980,quadratic,0.12588520983462814,0.025377236980154098,0.0654276670865297,0.09482925368874717,-0.47405309506077664
Ghana,GHA,1981,quadratic,0.08062229147020616,0.029304889637339352,0.005544914110346966,0.07061389842290389,-0.7403076955620902
Ghana,GHA,1982,quadratic,-0.24503341585058092,0.040785889316267386,-0.09569522423177546,-0.004200789882917277,-1.1468798924500483
Ghana,GHA,1983,quadratic,0.1297423933850146,0.036709017330540425,-0.17516193266779823,-0.07470423849903174,-1.1271778869851077
Ghana,GHA,1984,quadratic,-0.06544069011302156,0.019350905558672655,-0.12572004927974056,-0.05244413486508126,-0.4795520406484086
Ghana,GHA,1985,quadratic,-0.0784873050509205,0.020377918189697815,-0.10871455854271161,-0.09112829246299814,-0.14335463198653509
Ghana,GHA,1986,quadratic,0.0647178940308013,0.017721064037175917,-0.08950098753355284,-0.08378857540241569,-0.16032883247003538
Ghana,GHA,1987,quadratic,0.08313276971951922,-0.006508733417645039,-0.07362060080972643,-0.04198606178130326,-0.05320578159760725
Ghana,GHA,1988,quadratic,0.07549771959363838,0.0022522384175319987,-0.050047292385739794,-0.0266559301603575,0.02962380956068511
Ghana,GHA,1989,quadratic,-0.06412021156908487,-0.01104354155805369,-0.032884429259795844,-0.014578929873446889,0.1801590868385956
Ghana,GHA,1990,quadratic,-0.09076167769332244,-0.019587019745781933,-0.03448772225799068,-0.009286346886451469,0.24190460467993624
Ghana,GHA,1991,quadratic,-0.04664713836891732,-0.012026215991590913,-0.019388213273344057,-0.018929091576123547,0.32273580496120413
Ghana,GHA,1992,quadratic,-0.09792088691241663,-0.036160856010968925,-0.019327079540409464,0.021026216728032843,0.07530349240677303
Ghana,GHA,1993,quadratic,-0.1479087256389109,-0.0774199179742173,-0.011108512343041,-0.057015043750067385,0.5997313589213222
Ghana,GHA,1994,quadratic,-0.08448032576843101,-0.02492804061961737,-0.018299534723496436,-0.13844497480129814,0.6304307444153912
Ghana,GHA,1995,quadratic,0.043095009764710035,0.011084008414126822,-0.017804072156136108,-0.10439144451266458,0.41063242545234324
Ghana,GHA,1996,quadratic,0.05928286103473379,0.02122940925776716,-0.0126918641328988,-0.12013371316280974,0.4291836945492671
Ghana,GHA,1997,quadratic,0.10143617975141872,-0.0969790792498323,-0.011817465446624986,-0.008826805254181558,0.5404367293276895
Ghana,GHA,1998,quadratic,0.17545368509719328,-0.014631515539357626,-0.006852398004176585,-0.052208299976192585,0.42487774233235864
Ghana,GHA,1999,quadratic,0.033193073374682136,-0.054476284111297,-0.005996925982766577,0.02572164622259976,0.2774185450543021
Ghana,GHA,2000,quadratic,-0.08025333713832605,-0.05486174978810662,-0.013440018558714684,0.0026203886038445035,0.3478449015275338
Ghana,GHA,2001,quadratic,-0.026673373450226023,-0.05746572640914538,-0.01962188707198198,-0.014291195373507648,0.38602418879568656
Ghana,GHA,2002,quadratic,0.16603392006806672,0.0223592054074412,-0.02251835838047267,-0.022493578998553865,0.02136945998601636
Ghana,GHA,2003,quadratic,0.09841586562840998,-0.005985122844684332,-0.02017907252144191,-0.033250519969627135,0.11139627724936663
Ghana,GHA,2004,quadratic,-0.0066712025118897955,-0.04911841091418359,-0.015369409117815813,-0.03806846675510922,0.26165789112293236
Ghana,GHA,2005,quadratic,-0.049696485957667846,-0.08373190729818361,-0.008958988000188128,-0.023826048425016566,0.21948982246862325
Ghana,GHA,2006,quadratic,-0.08495061806331616,0.019919177937046506,0.0009351080588366756,0.06752606557104723,-0.4008289615319658
Ghana,GHA,2007,quadratic,-0.08077658539255417,0.019686429223681634,0.010160779646241735,0.07245445938722295,-0.40250423055870854
Ghana,GHA,2008,quadratic,0.0033281245683260963,-0.008195977278261352,0.03655737254231983,0.15184020737860493,-0.5133137749913654
Ghana,GHA,2009,quadratic,0.03742153392879821,0.07032475393772156,0.020046991162422145,-0.06922933063327541,-0.13547940693837024
Ghana,GHA,2010,quadratic,0.016374275951572592,0.08969627102713623,0.040382334145719234,-0.04629476114330444,-0.16132153278426742
Ghana,GHA,2011,quadratic,-0.04381082772185696,0.07511819994049224,0.11707690827496009,0.16601029518710053,-0.5850518804473728
Ghana,GHA,1980,hp,0.13201700523050874,-0.0033446071421419643,0.05563728290289305,0.05407481815901338,-0.03926547744323017
Ghana,GHA,1981,hp,0.08021168264966239,0.0018068280632234767,0.01823964232096742,0.04433866145644494,-0.26288618546040166
Ghana,GHA,1982,hp,-0.24818147925891587,0.015251269485904403,-0.06222690602764569,-0.015052665432272683,-0.6558704827393154
Ghana,GHA,1983,hp,0.12553953813871654,0.014042321403623098,-0.12464692035534775,-0.07069784812075852,-0.656540824505695
Ghana,GHA,1984,hp,-0.06865614653366592,0.00046892596415484475,-0.06327834316832259,-0.03550330573763816,-0.06160312137855417
Ghana,GHA,1985,hp,-0.07956903944989158,0.006069334411758227,-0.03961279416228969,-0.0638286049726231,0.19780020720270608
Ghana,GHA,1986,hp,0.06670689884725434,0.008641753355576542,-0.018519652203020875,-0.04900233008575228,0.08875188008850321
Ghana,GHA,1987,hp,0.08971591533737833,-0.0098963892716765,-0.004657905695284015,-0.0022439932756777026,0.09536864602908057
Ghana,GHA,1988,hp,0.08811772300264398,0.004738706040206084,0.014066024021139434,0.01634281609708932,0.07522016340243276
Ghana,GHA,1989,hp,-0.04499847712880811,-0.002681430998909745,0.02466282167972267,0.03083137783161849,0.12531226103007764
Ghana,GHA,1990,hp,-0.06653235996129059,-0.005576083040179147,0.015750167945829396,0.038381006933988715,0.09340397470957207
Ghana,GHA,1991,hp,-0.020113421292999867,0.0072052081306734905,0.02352378420110579,0.031223080221089106,0.09037210506085636
Ghana,GHA,1992,hp,-0.07262966704922835,-0.01228304431122465,0.016811754806206558,0.07388945548772075,-0.2290652241953488
Ghana,GHA,1993,hp,-0.1279494779408772,-0.04968763172686609,0.01914391223047396,-0.0015282427201084303,0.23637927679137682
Ghana,GHA,1994,hp,-0.0737588069132995,0.005771824397888897,0.007119139636784233,-0.08147476442605672,0.22457119811926063
Ghana,GHA,1995,hp,0.04213625615327832,0.04426644999402604,0.0038079786336036037,-0.04811534352271618,-0.02016822622855674
Ghana,GHA,1996,hp,0.04640209245629556,0.056753600518008096,0.006043965415450714,-0.06695185845005103,-0.010146958296407327
Ghana,GHA,1997,hp,0.07817109226721808,-0.05935245436553027,0.004837741089602332,0.03911920156338766,0.10803360723810052
Ghana,GHA,1998,hp,0.14465739240560094,0.024192201733315433,0.008322539995162082,-0.010711688813417553,0.014007580203544201
Ghana,GHA,1999,hp,-0.0017476041114790064,-0.015433316321697116,0.008054476789982168,0.06009217581374049,-0.09924566669759916
Ghana,GHA,2000,hp,-0.11686444621583902,-0.016891796006111376,-0.0004822642671458155,0.029832129437403765,0.015987115978089328
Ghana,GHA,2001,hp,-0.06337635208436065,-0.022021140649156556,-0.008135285848966944,0.005772106489279949,0.10849324735063082
Ghana,GHA,2002,hp,0.13109088720571016,0.05383489760121267,-0.0132829835035011,-0.00982363064134173,-0.1935541485361112
Ghana,GHA,2003,hp,0.06799161068074877,0.020307190115341295,-0.014296213099626698,-0.028531825039300962,-0.0349643710881935
Ghana,GHA,2004,hp,-0.03022173945947948,-0.029533271954762158,-0.014128740256857952,-0.04207367425306696,0.18942651016004142
Ghana,GHA,2005,hp,-0.06510217298416521,-0.07289011810670806,-0.01369560867137043,-0.03725723818234439,0.2269143397098503
Ghana,GHA,2006,hp,-0.09172191401745522,0.019764393312298734,-0.0110180375787845,0.04445811963610069,-0.3101558567194216
Ghana,GHA,2007,hp,-0.07855451816298586,0.006793699634564387,-0.010015306768415222,0.040402861651075206,-0.22919293366699467
Ghana,GHA,2008,hp,0.01568917719321572,-0.03525381401288616,0.0074949295395159155,0.11187735931598031,-0.2590762078047826
Ghana,GHA,2009,hp,0.06263938944251102,0.02792091984711373,-0.018122071172465226,-0.11601575906586081,0.1991629118032998
Ghana,GHA,2010,hp,0.058582055357562446,0.03136435948086139,-0.006745406493410933,-0.09992060510069756,0.2569851838952708
Ghana,GHA,2011,hp,0.020308906195394272,0.0005957317511868232,0.061687854842924494,0.10558585302934098,-0.07803158344265437
Ghana,GHA,1980,hamilton,,0.017205087295842282,-0.10193800856281054,-0.03912562559217392,-0.28156471106474434
Ghana,GHA,1981,hamilton,,0.015001619583273791,-0.07586035558967641,-0.06874228616278799,-0.5533083965396051
Ghana,GHA,1982,hamilton,,0.019133180321271,-0.17282174337058276,-0.11926157800003434,-0.8679344388499564
Ghana,GHA,1983,hamilton,-0.006999213102801605,0.0156952769169276,-0.17146644573335212,-0.16911288731277185,-0.6306365158922973
Ghana,GHA,1984,hamilton,0.009591191325636572,-0.008837302489484378,-0.003026775542818605,-0.08702321949580405,0.3489767186651158
Ghana,GHA,1985,hamilton,-0.22261260618217094,-0.013033803138008794,0.08452675983486024,-0.05377860527973777,0.7458080490413534
Ghana,GHA,1986,hamilton,0.00786856109490408,-0.008293738316274942,0.0019166637817900067,-0.03797288444158564,0.28893236111298837
Ghana,GHA,1987,hamilton,0.05137610073786458,-0.025337183343729877,0.0171406704994137,0.025798199069209105,0.07208123720812765
Ghana,GHA,1988,hamilton,-0.05041637982933622,-0.01721972038812622,0.023028674432185703,0.050272758654399397,0.12484709932454141
Ghana,GHA,1989,hamilton,-0.21640338232676104,-0.021389525339248122,0.02818106278036936,0.03481153768340306,0.2163741348740249
Ghana,GHA,1990,hamilton,-0.23876933380206466,-0.022283081076531694,0.0023139912559688725,0.020175186354618013,0.2168202386899596
Ghana,GHA,1991,hamilton,-0.09991815285897943,-0.015389791099212013,0.005520853287471539,0.0006463306788786483,0.19411292989031104
Ghana,GHA,1992,hamilton,-0.11636604274148254,-0.030996125385222686,0.01741970773896373,0.03626484919945039,-0.10566912974480758
Ghana,GHA,1993,hamilton,-0.18784437481382188,-0.07207645717197214,0.005885741416720158,-0.03405262675766352,0.3679765943132347
Ghana,GHA,1994,hamilton,-0.08900026122505356,-0.015752644761894252,0.007350979361370413,-0.1365780657181661,0.5721245126412704
Ghana,GHA,1995,hamilton,0.083795600597667,0.04616863485066708,-0.0014366330449488984,-0.05908970573229677,0.04569032421594521
Ghana,GHA,1996,hamilton,0.07188154762187171,0.056087651328338484,0.01965175002313657,0.005785898064227801,-0.02347227762759907
Ghana,GHA,1997,hamilton,0.03391181737499416,-0.10298602009247723,0.019067454467791123,0.12128311177368456,0.2520447413102893
Ghana,GHA,1998,hamilton,0.09586591809609413,-0.04377514869038604,0.019394257925573477,0.08140143015842494,0.17662663772334497
Ghana,GHA,1999,hamilton,-0.06327869737211067,-0.046495636018551556,0.023597068444735747,0.09236065930523374,-0.0318936076755163
Ghana,GHA,2000,hamilton,-0.2158270399071558,-0.019947499669910135,0.011938232217646672,0.0685416903169429,0.11997515391857849
Ghana,GHA,2001,hamilton,-0.06125522279265194,-0.05040167445777452,0.009119329043977942,0.015290958922106412,0.298280096280938
Ghana,GHA,2002,hamilton,0.23608184479487804,0.04782063693444792,0.019546214236696002,0.002705082663163161,-0.0709571542180738
Ghana,GHA,2003,hamilton,0.1618681518094034,0.019006647096037665,0.029889807157262638,0.013308576927292037,0.002793528075065943
Ghana,GHA,2004,hamilton,-0.05633542420029691,-0.05397353011034489,0.03863967543364932,0.02221656035323427,0.4206410446050999
Ghana,GHA,2005,hamilton,-0.054030892780179585,-0.11956497522584011,0.043046286686414525,0.049361472936488404,0.39678096856144407
Ghana,GHA,2006,hamilton,0.007531529991825714,0.012410198046522686,0.04972993938498149,0.15042411572415926,-0.3183708190005232
Ghana,GHA,2007,hamilton,0.07272741585337439,0.044686006206790196,0.05457605974878632,0.1505590878747416,-0.2909559289370369
Ghana,GHA,2008,hamilton,0.20789748025222643,-0.006038186262802031,0.07239537213922809,0.16783021315418534,0.057653398474094786
Ghana,GHA,2009,hamilton,0.2676645479439861,0.0191180218188155,0.04977359826232863,-0.0801334506626743,0.5602768573351113
Ghana,GHA,2010,hamilton,0.21719419055184286,0.047043286329612716,0.039525971396873416,-0.10845997950110231,0.6369705916429087
Ghana,GHA,2011,hamilton,0.15380112588841488,0.015451839212839352,0.15354127796943917,0.2321601214418072,-0.0035862255570604518
Guatemala,GTM,1980,quadratic,0.06883731270582949,-0.0033012166541537685,0.16109069822954147,0.13381013080757675,0.22769980382342148
Guatemala,GTM,1981,quadratic,-0.025653106926020186,-0.043308830741847826,0.13009865721353364,0.1353654474712176,0.25695098888230294
Guatemala,GTM,1982,quadratic,0.034858337706342724,-0.0082355212687776,0.05690930008564976,0.06656166226930615,-0.012144061196307732
Guatemala,GTM,1983,quadratic,0.12240160810481182,0.019904649256679476,-0.00599136095188868,0.013182026443436357,-0.3296608718796019
Guatemala,GTM,1984,quadratic,-0.1512636675327812,0.01716842657608984,-0.03718632395735,-0.018891914034837143,-0.32581352257344776
Guatemala,GTM,1985,quadratic,-0.21605611201048003,0.03092142587827644,-0.07858107781763124,-0.06559618721086302,-0.3823716153765453
Guatemala,GTM,1986,quadratic,0.3125751075830294,0.05631962607795538,-0.11153515207331921,-0.11807397389798702,-0.530296366453137
Guatemala,GTM,1987,quadratic,-0.22457959096103242,-0.01154910605631499,-0.11031054611136604,-0.07603166753538737,-0.23940421989770044
Guatemala,GTM,1988,quadratic,0.24352246137445466,-0.0032849059058099594,-0.10510723303439207,-0.07834986021496348,-0.2566726618902271
Guatemala,GTM,1989,quadratic,-0.18256819581177197,0.005618554696999151,-0.0990128014351832,-0.07895527296005334,-0.27076469232678146
Guatemala,GTM,1990,quadratic,0.055581946679179595,0.02126184667316016,-0.10076731561509078,-0.08438635858368748,-0.27222041555085585
Guatemala,GTM,1991,quadratic,-0.17563720240961,0.02641733954796533,-0.0969468406445948,-0.07964418065112433,-0.22438459635457075
Guatemala,GTM,1992,quadratic,-0.10470787367982215,-0.022225163901800057,-0.0815647963285091,-0.05979087320186949,0.03420235440367758
Guatemala,GTM,1993,quadratic,-0.06261929095390428,-0.011101280597124966,-0.07457819733784987,-0.05198262598738701,-0.024144416093439425
Guatemala,GTM,1994,quadratic,0.01838051604377977,0.001894277714991885,-0.06610233382514963,-0.030978800160644582,-0.11494017800780032
Guatemala,GTM,1995,quadratic,0.13472498798136545,0.015761204745423384,-0.04834235375956375,-0.02161464011460268,-0.14157266645528566
Guatemala,GTM,1996,quadratic,0.01723312351001738,0.03331466619795085,-0.049172272261056804,-0.009304280602261628,-0.31669747565744544
Guatemala,GTM,1997,quadratic,0.10541168220695152,0.02867874482762671,-0.035967636419661275,0.00012217618952981013,-0.23042205911150582
Guatemala,GTM,1998,quadratic,0.10867931669555375,0.008073737546262907,-0.016484076763683575,-0.006463113144580035,0.02687450217730536
Guatemala,GTM,1999,quadratic,0.042076626282169904,0.009330526147008786,-0.007965996595482139,-0.0054045721247995004,0.03137288613384204
Guatemala,GTM,2000,quadratic,0.02113902978155746,0.009542914530884863,-0.0018815751293992378,-0.012002249788521269,0.06369214036161086
Guatemala,GTM,2001,quadratic,-0.0023142202206258844,-0.028366264680054917,-0.00837931292419647,-0.0283747879373486,0.15392892410780235
Guatemala,GTM,2002,quadratic,-0.0029038330177293403,-0.02744996049261203,-8.262248959667318e-05,-0.026454062627571773,0.20661188804080677
Guatemala,GTM,2003,quadratic,-0.023264800441579858,-0.03139223436793201,-0.004630590739967744,-0.019723205474655003,0.19004457133262243
Guatemala,GTM,2004,quadratic,-0.023494442443995567,-0.03345541541360858,-0.0027986052851787235,-0.010362734572016308,0.2192987567306499
Guatemala,GTM,2005,quadratic,-0.023936467478181456,-0.03662101132173791,0.0005767355690444731,0.01402110365026843,0.16931230371706985
Guatemala,GTM,2006,quadratic,-0.03424224818234567,-0.045334314148055804,0.024837627502396487,0.034056742144640495,0.24913576794006786
Guatemala,GTM,2007,quadratic,-0.044583062239008875,-0.04351972944825078,0.058335711004975366,0.057266160654693365,0.2853582250013167
Guatemala,GTM,2008,quadratic,-0.06335056795688843,-0.016364440232815358,0.06335797177333546,0.0799439832637816,0.054239119639975186
Guatemala,GTM,2009,quadratic,0.026519454719926117,0.050735441851744986,0.04153693514887813,0.01477959293010045,-0.19257905154843247
Guatemala,GTM,2010,quadratic,0.0296361690448661,0.04304183435709369,0.04325324570361033,0.013046877305342264,-0.1230098036125371
Guatemala,GTM,2011,quadratic,0.01959700184592439,0.04519302666480865,0.054335561104094765,0.025425514143178063,-0.12984063496717813
Guatemala,GTM,1980,hp,0.043037804616785635,0.005770071360737233,0.07590201411497333,0.06676567282274348,0.07217098453713255
Guatemala,GTM,1981,hp,-0.0430861775321123,-0.0370455881080784,0.06373167626562726,0.08079551344582825,0.17269607664140452
Guatemala,GTM,1982,hp,0.025573163951405853,-0.005598871368652718,0.01339524242723833,0.028481025305550745,-0.0193352382747074
Guatemala,GTM,1983,hp,0.1210462742983811,0.01861849446932928,-0.024511313551354164,-0.005877543967599763,-0.26128132596905473
Guatemala,GTM,1984,hp,-0.14516246620371387,0.012241579259813017,-0.030594980506077007,-0.018166462266233196,-0.19044575375543182
Guatemala,GTM,1985,hp,-0.20443739101227365,0.02302813735930715,-0.04854012496597804,-0.046030796060192,-0.1930747983807688
Guatemala,GTM,1986,hp,0.32775824679270915,0.04640387105761536,-0.06117920430873269,-0.08214109996464813,-0.3027018931199912
Guatemala,GTM,1987,hp,-0.20575484707873937,-0.02250391087520951,-0.04376174450872128,-0.027270833260006455,0.010215048805553906
Guatemala,GTM,1988,hp,0.26481870184138234,-0.014719940529524411,-0.026863453212900623,-0.02054624287973894,0.001084091020207012
Guatemala,GTM,1989,hp,-0.15916031292652466,-0.0059374473381302376,-0.013510036113309809,-0.015866996356168173,-0.016474367055823613
Guatemala,GTM,1990,hp,0.0789036847196849,0.009891781424986514,-0.012111040078432111,-0.01953903058250539,-0.030727871359967907
Guatemala,GTM,1991,hp,-0.15484572644439432,0.015547131563465058,-0.008776912384742985,-0.016172223240634054,-0.002583884607719966
Guatemala,GTM,1992,hp,-0.08992614383512709,-0.03237349568181222,0.003065655357739061,-0.0002421321808547816,0.23216176313275216
Guatemala,GTM,1993,hp,-0.0568137008251961,-0.020553090083371833,0.004134145796635735,0.0018433512669790986,0.14859463868042333
Guatemala,GTM,1994,hp,0.013655924749147452,-0.006810001282931945,0.004957109544475813,0.016075585693316796,0.031648273878389865
Guatemala,GTM,1995,hp,0.11989666245240738,0.008137357436494706,0.01393189793919447,0.018351612935942896,-0.023102210771059895
Guatemala,GTM,1996,hp,-0.005428559415380008,0.027454144797633064,0.003737424072468798,0.023828828615663156,-0.2296660366100971
Guatemala,GTM,1997,hp,0.07783198174735162,0.025533063000114348,0.007411750086518509,0.02706514479006472,-0.17927326214885309
Guatemala,GTM,1998,hp,0.07979618718249792,0.008588486952352953,0.017575480444550706,0.015082444012076479,0.03887108696063102
Guatemala,GTM,1999,hp,0.01542558499743496,0.014190045814099508,0.017286329334863737,0.011415377271871918,0.003914476617888241
Guatemala,GTM,2000,hp,-0.0006214390638721312,0.01908440598345229,0.01520248022932158,0.0004921456023083692,-0.000945968468506031
Guatemala,GTM,2001,hp,-0.01755692133653497,-0.014294637878597888,0.0011289319620182425,-0.020191796500675707,0.05692534328753052
Guatemala,GTM,2002,hp,-0.011026645644032662,-0.009679916799750249,0.0022437466137947837,-0.02295915025184847,0.08460545457796442
Guatemala,GTM,2003,hp,-0.02451510913495536,-0.011292427883262096,-0.009301977458767041,-0.021481954460154995,0.052377043165495074
Guatemala,GTM,2004,hp,-0.018858870621443202,-0.01283463671084148,-0.014515880060731234,-0.01790004290996272,0.07644497584245347
Guatemala,GTM,2005,hp,-0.014895726325675263,-0.017615263169866335,-0.018373791918415705,0.0004358418223091576,0.03235642570429853
Guatemala,GTM,2006,hp,-0.022582547948622356,-0.03027846514424601,-0.0015275909721168546,0.01458863697185997,0.12900681225407507
Guatemala,GTM,2007,hp,-0.03224715497230779,-0.034771361386143756,0.02456402756746634,0.03251046814681757,0.192506510691266
Guatemala,GTM,2008,hp,-0.05221192202546732,-0.016001063451084457,0.02239298960581415,0.050780218925352116,-0.002653802769698288
Guatemala,GTM,2009,hp,0.034979126177517195,0.04126410208325547,-0.00644887958242002,-0.01795357292098032,-0.20852546516493042
Guatemala,GTM,2010,hp,0.03484902734003459,0.023073848471879377,-0.01184556538804138,-0.02296566711639869,-0.09668928714700353
Guatemala,GTM,2011,hp,0.021559291478260967,0.01444161977887265,-0.008168551311479533,-0.013945497553928377,-0.06151480808305276
Guatemala,GTM,1980,hamilton,,0.026316521003393566,0.007897000290229883,0.017621372423551662,-0.17601031907094988
Guatemala,GTM,1981,hamilton,,-0.012695310005820519,-0.02812211227795025,-0.006455197662008416,-0.05730722679502698
Guatemala,GTM,1982,hamilton,,0.0038117548747581206,-0.09269217038938393,-0.06274586625516854,-0.1968650549524522
Guatemala,GTM,1983,hamilton,0.16603216636233942,0.049901886791567554,-0.10175644783856086,-0.11708474340727726,-0.511462813620855
Guatemala,GTM,1984,hamilton,-0.1264036785556586,0.035391859612154464,-0.03097342153661664,-0.049796236449980213,-0.338147657715794
Guatemala,GTM,1985,hamilton,-0.25156291587545443,0.022451036942777454,-0.022760601241161638,-0.053322819351175,-0.16825394607147803
Guatemala,GTM,1986,hamilton,0.4024068946634687,0.04168762405972231,-0.05260528196400216,-0.08553821399468475,-0.28558190539561146
Guatemala,GTM,1987,hamilton,-0.055589697387917525,-0.0345323268451376,-0.004704646898272102,0.007970824021398926,0.044058201697072086
Guatemala,GTM,1988,hamilton,0.1419569949796946,-0.04592303901002538,0.024184956075730568,0.05823741356864964,0.12763543188101956
Guatemala,GTM,1989,hamilton,-0.09769559402893435,-0.0029126641054563612,0.00167451571434718,-0.027434446727880868,-0.05066211759710626
Guatemala,GTM,1990,hamilton,-0.014539971109740257,0.02424607681212773,-0.007638452435154264,-0.008761394963233471,-0.06464979981010899
Guatemala,GTM,1991,hamilton,-0.10704351111845689,0.021121814936302025,-0.009696072868164762,-0.00391444006541164,-0.003582731540981321
Guatemala,GTM,1992,hamilton,-0.08939574679417728,-0.040083455988887184,0.014091347310696278,0.023746416342106613,0.2598312314451068
Guatemala,GTM,1993,hamilton,0.029462423403730398,-0.036876962526923705,0.013377797065869501,0.02249343480977828,0.174235464479783
Guatemala,GTM,1994,hamilton,0.1110036524872573,0.003584849814318447,-0.0013310885160464636,0.017807355949354786,-0.07969968562128837
Guatemala,GTM,1995,hamilton,0.18972909713759378,0.02223400250525657,0.01720462531478084,0.025989702322872787,-0.09162184334030954
Guatemala,GTM,1996,hamilton,0.019267387647176726,0.028192280169384153,0.00767034758432672,0.012432081412466545,-0.20330464248835245
Guatemala,GTM,1997,hamilton,0.02902525221972585,0.010934903104331734,-0.0027146918951412857,0.018990083166507077,-0.09082340089734853
Guatemala,GTM,1998,hamilton,0.0709593395863628,-0.02477595035673337,0.03292329600946964,-0.0003320445436241215,0.279013913747014
Guatemala,GTM,1999,hamilton,-0.023991749405264606,-0.026082496155818424,0.018057655448448173,-0.006478542065504911,0.24660659378438954
Guatemala,GTM,2000,hamilton,-0.06481926076383893,-0.013086428513037499,0.0013402451964985573,0.0011463094816850372,0.11158909668025085
Guatemala,GTM,2001,hamilton,-0.056250963605165794,-0.04746643673787204,-0.0038724531461955536,-0.019696577888614897,0.17603275240320304
Guatemala,GTM,2002,hamilton,-0.03647530035303337,-0.04797197252930789,0.0009170606879589371,-0.007625267760031917,0.20831944639274802
Guatemala,GTM,2003,hamilton,-0.043156822538377604,-0.02989520276703672,0.0126183570944427,0.01946910504271493,0.1325321656296854
Guatemala,GTM,2004,hamilton,-0.04125278053010906,-0.023874130756634665,-0.005238148352834315,0.01833748784297029,0.12042575163923885
Guatemala,GTM,2005,hamilton,-0.033118187419827194,-0.025905506795884076,0.012756257612103639,0.03423848341095059,0.07533651132072627
Guatemala,GTM,2006,hamilton,-0.04190144295975884,-0.033410178535110885,0.030049560860346602,0.04436315265100177,0.1375788729049674
Guatemala,GTM,2007,hamilton,-0.05410479094414988,-0.03021420816616807,0.05909615525908407,0.037494639400692975,0.20112223500571957
Guatemala,GTM,2008,hamilton,-0.06943458056688545,0.0019591062739308662,0.024743188674149152,0.04358030203613339,-0.07651724285107608
Guatemala,GTM,2009,hamilton,0.025698490249348005,0.06906469353330315,-0.0353863388406328,-0.044828268171619,-0.35476322626232104
Guatemala,GTM,2010,hamilton,0.03858954877754872,0.043258314755570154,-0.015159766932866248,-0.06751844665716078,-0.1465320155714105
Guatemala,GTM,2011,hamilton,-0.017394253557539763,-0.0034792197731548513,0.03756726903280061,0.04894001086739408,0.01910176661230789
Honduras,HND,1980,quadratic,0.17970713975762553,-0.05307560815454814,0.11256793761576311,0.11307057625256611,0.2785173954447622
Honduras,HND,1981,quadratic,-0.0648611731890485,-0.040962104755790554,0.09532938309844141,0.1378790939966681,0.08373952283508146
Honduras,HND,1982,quadratic,-0.142061210757765,0.01424671968446357,0.039474055426920174,0.11123439283628755,-0.3888529888629497
Honduras,HND,1983,quadratic,-0.06478712286034227,0.001356957893972631,-0.01128752082853346,0.08701241466141241,-0.4732298607484333
Honduras,HND,1984,quadratic,0.07135221281542226,-0.02745559299201735,-0.009927002640953475,0.08409857630705986,-0.2571649906191027
Honduras,HND,1985,quadratic,0.01011355648293133,-0.008225893762916492,-0.009805528243267858,0.06659253082821515,-0.2766508665522318
Honduras,HND,1986,quadratic,0.2742483813276726,0.026619161159059528,-0.04318735419373887,0.023200159580037294,-0.5477921417553091
Honduras,HND,1987,quadratic,0.1837170645181061,0.0195662918003434,-0.02478407001799532,0.008710111125479258,-0.3142518224397195
Honduras,HND,1988,quadratic,-0.12329757801590446,0.026406017842383726,-0.01938414612849293,-0.04028570253623798,-0.13509891109665517
Honduras,HND,1989,quadratic,-0.17661159074010868,0.024498759126964614,-0.01612858001172235,-0.0028769822637269016,-0.23711573214988846
Honduras,HND,1990,quadratic,-0.19256534871076703,0.03673869120291124,-0.05360623880171289,-0.08700120324064109,-0.10436167881803726
Honduras,HND,1991,quadratic,-0.12028342806459591,0.0396975728270723,-0.059422035086891256,-0.08392819808207008,-0.0520918052874908
Honduras,HND,1992,quadratic,-0.17622037109894784,0.03512024397633121,-0.04185235237095952,-0.08291386093108244,0.005356511191310531
Honduras,HND,1993,quadratic,-0.07215445809600496,-0.007775722554296094,-0.01770645821644301,-0.08776346122258794,0.2746164797145383
Honduras,HND,1994,quadratic,-0.048813862729018,-0.006288028256318662,-0.06603813558667682,-0.17210812222384675,0.3296856450832042
Honduras,HND,1995,quadratic,0.03248631522524814,0.0533000345887898,-0.06023084622891517,-0.15795442112005098,0.14867312719880488
Honduras,HND,1996,quadratic,-0.03568674149559037,0.05358910272040581,-0.057722786407522264,-0.1445749855075391,0.12709543253878586
Honduras,HND,1997,quadratic,0.18067531368074263,0.05545120449864702,-0.040729738561175566,-0.12915022929841413,0.16687398233446338
Honduras,HND,1998,quadratic,0.20879777620135886,0.04413879244714336,-0.04299116823823468,-0.10550423079373772,0.11552833528225115
Honduras,HND,1999,quadratic,0.14942332821337967,-0.010596395760111094,-0.09231905378411653,-0.1254058761461092,0.17121349987269951
Honduras,HND,2000,quadratic,0.09371425061147676,0.01788177202027051,-0.06626254785997965,-0.0792162664570899,-0.015253680330514996
Honduras,HND,2001,quadratic,0.046498657326679016,0.020283047187633477,-0.06886735648769893,-0.0633757412420497,-0.11081580451934414
Honduras,HND,2002,quadratic,0.02233957344999382,0.0346327148208084,-0.06112937505810656,-0.05077039376307013,-0.18072926791417387
Honduras,HND,2003,quadratic,-0.01542779677323658,0.0277862636833065,-0.04549611739739312,-0.034238119870398265,-0.131732313836741
Honduras,HND,2004,quadratic,-0.0176634638567732,-0.011604179805133369,-0.01365148445567499,-0.008357357558669065,0.05248491575038727
Honduras,HND,2005,quadratic,-0.010212592289625455,-0.005636515699926459,0.01665532205235465,0.03314465253473564,0.004265905361188871
Honduras,HND,2006,quadratic,-0.04933610600661886,-0.028657729773074375,0.051979890547894314,0.09125933138248321,0.0584158786501181
Honduras,HND,2007,quadratic,-0.059988079219794876,-0.1014342656944055,0.08389875860397566,0.11630497667925255,0.2559688574770611
Honduras,HND,2008,quadratic,-0.11418652188964096,-0.14999445574723735,0.09732914955575822,0.14812011404488956,0.3321453875946627
Honduras,HND,2009,quadratic,-0.03851095561288087,0.02775942609932211,0.04784656394040887,0.09811567398893928,-0.3204680051828266
Honduras,HND,2010,quadratic,-0.00223807727606129,0.020723106153735182,0.04730950842037451,0.0756091534572505,-0.18085022948140939
Honduras,HND,2011,quadratic,0.07183290907203421,0.026492313046677568,0.05505213442433643,0.04868743444093049,-0.01583833989150385
Honduras,HND,1980,hp,0.13993778012201918,-0.026434231242418726,0.047265372813456,0.01619063954755262,0.26413110740463
Honduras,HND,1981,hp,-0.09353541909021335,-0.01917355932527791,0.038509669620278686,0.04404430509923429,0.12545353973775342
Honduras,HND,1982,hp,-0.16142295419670916,0.03043011525231367,-0.006022590100043246,0.02423290691347546,-0.2900243374450673
Honduras,HND,1983,hp,-0.07708299871961266,0.011632955964261081,-0.04391608811241632,0.010556329460079894,-0.32458006928500716
Honduras,HND,1984,hp,0.06502577558491573,-0.023243470460566046,-0.02937746182406009,0.021581603084733558,-0.07139513424742105
Honduras,HND,1985,hp,0.01058116484911853,-0.010204684777596812,-0.016563669020973393,0.020984431058494124,-0.06862380038435933
Honduras,HND,1986,hp,0.2836054204214662,0.0185842933295397,-0.038241011196243235,-0.003169071078264807,-0.3338185495356072
Honduras,HND,1987,hp,0.2052238859849096,0.005974105473638868,-0.009457486120112435,0.0030601351120473907,-0.11140397854100836
Honduras,HND,1988,hp,-0.08805171022041058,0.007933349989216468,0.005044437662311552,-0.024553957785924396,0.04212750497515394
Honduras,HND,1989,hp,-0.12976073920981168,0.0019407843163874727,0.01626433939308569,0.03405042860350882,-0.09631578875858615
Honduras,HND,1990,hp,-0.1390863854869231,0.010929588102415705,-0.014296515709890656,-0.02966716209115816,-0.0075238933582824075
Honduras,HND,1991,hp,-0.06669842724373343,0.011491116359424718,-0.014315551277059413,-0.007920047958901222,-0.0025193455201772963
Honduras,HND,1992,hp,-0.12920574497800086,0.0052805094385485404,0.008001303302979323,0.009389063004238807,0.008668233929016722
Honduras,HND,1993,hp,-0.037873972899875596,-0.03868927065454056,0.036058390095572435,0.017887287989974965,0.23700500396440205
Honduras,HND,1994,hp,-0.031626581160796086,-0.03797334129508073,-0.009064477267781257,-0.05671800027237772,0.26073477692662905
Honduras,HND,1995,hp,0.030404773713281763,0.021274482058270698,-0.0009777478404622286,-0.03727375585133785,0.059842890217186806
Honduras,HND,1996,hp,-0.056713016477609735,0.022164046380657394,0.0027440395797153627,-0.02332580322385347,0.029114720044244535
Honduras,HND,1997,hp,0.14322405616409117,0.025863845447381496,0.019758537499017237,-0.011955015624117493,0.06914212846766787
Honduras,HND,1998,hp,0.16020407857555874,0.01770115673345085,0.016172274918242024,0.0033473273569448736,0.025823967811977155
Honduras,HND,1999,hp,0.09630028383233391,-0.03275609559023626,-0.03617831733386723,-0.02873531156688003,0.09500311891114777
Honduras,HND,2000,hp,0.04240346297175357,0.000767395549276656,-0.01535570549348897,0.0018548420956516765,-0.07507394200584017
Honduras,HND,2001,hp,0.002107237229186154,0.00894811743680686,-0.025557125984180473,-0.000616322462349217,-0.15487021265474432
Honduras,HND,2002,hp,-0.011683895629735375,0.029770417081164235,-0.02777644754351627,-0.008347218215440932,-0.21241174735969537
Honduras,HND,2003,hp,-0.03731433105732673,0.029959364001471034,-0.024203586084599493,-0.013481897501719686,-0.1556577464196316
Honduras,HND,2004,hp,-0.027206840308718228,-0.0022610387977343993,-0.00598708016901206,-0.009821482621520161,0.03260480869928273
Honduras,HND,2005,hp,-0.008396205303710325,0.010283591572917278,0.009901266737941228,0.009818920457105307,-0.012820859528373418
Honduras,HND,2006,hp,-0.03806089900483567,-0.007458837325813622,0.03085431210852896,0.04744108220236498,0.04500416242547445
Honduras,HND,2007,hp,-0.04198858259880467,-0.07706271174672283,0.04918684989949007,0.05427546059991961,0.24937579488960715
Honduras,HND,2008,hp,-0.09265024403072442,-0.12528971818283713,0.05024581670859973,0.07059833073856403,0.3373264404613181
Honduras,HND,2009,hp,-0.016658497055955124,0.04999514230449359,-0.010455442163353368,0.00771561799080267,-0.2992392761493914
Honduras,HND,2010,hp,0.017603371720628758,0.03897776611331796,-0.02162303345738792,-0.025866169141945505,-0.14335542907738308
Honduras,HND,2011,hp,0.08839615350247332,0.04004410054085325,-0.024382864726653963,-0.06294829329291751,0.037078154339544867
Honduras,HND,1980,hamilton,,-0.014195903040953244,-0.040304590531897944,-0.005858977156453449,-0.00940780980753253
Honduras,HND,1981,hamilton,,-0.0073563636250869036,-0.04970813489819648,0.03645278380918171,-0.24994968853912525
Honduras,HND,1982,hamilton,,0.05962252540974929,-0.06408029803573356,-0.014724959325185694,-0.6561089841156997
Honduras,HND,1983,hamilton,0.0394892663203148,0.05126328733997989,-0.10187766876349968,-0.06532681139923291,-0.606856000713285
Honduras,HND,1984,hamilton,0.15116290845934977,-0.010172199830417887,-0.04064997231665757,-0.02373951234226901,-0.11158226507213165
Honduras,HND,1985,hamilton,0.0328160012478067,-0.00621030492856707,0.006158060396062481,-0.01761579874106367,0.056782527529743554
Honduras,HND,1986,hamilton,0.2503350466971721,0.046220620020543404,-0.037978997881635834,-0.06482291641003002,-0.2815260309727803
Honduras,HND,1987,hamilton,0.22372840901791502,0.03909168920982871,-0.01887732969782263,-0.05644238009422864,-0.10019435751541916
Honduras,HND,1988,hamilton,-0.22793798371926144,0.02045724446540362,0.024523237059602465,-0.05321466719984613,0.2127663079422577
Honduras,HND,1989,hamilton,-0.1710743809067008,0.007755629436198376,0.0012559414129391655,-0.010822700385286765,0.09237065305134529
Honduras,HND,1990,hamilton,-0.06242367836503071,0.017815030248203224,-0.03817078031404719,-0.0342420532744967,0.0771196178738478
Honduras,HND,1991,hamilton,-0.04418333956423748,0.017700620421799162,-0.046053732447152385,-0.09698114317009576,0.1254429929760814
Honduras,HND,1992,hamilton,-0.10793982897061838,0.006313387536016561,0.014679304570783813,0.029183782347335097,0.1582240536107946
Honduras,HND,1993,hamilton,-0.045308129900625715,-0.044118025570832484,0.03862166989254412,-0.007954892746598219,0.36749040827965196
Honduras,HND,1994,hamilton,0.02104490982613516,-0.04310413324712931,-0.03001301551377722,-0.091922761375681,0.3846914416608378
Honduras,HND,1995,hamilton,0.03469922806606718,0.03747820764882375,-0.047368104590871596,-0.07031155468339811,0.06802326886822385
Honduras,HND,1996,hamilton,-0.02144254925595135,0.051147872796112374,0.014472149774993781,0.05402485797288037,-0.05686421169023603
Honduras,HND,1997,hamilton,0.15794162012119273,0.021570266044471716,0.01610340755095052,0.022396609584015792,0.052030012587295005
Honduras,HND,1998,hamilton,0.23613656268826944,-0.013662771244746554,0.012632624228627876,0.03382970902551641,0.06948166448820992
Honduras,HND,1999,hamilton,0.05029517836356856,-0.07126410623248494,-0.054785230995191725,-0.0012606144908069439,0.11730582468331541
Honduras,HND,2000,hamilton,0.03173536064746241,-0.03983675338490336,-0.022447469245051366,0.019535493959129013,-0.05454162682366537
Honduras,HND,2001,hamilton,0.015883235218462133,-0.008443345168347285,0.030250937818578905,0.07060628585553275,-0.15631468678574123
Honduras,HND,2002,hamilton,-0.0012857450216188226,0.010182824396524598,-0.0003024332581951228,0.01578169583660305,-0.155396352100448
Honduras,HND,2003,hamilton,-0.03554756581469931,-0.010372348184331595,0.023723404158424444,0.027853293776841426,-0.002941807993357415
Honduras,HND,2004,hamilton,-0.04360258778907333,-0.05974188901722345,0.046820962354836126,0.04315493350365962,0.2452105710201451
Honduras,HND,2005,hamilton,-0.029782617101669295,-0.05784252379768348,0.06152225524319377,0.06776006617242203,0.1990312874672231
Honduras,HND,2006,hamilton,-0.08355174900346718,-0.06124952415733706,0.0645892688972527,0.09792276826544288,0.15743386169805973
Honduras,HND,2007,hamilton,-0.10479191873092564,-0.12463161814046705,0.06909883856206633,0.07749685309586063,0.32326213069411835
Honduras,HND,2008,hamilton,-0.14479139788190487,-0.16639798518087778,0.04919048701895967,0.04715803011999853,0.392170589639786
Honduras,HND,2009,hamilton,-0.08090517297672495,0.05312101921786344,-0.028852410263803918,-0.015403828754868343,-0.36415662152957573
Honduras,HND,2010,hamilton,-0.028317204618361735,0.0943140153063419,-0.037894693751674424,-0.07079821049275026,-0.3171137589872419
Honduras,HND,2011,hamilton,-0.012381877052774826,0.02868801925913808,0.02827330040162046,-0.019686956123983634,0.1229170304020979
India,IND,1980,quadratic,-0.03551922631079929,-0.02317277451915853,-0.021716119253667898,0.030412537973443676,-0.08668664581071184
India,IND,1981,quadratic,-0.15051677870885172,-0.018976434661839153,-0.008613221909659075,-0.008597420619757656,0.10142188600835667
India,IND,1982,quadratic,-0.07537132608710806,-0.014004528211482948,-0.020635145604021687,-0.032230712354174074,0.08231972503325657
India,IND,1983,quadratic,-0.0517023186097898,-0.012914388196285483,0.002564185605070435,0.025586094778560664,-0.00885719681785968
India,IND,1984,quadratic,0.1417213939839721,-0.006885791740055564,-0.008076328203106442,-0.0127101425072631,0.03793146447119167
India,IND,1985,quadratic,-0.030770071610606742,-0.01586938927195623,-0.005985093576798661,-0.027769425978389606,0.10876310184330329
India,IND,1986,quadratic,-0.018801052841308064,-0.009911874162629699,-0.00941002950379577,-0.04267923698244225,0.08750990933237546
India,IND,1987,quadratic,0.13740323969110424,-0.004896570149353836,-0.021541716043007142,-0.047996444827965945,0.020222754917192276
India,IND,1988,quadratic,0.09235389195704968,-0.005343826528955297,0.01846242140444332,-0.014393548390776445,0.09554570509856042
India,IND,1989,quadratic,0.04198510275632028,-0.0019440231095251212,0.02346293453584103,-0.007412596080945022,0.08506762717913574
India,IND,1990,quadratic,-0.07470002519302898,-0.003912839447590969,0.023726238125110655,-0.007336911585664296,0.10767146520976034
India,IND,1991,quadratic,-0.006290932729296372,0.010942447740549284,-0.020164953527789464,-0.025146282330217318,-0.057209954258532036
India,IND,1992,quadratic,0.025124290093603285,0.0045901892347050745,-0.022000055956798548,-0.03301829651138455,-0.003254493297292882
India,IND,1993,quadratic,0.1483232766350957,0.012849327980063911,-0.031590254575057486,-0.003704115862733559,-0.16234359924125918
India,IND,1994,quadratic,0.1803103479355519,0.010780786653630647,-0.02391577885680185,-0.004021917492012861,-0.0885912262644375
India,IND,1995,quadratic,0.06958239611252814,0.0032497616551498913,-0.008475784829165889,-0.013892880381943584,0.023074775744184706
India,IND,1996,quadratic,-0.03223386351757895,0.004425036929260806,0.00594597954362186,0.07113253080175497,-0.14931299278190124
India,IND,1997,quadratic,0.0903251148165376,0.005098085425326061,-0.013498878719989449,0.012200351388422348,-0.08378558852527895
India,IND,1998,quadratic,0.11094704547229561,0.0022718831253029856,-0.01340750618796882,0.027062303191668136,-0.1461897730492332
India,IND,1999,quadratic,-0.013506979363700822,0.0007374687757472596,0.007161331261755777,0.011693827062673634,-0.009665128816235935
India,IND,2000,quadratic,-0.07689089851386832,0.012394839334904935,-0.015278756750996436,0.02689520979172677,-0.161402695609981
India,IND,2001,quadratic,-0.11076385522996723,0.01432912672486384,-0.029193632662250835,-0.0004700905302605918,-0.1391718050909514
India,IND,2002,quadratic,-0.22095872669472083,0.015169964095279398,-0.053811808208616085,0.0006063715501394285,-0.21067989017847033
India,IND,2003,quadratic,-0.14926944824322508,0.019406969891724475,-0.041135202893396894,0.010923634136073446,-0.17546953730726855
India,IND,2004,quadratic,-0.26976290773284006,0.010704686372585634,-0.03020788109178163,-0.06161419681818714,0.028048470745357434
India,IND,2005,quadratic,-0.0795575376407891,0.0022923826609155262,-0.006958957183243797,-0.043991176647539376,0.08316603461200778
India,IND,2006,quadratic,-0.03663004752390808,-0.0006247907205899697,0.01518538517036383,-0.025040841366694266,0.1275701005747205
India,IND,2007,quadratic,-0.014590296730485619,-0.00841901124600359,0.04131971157282166,-0.01353850711807425,0.18882216831804932
India,IND,2008,quadratic,0.004469293392998175,-0.01577406541283584,0.011180124899741628,0.015350348884870968,0.06674314974231166
India,IND,2009,quadratic,0.11375023486200053,-0.017277394826312818,0.021061843195337104,0.009937477514105453,0.06923195459855336
India,IND,2010,quadratic,0.15809793464666022,-0.003498280554474195,0.04202838252226471,0.02486212258971321,0.05770997718085269
India,IND,2011,quadratic,0.13344273092601355,-0.012043844205781827,0.03707058330398816,0.04121342484257795,0.04940403150951589
India,IND,1980,hp,0.03482194757060153,-0.015437227585180645,-0.02285891708028487,0.03395472668014321,-0.1362945218720002
India,IND,1981,hp,-0.0961716521032594,-0.009833710798948198,-0.006905005701266731,-0.0012585285932349422,0.048051705464857264
India,IND,1982,hp,-0.0380158946778435,-0.004029670604691754,-0.01697018435048747,-0.02138599383020967,0.02594007490249517
India,IND,1983,hp,-0.03171673327204516,-0.0026903124864664264,0.007347917782611901,0.03954102544414262,-0.06722845435302016
India,IND,1984,hp,0.14495063836710642,0.0030370106821064023,-0.002785802510457458,0.004068508348964883,-0.02140791174662038
India,IND,1985,hp,-0.042372839740344226,-0.006739024153084222,-0.0006472342435319689,-0.008739834732073959,0.05015700674700163
India,IND,1986,hp,-0.043450188101028075,-0.0020361530944495235,-0.004303920844888509,-0.022298458079681893,0.03223048536162665
India,IND,1987,hp,0.10177842802284687,0.0013586476304945048,-0.016759594471496442,-0.02740380558816291,-0.028746187791552913
India,IND,1988,hp,0.04854364182126236,-0.0009582622343724621,0.02305820658591884,0.0052550338617063375,0.055939169067068306
India,IND,1989,hp,-0.007518584966656583,0.0004258600672599547,0.02840751707975997,0.010393459910773117,0.058231000396851584
India,IND,1990,hp,-0.12818882310173763,-0.0035919598343907844,0.029721652773208262,0.007933046584147618,0.09680843571467257
India,IND,1991,hp,-0.06276500105149108,0.009289447930449987,-0.012533846215315947,-0.013005030430258913,-0.049681822966366695
India,IND,1992,hp,-0.0327618082680301,0.0011828003260081366,-0.012562786129025838,-0.02457672668187172,0.02332815338710681
India,IND,1993,hp,0.09179943922038802,0.007958512002583113,-0.020465404628177808,0.0006184790474019763,-0.11730047322505577
India,IND,1994,hp,0.1294517311491319,0.004717149339031642,-0.011385355572837597,-0.00384014013171452,-0.027172329176146093
India,IND,1995,hp,0.029302633938551814,-0.003716032683075657,0.005219434670307166,-0.017482497773945838,0.09846706817780593
India,IND,1996,hp,-0.05770498010365621,-0.003259363030663884,0.02072030135319558,0.06457060828429739,-0.06239562490498507
India,IND,1997,hp,0.0829155654457372,-0.003171321339103913,0.002371740363741992,0.004069705179409411,0.011177920035823519
India,IND,1998,hp,0.12445216539710291,-0.006466290580865281,0.003472290989908089,0.0187253004492014,-0.047065717171067334
India,IND,1999,hp,0.022536936735545687,-0.008338877750428172,0.024835155806048448,0.004430923617270821,0.08921544320349817
India,IND,2000,hp,-0.019157556216827132,0.0031899312752262862,0.00281118997436991,0.021717697141822256,-0.06721741926083702
India,IND,2001,hp,-0.03488932293460589,0.005367674360462994,-0.011476574956812868,-0.0028643944544910482,-0.05507357129325818
India,IND,2002,hp,-0.13299853126117434,0.00695449128446223,-0.03769586863952945,0.0011624437420874045,-0.14232820668917512
India,IND,2003,hp,-0.05743751396293728,0.012516830378717042,-0.02817306274292619,0.014095243239568234,-0.12824093704647765
India,IND,2004,hp,-0.18310157101595692,0.00572651887468955,-0.02189971512163602,-0.05667552104031692,0.05048371176127553
India,IND,2005,hp,-0.007363171876528796,-0.0003050574352792511,-0.004470703007150689,-0.03878848789739919,0.08012630664089393
India,IND,2006,hp,0.013377952629597623,-0.0005478965479519815,0.011241024237889974,-0.02116502160092182,0.10085762303101653
India,IND,2007,hp,0.007162553603984101,-0.00554627388250712,0.030927973546551968,-0.012280381668865914,0.14192172670638925
India,IND,2008,hp,-0.00658495937629322,-0.010150594916081418,-0.005188221118649139,0.01321166152577824,0.0038135194272168604
India,IND,2009,hp,0.06678213109174091,-0.00905945749470212,-0.0006360903620556968,0.004257369512117748,-0.006313316462632557
India,IND,2010,hp,0.07362028695949707,0.007148207021950771,0.015876015441618208,0.015998380152129954,-0.027820749270537348
India,IND,2011,hp,0.010703080076368998,0.0009462213087220936,0.007573431182075652,0.029983654523455527,-0.044202194413022866
India,IND,1980,hamilton,,-0.021843415342578776,-0.07299780192792582,-0.0038049789790051136,-0.18156344052917284
India,IND,1981,hamilton,,-0.007879434760368044,0.005949055727201724,0.012954802233609897,0.015581964871733689
India,IND,1982,hamilton,,0.011139262143479794,0.01611750491131403,-0.005133790804512373,0.12177472058735095
India,IND,1983,hamilton,-0.05715910258094414,0.0030782210406099138,0.022666184575067305,0.020389653564960142,-0.04077749602764236
India,IND,1984,hamilton,0.11353359870420743,0.004985674762598643,0.01632553615537624,0.018368164773248097,-0.05340568816827673
India,IND,1985,hamilton,-0.07143572679176557,-0.0038950879305655398,0.006651955072593196,-0.013788207440804001,0.08767142872790856
India,IND,1986,hamilton,-0.1596001896778496,-0.004066836553856647,0.0025022725410241975,-0.04097709665388294,0.07039497932873928
India,IND,1987,hamilton,0.07927603284788987,0.011754629541302622,-0.0069223342308362135,-0.015515894028641952,-0.06307485923056788
India,IND,1988,hamilton,0.05012248326135982,0.002374741585246405,0.034862560987054536,0.03514553190945158,-0.0005229003275495359
India,IND,1989,hamilton,-0.07981026329595675,0.0020123094269711497,0.049882283298897434,0.05374142224753875,0.04335204116757296
India,IND,1990,hamilton,-0.1802916541375268,0.0016596131959388562,0.02572652657604202,0.03855181870338065,0.040744810984501
India,IND,1991,hamilton,-0.07455438424671801,0.012584607718307704,-0.03706673388374071,-0.0027929840234257597,-0.14632455343951456
India,IND,1992,hamilton,0.03043868802354943,0.00893323140280857,-0.041336525756161535,-0.015118671690133922,-0.10388700927970085
India,IND,1993,hamilton,0.13259557854314696,0.0009212745067768936,-0.01985269540246115,0.023341281244233514,-0.1594686774201417
India,IND,1994,hamilton,0.14639582393060735,0.009290005889484892,0.005060091414245349,0.037015001684377324,-0.058815394182222036
India,IND,1995,hamilton,-0.029180419094949173,-0.00894735868397608,0.027396461216346424,0.014998104943620305,0.140004425382541
India,IND,1996,hamilton,-0.1549946875953898,-0.0036719708526134582,0.039065827440094125,0.08225184005446096,-0.021459290633986328
India,IND,1997,hamilton,0.02916997596200943,0.003833501005374322,0.004659070592422765,0.027818524382224652,-0.061524104497667764
India,IND,1998,hamilton,0.11942402569315735,-0.0027437747566862146,-0.012513458106019115,0.0009768183934522057,-0.050448297742239134
India,IND,1999,hamilton,-0.058245088777572285,-0.0050726834149658825,0.015482181795402283,-0.033066718416517205,0.10747114611158537
India,IND,2000,hamilton,-0.14034250485745847,0.009257415953635804,-0.0009962822780238412,0.006814226256919298,-0.02814127927266341
India,IND,2001,hamilton,-0.10505927713354435,0.011520322277971153,-0.03118073719013026,-0.022438517326859753,-0.07595532813733108
India,IND,2002,hamilton,-0.16616699036545324,-0.0006392130266500186,-0.04887029477426452,-0.0224536419909942,-0.09816561976145266
India,IND,2003,hamilton,-0.06725082309333619,0.004376925742192721,-0.01935077661683593,-0.00797506235656087,-0.020451268112671173
India,IND,2004,hamilton,-0.1220336243555229,-0.005172420717436342,0.012816123272108015,-0.06723174377115626,0.22182085621666658
India,IND,2005,hamilton,0.0419233201809277,-0.018279058482653213,0.034320021120807453,-0.05801574279815114,0.27917862733446874
India,IND,2006,hamilton,0.14599054774974807,-0.011538724468627554,0.04183723380649518,-0.007916481007521625,0.16932567195823012
India,IND,2007,hamilton,0.07792363548726744,-0.013642419324391693,0.04500131090835602,0.03369133470947716,0.11208805426930724
India,IND,2008,hamilton,0.058066125580404915,-0.020939991598820734,-0.012062005742036419,0.03944689581484617,-0.06357378684069737
India,IND,2009,hamilton,0.15305068296487434,-0.01579960366383379,-0.031681262258574705,0.014041032962802902,-0.12210913550815938
India,IND,2010,hamilton,0.1864010837234602,0.002774518215010971,-0.0012497128834443316,0.003703714766420063,-0.07615415826999694
India,IND,2011,hamilton,0.10181313335308229,-0.006936669739531963,-0.004552161798018872,0.003209397943786385,-0.04084918790741554
Indonesia,IDN,1981,quadratic,-0.003718626052981122,0.023787481861324927,0.032694098571131036,-0.05938470783649308,0.13754870533635355
Indonesia,IDN,1982,quadratic,0.0863044913228741,-0.017088730318474504,-0.01821436472011051,-0.06306877896104268,0.09615914174135654
Indonesia,IDN,1983,quadratic,0.11627706703581175,-0.04571172942783051,0.0016970458397249644,-0.02900330842860832,0.2095887705240962
Indonesia,IDN,1984,quadratic,0.20210881165040817,0.0038447439216082943,0.010602835216083406,-0.0169250701848096,0.03880016811426579
Indonesia,IDN,1985,quadratic,0.17762694499056497,-0.015402031239306446,-0.014619847775151129,-0.04249810458012071,0.03176396374245449
Indonesia,IDN,1986,quadratic,-0.1221274598020683,-0.04347114785512978,-0.015115256047458558,-0.013712257163779995,0.06592350972197103
Indonesia,IDN,1987,quadratic,-0.17923620746734592,-0.01946871002870698,-0.02096603824565868,-0.04013534695878462,0.06335142467794164
Indonesia,IDN,1988,quadratic,-0.2843749202981982,-0.008901362447378366,-0.015952834442131802,-0.011411756241688664,0.006488860094552962
Indonesia,IDN,1989,quadratic,-0.23466674615875327,-0.00683746779519552,0.015214793159044504,-0.04718853289930536,0.14499828077083698
Indonesia,IDN,1990,quadratic,-0.04017878615967341,-0.020034334334541815,0.04638408509719483,0.04143875156459309,0.10446737539070661
Indonesia,IDN,1991,quadratic,-0.04016905287832451,-0.019016136646749806,0.07761365728004499,0.06798652872807409,0.15467155463626625
Indonesia,IDN,1992,quadratic,-0.03693358910232014,-0.005638532653580934,0.09377795636624242,0.0761646848126265,0.12886551246337952
Indonesia,IDN,1993,quadratic,-0.01219393789420753,-0.004929562204527907,0.11097913303355789,0.106799605553352,0.10767540426478917
Indonesia,IDN,1994,quadratic,-0.030619442962097843,-0.0255972177270608,0.13156281383081314,0.1482401959003763,0.17760986104091891
Indonesia,IDN,1995,quadratic,0.04696111875454001,-0.054630021286038,0.16078074246460083,0.20906487259641793,0.23388167178966057
Indonesia,IDN,1996,quadratic,0.13078634903526964,-0.046577916697581906,0.18372911273960213,0.2442782889033719,0.21895198203126576
Indonesia,IDN,1997,quadratic,0.15196080737087758,-0.042620566720496154,0.17962239764515076,0.22826385648079217,0.25264015403253914
Indonesia,IDN,1998,quadratic,-0.04146135571249321,0.0570793292967435,-0.010576580759286358,0.13067779581907146,-0.5695315102927605
Indonesia,IDN,1999,quadratic,-0.2596056265669109,0.037374030691254514,-0.05175612170236121,0.1741348881672966,-0.9915524693573445
Indonesia,IDN,2000,quadratic,0.1368259857626919,0.06048932245255784,-0.05245507380361758,-0.02691574506244443,-0.3103319985280848
Indonesia,IDN,2001,quadratic,0.12514799550250988,0.03833648123370351,-0.06511358514377363,-0.017372445795190927,-0.2971354652552822
Indonesia,IDN,2002,quadratic,0.09668352355627174,0.01981444714004732,-0.06922501808979753,0.017152980608972968,-0.3379559332692228
Indonesia,IDN,2003,quadratic,0.08694197426098604,0.029781278428423867,-0.07022028996969354,-0.08760255894291014,-0.14280562894569648
Indonesia,IDN,2004,quadratic,0.06850068566812428,0.005385323748740428,-0.06824338322912737,-0.025500869245604463,-0.18354568603316856
Indonesia,IDN,2005,quadratic,0.04366874654376929,0.0012761520709877183,-0.059303026894870214,-0.027624516014686407,-0.11123681542786912
Indonesia,IDN,2006,quadratic,0.050185341705787145,0.014131795951395881,-0.05146253416587143,-0.06108381836507526,-0.06690011503711446
Indonesia,IDN,2007,quadratic,0.023946001793063942,0.0023558764307983135,-0.03499285651983186,-0.017896810243442474,-0.04341655118272847
Indonesia,IDN,2008,quadratic,0.02343244185650928,-0.025669344670136172,-0.021074346878531713,-0.012306088356513811,0.10875373422596368
Indonesia,IDN,2009,quadratic,-0.07599324099252325,-0.007742109682234412,-0.019861980741609386,-0.122410408774833,0.2483931474724166
Indonesia,IDN,2010,quadratic,-0.0903770376222166,-0.01769662360781807,-0.0034317501505398695,-0.11437966162493574,0.3476017816658086
Indonesia,IDN,2011,quadratic,-0.11570225714011872,-0.01918225538316577,0.015791673595920486,-0.10354561143318186,0.4078019389577854
Indonesia,IDN,1981,hp,-0.042643057430050035,0.007366051951513214,0.040991947942076834,0.024062380549310092,0.0242314244688
Indonesia,IDN,1982,hp,0.04820733078013628,-0.027392519623100922,-0.014302948779562286,0.010674897260880556,-0.017597296425796216
Indonesia,IDN,1983,hp,0.08534744681056772,-0.0496365761313417,0.001499127985555404,0.03343397018335814,0.09649530012620211
Indonesia,IDN,1984,hp,0.18463135849231893,0.005850841427291215,0.0060409002846526505,0.03303996918002383,-0.07281298301420058
Indonesia,IDN,1985,hp,0.1789771684476813,-0.008125922542888131,-0.024347257264464517,-0.006068341992532922,-0.07880124318636739
Indonesia,IDN,1986,hp,-0.09932948096822347,-0.031857404027245344,-0.031416780776197584,0.007891595531706486,-0.044547724816810685
Indonesia,IDN,1987,hp,-0.13691559696625966,-0.0046398909440073365,-0.045614029523648014,-0.034814949435062914,-0.04771339358834403
Indonesia,IDN,1988,hp,-0.22800870950068575,0.00814836224437638,-0.05076918639969463,-0.02407818728952371,-0.10514520507655156
Indonesia,IDN,1989,hp,-0.17191471812729997,0.011613781988185093,-0.031185216133700067,-0.07944284454427297,0.03400833239370371
Indonesia,IDN,1990,hp,0.021396611446574454,-0.0009076344630774731,-0.012100588847633986,-0.01166138945596984,-0.002424613566791578
Indonesia,IDN,1991,hp,0.01448374922818374,3.710600126140273e-05,0.0077694528662739515,-0.006079858753983203,0.057231763326997864
Indonesia,IDN,1992,hp,0.0066531689000619565,0.012578589496076306,0.014646503055198323,-0.017734220629698427,0.04815679876954171
Indonesia,IDN,1993,hp,0.017641006377521862,0.01167464914849796,0.025902165256772136,-0.004483145173356462,0.05232897225891975
Indonesia,IDN,1994,hp,-0.015830934758684023,-0.011522620387281055,0.04500505384912934,0.02351455894612897,0.15712767091319257
Indonesia,IDN,1995,hp,0.04662330577705909,-0.04425840058594148,0.07807087871558771,0.07637442630416125,0.25811315012528446
Indonesia,IDN,1996,hp,0.1166153763369886,-0.04122406846955522,0.11060974929907275,0.11040308240584906,0.2965227451013561
Indonesia,IDN,1997,hp,0.1261566499267932,-0.04329813599701603,0.12146934543998711,0.10052216689092397,0.38837087629285527
Indonesia,IDN,1998,hp,-0.07695806317585241,0.05007008896780574,-0.04986040144411952,0.015822097405891355,-0.37759032365283574
Indonesia,IDN,1999,hp,-0.30437515607074683,0.024879238606603078,-0.07095537467822233,0.07734663068705139,-0.7560041911777251
Indonesia,IDN,2000,hp,0.08245203608120111,0.044000769863794476,-0.05254340296375304,-0.10218435734037179,-0.050657976441465635
Indonesia,IDN,2001,hp,0.0631304529509169,0.019742838961261437,-0.04854406071652129,-0.07017192039514875,-0.03213497977535873
Indonesia,IDN,2002,hp,0.030451120526049813,0.0009612578745533326,-0.03940470260895701,-0.013708732057688522,-0.08523961802627511
Indonesia,IDN,2003,hp,0.020760043698019537,0.012273528341085659,-0.031024797667354775,-0.0978370344373225,0.08152587911116527
Indonesia,IDN,2004,hp,0.007166649867447639,-0.009422170087398873,-0.02362283300959156,-0.017060694024593204,-0.001337229250049532
Indonesia,IDN,2005,hp,-0.00769548328741454,-0.00984917282248491,-0.012971794357939714,-0.0021259678864780085,0.016657480064180774
Indonesia,IDN,2006,hp,0.014165651464793427,0.0073918700113563,-0.006663023276754387,-0.019636259549040247,-0.003950584490622688
Indonesia,IDN,2007,hp,0.00897536200932425,0.0005243885024816264,0.0056342183344284535,0.038918572308766386,-0.05464845767407667
Indonesia,IDN,2008,hp,0.035403484128806006,-0.0223234651810302,0.0134078973647771,0.060020468843426045,0.015537156011612652
Indonesia,IDN,2009,hp,-0.031089517953778234,0.0007907130923790959,0.007115015942254388,-0.034093973875476635,0.06736858483374952
Indonesia,IDN,2010,hp,-0.006805302836272453,-0.004003400565416749,0.015157480679327762,-0.009859498522795107,0.07477047232524114
Indonesia,IDN,2011,hp,0.012328047823649158,-0.000399201107424859,0.025517368771765803,0.017468217565550503,0.04031598521313384
Indonesia,IDN,1981,hamilton,,0.004183751728459376,0.04096948583208082,0.04073204080966164,0.07090011750219993
Indonesia,IDN,1982,hamilton,,-0.06039344653014987,-0.038055577000635665,0.11426339106984429,0.04886400413697167
Indonesia,IDN,1983,hamilton,,-0.0524772807432834,-0.03228703007339284,0.08351720281850383,0.1376206418811794
Indonesia,IDN,1984,hamilton,0.23995087124915848,0.014438729191661837,0.057020522142360974,0.05573571988917969,-0.04912432099123443
Indonesia,IDN,1985,hamilton,0.174868232004318,0.007342011014303309,-0.020139645317536647,0.008328245931775058,-0.09518958580436099
Indonesia,IDN,1986,hamilton,-0.20212001761358778,-0.039664254194315005,-0.0250254817575275,0.01828286708714444,-0.024026818825639396
Indonesia,IDN,1987,hamilton,-0.2614567441224631,-0.007870512881611532,0.009223668652900585,0.0062223547490116715,0.04761768870343808
Indonesia,IDN,1988,hamilton,-0.20962724634705854,0.0143608930091065,0.00330703346325123,0.023832345775389285,-0.023966847829969495
Indonesia,IDN,1989,hamilton,-0.1731149137929373,0.007472633566179009,0.042336094528478085,-0.002417214256864142,0.10062223095227196
Indonesia,IDN,1990,hamilton,0.06314233271370817,-0.00971917640668737,0.06324998028673612,0.07539946309119827,0.08818197524876936
Indonesia,IDN,1991,hamilton,0.009462981364412926,-0.009289675005470635,0.05121402985900403,0.11795914864104162,0.09210384731087196
Indonesia,IDN,1992,hamilton,-0.11113817523439806,0.009551788463226095,0.03578651682392753,0.07684057791943921,0.027014264307965163
Indonesia,IDN,1993,hamilton,-0.0758241868827616,0.010143144169296146,0.021309617575337114,0.06090285967957065,-0.003942517845025861
Indonesia,IDN,1994,hamilton,-0.1011550868396407,-0.01566966916851739,0.0320503737525506,0.08858649122041129,0.05582336356701312
Indonesia,IDN,1995,hamilton,-0.04030954040580337,-0.04495001779641883,0.04319923678542459,0.126036343221255,0.13113497968108057
Indonesia,IDN,1996,hamilton,0.057856687536800955,-0.028644780612591236,0.04364527715765121,0.12311137964273655,0.08795332174629067
Indonesia,IDN,1997,hamilton,0.03401839252153316,-0.01303403974828466,0.006047853814068915,0.05202413906004111,0.06193162188573176
Indonesia,IDN,1998,hamilton,-0.196216079936808,0.08363652467502394,-0.20471147199324413,-0.08917530759373626,-0.7791830900264305
Indonesia,IDN,1999,hamilton,-0.4097379543541928,0.062251424310112206,-0.23008592444422327,-0.04555923359225211,-1.2147479306942799
Indonesia,IDN,2000,hamilton,0.11827036467996344,0.0457433171485845,0.04232349301991434,-0.17336442787543582,-0.14348402184157294
Indonesia,IDN,2001,hamilton,0.23571405361546116,0.03063134713806208,0.003982652667319897,-0.16188459776958197,0.4183038331933009
Indonesia,IDN,2002,hamilton,-0.035369238704506145,0.0028777784866758846,-0.017883901563084947,-0.0017061233389039643,0.21226939948799917
Indonesia,IDN,2003,hamilton,0.020582366432271293,0.02123638186566311,-0.0012504234541008685,-0.04755074115258928,0.11276347953458377
Indonesia,IDN,2004,hamilton,0.0422463115315983,0.0040275835859305,0.000644029323597195,-0.012030015945477146,0.08259809756118308
Indonesia,IDN,2005,hamilton,0.04747962579166298,-0.0042459166833540285,0.008806923172663517,0.047658430531795304,0.07087770572717034
Indonesia,IDN,2006,hamilton,0.09399603328469208,0.017837090206665254,0.012958897116082113,0.005502119684072326,0.04941683082259907
Indonesia,IDN,2007,hamilton,0.1136953564779537,0.007419382856607322,0.016987091920785957,0.03045898630299959,0.04927912753212027
Indonesia,IDN,2008,hamilton,0.14241676874826315,-0.02613670488874128,0.02316512312430241,0.060312299976409633,0.14431452129353417
Indonesia,IDN,2009,hamilton,0.09792875445048743,-0.004132433340243574,0.0036549412495467948,-0.06849008262380174,0.24860749705585405
Indonesia,IDN,2010,hamilton,0.1226882227399404,-0.0034666936316341303,0.006908106327355057,-0.07793326073917584,0.25719059122995347
Indonesia,IDN,2011,hamilton,0.20175182909186962,-0.012478840352348242,0.030208814729032696,0.007739617719428438,0.17907674780524374
Jordan,JOR,1980,quadratic,0.062099158175394464,-0.04318213721314529,0.16306666906185363,0.07862591479015801,0.19897125942166127
Jordan,JOR,1981,quadratic,-0.023665139167934335,-0.18126026858036964,0.1667228209650924,0.08933492821390399,0.4509445637604639
Jordan,JOR,1982,quadratic,0.013313888858516698,-0.19908544880861467,0.19383173988130054,0.23479199657610295,0.34096102303703546
Jordan,JOR,1983,quadratic,-0.005741777668905712,-0.1206874082415848,0.16886879468611138,0.2359816451813055,0.1770354238563101
Jordan,JOR,1984,quadratic,-0.055267286009420324,-0.09683416550106483,0.20830715926276255,0.25532565332746504,0.13411996227950151
Jordan,JOR,1985,quadratic,-0.07411647517092845,-0.07333823303770126,0.2006844239451233,0.3290815795587889,-0.18460677810269654
Jordan,JOR,1986,quadratic,0.04725960182447331,0.01648626640412043,0.22485062304186165,0.25526658445558414,-0.13446221490949295
Jordan,JOR,1987,quadratic,-0.0757163886766481,0.012701017266636638,0.20980878643432543,0.2038073166205141,0.0029368827034570444
Jordan,JOR,1988,quadratic,0.00211361441017921,0.05701261267473218,0.1482250887138834,0.10226962186854927,-0.02904904171737055
Jordan,JOR,1989,quadratic,0.0473842323955358,0.119420628588054,-0.040491473068056116,-0.11783975397213187,-0.18778023587353943
Jordan,JOR,1990,quadratic,-0.07775680718778855,0.0014348429506100824,-0.07627791276141593,-0.07333986078782129,0.08898799503074262
Jordan,JOR,1991,quadratic,0.00874094629476918,0.08250340031706305,-0.17944974816133286,-0.20589315603664815,-0.20597848209223013
Jordan,JOR,1992,quadratic,0.023544462004270628,-0.02427167901735816,-0.07001863216378368,-0.03175123484654652,0.1761262058167441
Jordan,JOR,1993,quadratic,0.005804083350131606,-0.016660058536017874,-0.08064914587277805,-0.10251962490808086,0.2682760852616637
Jordan,JOR,1994,quadratic,0.07790079513630666,0.04446037625863375,-0.08208912363833676,-0.16543568053656887,0.18227699462030422
Jordan,JOR,1995,quadratic,0.09801841147545076,0.0495138764644758,-0.06635337115786921,-0.18058915611386883,0.19702703072735428
Jordan,JOR,1996,quadratic,0.07869489170737509,0.010796673141685725,-0.08860142561434792,-0.11939958814282736,0.10498344432603446
Jordan,JOR,1997,quadratic,0.07252242224585004,0.03860466114810504,-0.09955631804721143,-0.12223398629255033,-0.07199151106841573
Jordan,JOR,1998,quadratic,0.021078686738325914,0.06502499316266985,-0.11397129483236945,-0.1081054494060254,-0.247798665010591
Jordan,JOR,1999,quadratic,0.026169459346879087,0.07889823883558963,-0.11267981649131986,-0.1253824298088766,-0.2565902781524132
Jordan,JOR,2000,quadratic,-0.03728586045254101,-0.001253073962206308,-0.11053035671300204,-0.02049877521837029,-0.2189855677323349
Jordan,JOR,2001,quadratic,-0.03943329913597893,0.013285990622561333,-0.09920191439630788,-0.011677919815589632,-0.27034250067638066
Jordan,JOR,2002,quadratic,-0.05370483333183884,0.06702989102390047,-0.08307038706333536,-0.06371892999589956,-0.3051427642587239
Jordan,JOR,2003,quadratic,-0.13352673878980248,0.05501861604552927,-0.08333460215209243,-0.06541463077218346,-0.2809771328110662
Jordan,JOR,2004,quadratic,-0.13247503828761698,-0.0371402745093346,-0.0423994260477345,0.019103620984625813,0.030948450332385136
Jordan,JOR,2005,quadratic,-0.10506590148667172,-0.15349854933921936,-0.004692880953062861,0.11691544651019559,0.27974921467042524
Jordan,JOR,2006,quadratic,-0.08920417186665652,-0.08242121487774962,0.03208351337462201,0.10606635344157134,0.11820970790083951
Jordan,JOR,2007,quadratic,-0.027998466487839657,-0.12312490545525423,0.06950130975497348,0.14584385139098544,0.20767125338726977
Jordan,JOR,2008,quadratic,0.2365570033731661,-0.0517838480028629,0.09806042321427366,0.07059735207238393,0.20817022641263438
Jordan,JOR,2009,quadratic,0.2783402991706607,0.04274880756962801,0.10954660730337284,0.0039330890768347615,0.07398443750687722
Jordan,JOR,2010,quadratic,-0.04129803605251503,0.08207641869063032,0.08967630776798519,-0.015003902176245809,-0.055977473054142024
Jordan,JOR,2011,quadratic,-0.12728573673436916,0.02727012031278686,0.07207436364298125,0.023125980171821325,-0.0367552440456862
Jordan,JOR,1980,hp,0.04209074118156142,-0.011154763834401449,0.09484302598219596,0.037151764488567274,0.1575425869116982
Jordan,JOR,1981,hp,-0.031651105250774414,-0.12963761258600764,0.059077685119398815,-0.004183827769115744,0.37817719079766565
Jordan,JOR,1982,hp,0.015148464236066417,-0.13622012557236557,0.057675836969774075,0.10135796875060876,0.25231375100853715
Jordan,JOR,1983,hp,0.0036070333591187165,-0.055123841539523655,0.015532617188787512,0.07656006908944324,0.08660740932159872
Jordan,JOR,1984,hp,-0.040966426142508894,-0.035946386255887586,0.04896420806980917,0.08462906259497949,0.05212757946033353
Jordan,JOR,1985,hp,-0.05771770461197967,-0.022778640903328984,0.04619588218495707,0.1618417171701756,-0.25269601141551057
Jordan,JOR,1986,hp,0.06301985785476916,0.05314636690510044,0.08527571400045009,0.10538811212813659,-0.1884509131506915
Jordan,JOR,1987,hp,-0.06263618242342073,0.03419920315200431,0.093942814733329,0.08274939763261902,-0.03949706701226141
Jordan,JOR,1988,hp,0.010536927031650656,0.06386387883358374,0.06274668317065135,0.0179920399384077,-0.06333269243363748
Jordan,JOR,1989,hp,0.04986486074852525,0.11357539574928197,-0.09195978758781553,-0.16170408866283292,-0.21778172942614837
Jordan,JOR,1990,hp,-0.08191896979236013,-0.014359681105432898,-0.09379718217534094,-0.07766483199329777,0.059570151420561324
Jordan,JOR,1991,hp,-0.0026770786162826354,0.059167825918069405,-0.16584499129453967,-0.17444240056038662,-0.23616373107238608
Jordan,JOR,1992,hp,0.005163728475901408,-0.05293543297996023,-0.0299408689271079,0.029598505778626993,0.14557424654883455
Jordan,JOR,1993,hp,-0.018313209282148968,-0.04922616963704474,-0.018916947349831403,-0.017516321390549372,0.24187149849357148
Jordan,JOR,1994,hp,0.0501544514530039,0.009160036420006484,-0.003389203396229945,-0.06368890216474732,0.16719150837946284
Jordan,JOR,1995,hp,0.06981501542631996,0.012882003961083688,0.024948584226281767,-0.06949849349343751,0.2006713032961196
Jordan,JOR,1996,hp,0.053769388095386894,-0.02562106864582439,0.011291797358690125,-0.006217245425432338,0.13333514915789557
Jordan,JOR,1997,hp,0.05447455183748584,0.003960860725324006,0.005022838143251995,-0.013369796240874088,-0.01639439838180312
Jordan,JOR,1998,hp,0.012835292382625596,0.03398530270812378,-0.008619024587831703,-0.009064700939523718,-0.1671912182309816
Jordan,JOR,1999,hp,0.029439740457065433,0.05352357630018931,-0.010524964529381009,-0.04063217004136366,-0.15781667641114883
Jordan,JOR,2000,hp,-0.022138700822886825,-0.019010894307226384,-0.015514978297784587,0.04662283755137331,-0.1118271833480291
Jordan,JOR,2001,hp,-0.013686451697489055,0.004452487296478319,-0.015134338074087594,0.036012098173044294,-0.16593973239081894
Jordan,JOR,2002,hp,-0.02005449555112815,0.0679739490457057,-0.013470064879568255,-0.036194472431786195,-0.2148767654033792
Jordan,JOR,2003,hp,-0.0959512503724893,0.06609472437160366,-0.031280766270662674,-0.058080838117800404,-0.2148104139831961
Jordan,JOR,2004,hp,-0.09603433622281621,-0.01675612178563779,-0.0103963881021647,0.007292450126586303,0.06662078892378442
Jordan,JOR,2005,hp,-0.07494200754327185,-0.12646980023129006,0.0056427756161943066,0.0886566278007388,0.28424758734443856
Jordan,JOR,2006,hp,-0.06974084923109114,-0.05308319828786501,0.020126897201200755,0.06563589230412514,0.09590383561539717
Jordan,JOR,2007,hp,-0.021951799688651796,-0.09622013317226552,0.03556279379043481,0.09820987673339765,0.16513768786570626
Jordan,JOR,2008,hp,0.22871601695763477,-0.031931182719316664,0.043184375756090354,0.020763757363879698,0.15323331178753108
Jordan,JOR,2009,hp,0.25864526730915394,0.05201635358921236,0.03515576405702969,-0.044042566419318696,0.0140649334414098
Jordan,JOR,2010,hp,-0.07059606061374613,0.0786309954369534,-0.002860071910579798,-0.058218030976375346,-0.11539472448408361
Jordan,JOR,2011,hp,-0.16630470894465788,0.009868876495877976,-0.03764332710199447,-0.0131365805640149,-0.09226196768590977
Jordan,JOR,1980,hamilton,,-0.09657030562130586,0.02303854883260925,0.014026888937716642,0.28526760684009034
Jordan,JOR,1981,hamilton,,-0.15778625597362766,0.06761153130637787,-0.019018600820819742,0.5077498071454212
Jordan,JOR,1982,hamilton,,-0.17347604961462604,-0.07271298579684338,0.086999330498152,0.16916149637059164
Jordan,JOR,1983,hamilton,-0.07510099654442914,0.02467024832845699,-0.0038642506960639977,0.1043738109796255,-0.11159799226481137
Jordan,JOR,1984,hamilton,-0.08657154513366816,0.04830196622506849,-0.0016137226496937274,-0.05425767493565825,-0.03668769356235568
Jordan,JOR,1985,hamilton,-0.10041500094990852,0.005939310029359712,0.05065772271568125,0.0831590891396976,-0.27646255724392343
Jordan,JOR,1986,hamilton,0.03872774167103099,0.08928316621290155,-0.002074805452249251,-0.013454065752212863,-0.24039869306866724
Jordan,JOR,1987,hamilton,-0.05983512873009733,0.07146620916993918,0.025571356234711295,-0.1477186893096718,0.09885763008746196
Jordan,JOR,1988,hamilton,0.034182722008277544,0.044910932441900586,-0.07652203784851164,-0.12191171912419385,-0.04128087463366814
Jordan,JOR,1989,hamilton,0.05686138566966381,0.12495602790883178,-0.22220803890848995,-0.30788589058740445,-0.287999038426884
Jordan,JOR,1990,hamilton,-0.02848040691926368,-0.02957791488394651,-0.1725142377650748,-0.15595713544828183,0.036660442727435516
Jordan,JOR,1991,hamilton,0.04499775168244913,0.00584820889763063,-0.029840392036741825,-0.05376720636711507,-0.15841178548947
Jordan,JOR,1992,hamilton,0.052607738693130734,0.009147777239223776,-0.0021296283538108085,-0.029952993728807442,-0.00028070902920074303
Jordan,JOR,1993,hamilton,0.07126262363315217,-0.0678194909026712,0.12143698180363138,0.08944189580640849,0.3534518748032154
Jordan,JOR,1994,hamilton,0.12390691374604046,0.09575201722418292,-0.12065892248675159,-0.24726687936493086,-0.055042371468133844
Jordan,JOR,1995,hamilton,0.1413166099336136,0.0796425846924767,-0.005088222380237539,-0.09169384827389226,-0.018688966376452676
Jordan,JOR,1996,hamilton,0.1268593771325035,-0.010326401384022438,-0.02990818766169756,0.02207101235104858,-0.02762040507722041
Jordan,JOR,1997,hamilton,0.10093150088514502,0.021008890001935038,-0.06282379378551362,0.015598244741742207,-0.22710762634753756
Jordan,JOR,1998,hamilton,0.04139758853064901,0.0801481159193568,-0.02829998228039976,-0.04836971530934875,-0.32952848457351447
Jordan,JOR,1999,hamilton,0.047216823465533686,0.06374679487109913,-0.02321655965817726,-0.028955760925898133,-0.22822380537521259
Jordan,JOR,2000,hamilton,-0.0205103301946421,-0.03664579964888176,-0.0035379629484690867,0.0632591245735794,-0.09810483731837216
Jordan,JOR,2001,hamilton,-0.01633058701645762,-0.032187816721907764,-0.0011422776196079454,0.10682393383966637,-0.1697369650466456
Jordan,JOR,2002,hamilton,-0.0405067610937877,0.08944740130050732,0.01643807271157005,-0.07768805985755023,-0.21968043859481767
Jordan,JOR,2003,hamilton,-0.11366060979283699,0.05142538046314202,0.004330741843502572,-0.03643880769172636,-0.1385492489980127
Jordan,JOR,2004,hamilton,-0.12301135533683194,-0.08737585491134545,0.032957984192186096,0.12534510573556634,0.20136474906279123
Jordan,JOR,2005,hamilton,-0.10468930583823433,-0.18932484180341608,0.08710571679176304,0.2104745759481661,0.44262237837843976
Jordan,JOR,2006,hamilton,-0.08197498372057765,-0.04502020172898297,0.06532098369852513,0.10121437479630657,0.09039411297255207
Jordan,JOR,2007,hamilton,-0.03572280979656561,-0.003286824222385687,0.07959649536631197,0.06449089163638977,0.09501181069009768
Jordan,JOR,2008,hamilton,0.20573457833232478,-0.012718160305521642,0.08417913972666913,0.05570663947915211,0.2794811161678865
Jordan,JOR,2009,hamilton,0.22633451915443814,0.12172557082808666,0.07014348597633635,-0.056003626618200464,0.07129552571534159
Jordan,JOR,2010,hamilton,-0.12603179092096362,0.08984011792501378,0.038900882553901006,0.047543708289689235,-0.016962781896006973
Jordan,JOR,2011,hamilton,-0.2994962625495967,-0.040785803951445265,0.02964557508191934,0.14671362039137215,0.11853720195488116
Kenya,KEN,1980,quadratic,0.23258729227295927,-0.046739361010678146,0.09850438257584315,0.07764332035314503,0.23488245616578673
Kenya,KEN,1981,quadratic,0.08376916479592822,-0.010834897381601732,0.08310607512887636,0.05832143890737207,0.1482975415659471
Kenya,KEN,1982,quadratic,-0.007082067938518399,-0.023580556573036534,0.04644563303010685,0.06429914581664953,0.06152353225713014
Kenya,KEN,1983,quadratic,-0.07404260226164361,0.007095442635861576,0.00884384357977197,-0.0012029849288452965,-0.021969362451503827
Kenya,KEN,1984,quadratic,0.030702852195688024,-0.0196430564589199,-0.02315957715212491,0.04423887916517266,-0.10996449738992098
Kenya,KEN,1985,quadratic,-0.10772620579155578,-0.012551141216544728,-0.029102057294640105,-0.05712269917187918,0.12924386597215332
Kenya,KEN,1986,quadratic,-0.010354076026035663,-0.0032129384341110442,-0.00639592534493616,-0.007286856709642464,0.0010999466091163868
Kenya,KEN,1987,quadratic,-0.11443998271448041,-0.011727936089526457,0.006144961594465315,-0.025518868507328207,0.12461947208853452
Kenya,KEN,1988,quadratic,-0.08400252501215277,-0.011393513494834792,0.022709297074223755,-0.02679898150988791,0.19008805138747498
Kenya,KEN,1989,quadratic,-0.11420923736207911,-0.027954725320951522,0.026466392952620765,0.0169613586131252,0.17366594075445363
Kenya,KEN,1990,quadratic,-0.24596472900079291,-0.010243327652970577,0.027027815444222725,-0.008653210152461455,0.14979430057261567
Kenya,KEN,1991,quadratic,-0.13866887491195357,0.0353773397227494,0.0023107018423260683,-0.024024272559140414,-0.011742734418398015
Kenya,KEN,1992,quadratic,-0.11612185621774085,0.04961924259197503,-0.043158827192597116,-0.014232312717187057,-0.26596564373721066
Kenya,KEN,1993,quadratic,0.03544527797690922,0.10252895484301797,-0.07526555944841284,-0.1270961390318579,-0.2514209964232137
Kenya,KEN,1994,quadratic,0.1525461168050679,0.08571047282874861,-0.08279904811903727,-0.14531201853916897,-0.16009786320083386
Kenya,KEN,1995,quadratic,0.11625742919049031,0.001938925310339533,-0.07095416782937924,-0.03301476821070359,-0.016710936490852646
Kenya,KEN,1996,quadratic,0.15356006717625803,0.0012952433125455048,-0.05932420815106454,0.06362783638540925,-0.37022342656948304
Kenya,KEN,1997,quadratic,0.20240190300553884,-0.010170548892348502,-0.08155520409748007,0.04925336647083434,-0.3730977323000211
Kenya,KEN,1998,quadratic,0.1633454179307252,-0.006026809997799018,-0.07456576721353514,0.015889582288872717,-0.25739751192841
Kenya,KEN,1999,quadratic,0.04782725502596108,0.016557251154439824,-0.07612310488648077,-0.00023632096368153555,-0.3196752166323442
Kenya,KEN,2000,quadratic,0.06638199184341609,-0.011499352880054062,-0.09383127574942307,0.003356088552530778,-0.209405315138266
Kenya,KEN,2001,quadratic,0.015725548668819478,-0.008518057238122337,-0.07988352139014765,-0.024146492175315615,-0.10558762192672155
Kenya,KEN,2002,quadratic,-0.017780447449738723,0.0396830124450388,-0.09695739048881613,-0.08162962451464395,-0.3240877159236373
Kenya,KEN,2003,quadratic,-0.03527600799100572,0.038010644803807885,-0.08981887170262048,-0.11145423377860553,-0.21631172262832088
Kenya,KEN,2004,quadratic,-0.042597148695287856,0.03769377119099688,-0.060830608906845995,-0.09358289270353204,-0.14212707823474702
Kenya,KEN,2005,quadratic,-0.031616282523784456,0.02784476129162132,-0.023149039873754162,-0.05492456417805336,-0.047375165759522275
Kenya,KEN,2006,quadratic,-0.05087592862509993,-0.004318372246285049,0.019657970438203165,0.004841533666308351,0.06009997725396232
Kenya,KEN,2007,quadratic,-0.08415898425286539,-0.007711415651399586,0.06969834839445888,0.030893137302244966,0.16282455018317954
Kenya,KEN,2008,quadratic,-0.08432414770454333,-0.037545029018269435,0.06811478429779783,0.07403486429140038,0.18756365207216952
Kenya,KEN,2009,quadratic,0.032631348383290515,-0.025805924965306593,0.0789268326096213,0.05369920271650486,0.2546013095604671
Kenya,KEN,2010,quadratic,0.0177357859875924,-0.015062942748934757,0.119230053588252,0.04827812435167722,0.308798665728526
Kenya,KEN,2011,quadratic,0.008323653220506877,-0.06806859868773718,0.14672298216878588,0.09673759469091969,0.42779317284373874
Kenya,KEN,1980,hp,0.12754697136536652,-0.02272449422607343,0.03484427425935621,0.026465606804215724,0.09879229682558943
Kenya,KEN,1981,hp,0.015763151522265595,0.011627935522802328,0.02699190804015572,0.012563840047969066,0.025527836814621452
Kenya,KEN,1982,hp,-0.040075127879755534,-0.0033440018852002595,-0.0006731775930557404,0.026109349610658583,-0.047595686313156804
Kenya,KEN,1983,hp,-0.07547716440083807,0.02456538017789422,-0.028701693091322866,-0.030305801157776813,-0.11840738673648588
Kenya,KEN,1984,hp,0.05633998237806814,-0.0053127295659433985,-0.051418688360005405,0.024852616100595526,-0.1955139859101056
Kenya,KEN,1985,hp,-0.0597817670741394,-0.001811726851672496,-0.04893934057261262,-0.06674938200957925,0.0531509619388526
Kenya,KEN,1986,hp,0.05429230931002049,0.0034590804434725952,-0.018739540387160858,-0.007946004543722296,-0.06465247711352085
Kenya,KEN,1987,hp,-0.03894017313530007,-0.009606859470035173,0.0007926863386984451,-0.018170105026735328,0.0718757619826409
Kenya,KEN,1988,hp,-0.0042838971175838125,-0.014348580520293835,0.0244592598043738,-0.012490048823812216,0.15545215045785632
Kenya,KEN,1989,hp,-0.03730307890071671,-0.0364567233995727,0.03603479165350798,0.037276301025510605,0.16394904919425102
Kenya,KEN,1990,hp,-0.17925617057092325,-0.024565144409116564,0.04549155528797577,0.016932065625324455,0.1719652017040083
Kenya,KEN,1991,hp,-0.08952385917254357,0.015525283682560743,0.030747047271852068,0.005941380331131896,0.04780283536386065
Kenya,KEN,1992,hp,-0.09009457618273764,0.02533464512316184,-0.004127168016490046,0.018900160484410122,-0.16676008872476444
Kenya,KEN,1993,hp,0.03550761753030862,0.07556237942610874,-0.025777905119733546,-0.09239341667166379,-0.11394972733483755
Kenya,KEN,1994,hp,0.1274042450982389,0.058212002118150585,-0.023715472306458096,-0.11120763412951185,0.012232861962875319
Kenya,KEN,1995,hp,0.06992493326808447,-0.02429746265992229,-0.003597720225034351,-0.0013253906504182567,0.18620049717459253
Kenya,KEN,1996,hp,0.09202934945521335,-0.02282330852491897,0.01475624025250788,0.09254953274908928,-0.14200485016852404
Kenya,KEN,1997,hp,0.1329449319424043,-0.032010761219519,-0.0024894699853650337,0.07653195574877181,-0.1277024020941404
Kenya,KEN,1998,hp,0.09359343452710878,-0.025895196366894288,0.007409131015750248,0.0432013917225369,-0.004392591510894661
Kenya,KEN,1999,hp,-0.015558676490896595,-0.0017927321263190923,0.006372324067770663,0.0285714694403012,-0.06878762023822738
Kenya,KEN,2000,hp,0.014117065320926159,-0.028672313296066718,-0.013590552573406356,0.034477040397309366,0.029522218270775724
Kenya,KEN,2001,hp,-0.022413944106425276,-0.024725405045566848,-0.00512306684722752,0.009173506542227372,0.1121091610113023
Kenya,KEN,2002,hp,-0.04068177273279616,0.02464656009035697,-0.031217188259786255,-0.047500758934850396,-0.13661554164953316
Kenya,KEN,2003,hp,-0.04349398760380474,0.025014317896911574,-0.03690209562573621,-0.07927448185498953,-0.06890227752812983
Kenya,KEN,2004,hp,-0.037947342299296416,0.02802428127683359,-0.024491451095224548,-0.06700302787307066,-0.044096589719039514
Kenya,KEN,2005,hp,-0.016740047743976305,0.022956158286094097,-0.0067236897591111955,-0.03769540797772386,-0.0068289453641643405
Kenya,KEN,2006,hp,-0.028860947626958122,-0.003084942869085963,0.013496240616511557,0.009539141878267543,0.03670849976500001
Kenya,KEN,2007,hp,-0.05837186326494859,0.0006427255579422864,0.03900642048702885,0.020825294426114027,0.07076211627147089
Kenya,KEN,2008,hp,-0.05812180754220719,-0.021383113123351283,0.011544731839018496,0.04781921206719986,0.02345008942718252
Kenya,KEN,2009,hp,0.056485390950531844,-0.001467215382941034,-0.0046641433871990046,0.010596674779728588,0.01570191093684592
Kenya,KEN,2010,hp,0.03765263631149107,0.017717366802420503,0.007565035227226957,-0.012285245887376561,-0.007210311948179893
Kenya,KEN,2011,hp,0.023324184864572217,-0.026671423452349297,0.006067124211792674,0.018198548586886076,0.03260481810103144
Kenya,KEN,1980,hamilton,,-0.00626063502372827,0.038679865089765286,0.07918877894402065,-0.008079776567400998
Kenya,KEN,1981,hamilton,,0.03823302549868326,0.008548861464770852,-0.048626555651257064,0.1753758576512201
Kenya,KEN,1982,hamilton,,0.01743665965392554,-0.02912046814124558,-0.04359565373882823,-0.04227850047092829
Kenya,KEN,1983,hamilton,-0.10659122696831247,0.03049513407100864,-0.05407675257317557,-0.06299507090767165,-0.10003185210888255
Kenya,KEN,1984,hamilton,0.04347198874708713,0.0014355548920383446,-0.05632347377886049,-0.0127427144458796,-0.1263071559111797
Kenya,KEN,1985,hamilton,-0.055912866405974704,-0.004660594508087507,-0.030908236783741216,-0.08139604736402895,0.1721364218929775
Kenya,KEN,1986,hamilton,-0.06354153192650358,0.010340219116475452,0.018715111157241893,-0.030636555350522343,0.10509210422987714
Kenya,KEN,1987,hamilton,-0.01660228252707796,0.003255303390865473,0.037577483985344884,-0.011881074604140451,0.09296264537747234
Kenya,KEN,1988,hamilton,-0.10363163394445785,-0.003466277616977903,0.03687851262178654,-0.0016626529162593329,0.21203426206664489
Kenya,KEN,1989,hamilton,-0.015255451463208836,-0.018794007183360148,0.029708732983717567,0.034316557582775076,0.13223179443535393
Kenya,KEN,1990,hamilton,-0.19781269962990944,-0.00035982644146486525,0.016566359721190693,0.01664135394663724,0.05550102060622919
Kenya,KEN,1991,hamilton,-0.054164447316602526,0.052365933075611985,-0.012286439615682099,-0.020298554799369484,-0.1047124991364754
Kenya,KEN,1992,hamilton,0.07753933563626259,0.06045695734694867,-0.05895293599047413,-0.012389159897752577,-0.34590931956521054
Kenya,KEN,1993,hamilton,0.10325819155420124,0.08597818064963526,-0.07268662752360022,-0.10746527456148058,-0.23542880688994572
Kenya,KEN,1994,hamilton,0.22951572289793276,0.051153720495340414,-0.04471673945080923,-0.12467548173341747,0.020041137926355646
Kenya,KEN,1995,hamilton,0.06773648908925534,-0.06289981342687609,-0.0068648984739247965,0.043109619238236974,0.1742975828587987
Kenya,KEN,1996,hamilton,0.04243995585209959,-0.06786935190383601,0.010953811588342077,0.19036303486949713,-0.24047461527542247
Kenya,KEN,1997,hamilton,0.1534541317189566,-0.03551726230575225,-0.021425427011630305,0.12474977920011732,-0.34370076225706825
Kenya,KEN,1998,hamilton,0.07270298685739185,-0.014025809868067299,-0.025503708420545834,0.0011511645838204743,-0.035185069289690674
Kenya,KEN,1999,hamilton,-0.07599412299367891,0.013151320582366934,-0.012058704071497672,-0.042040226459613805,-0.0688431785539887
Kenya,KEN,2000,hamilton,-0.011216249929979938,-0.015684555720894375,-0.03590478172591993,-0.015666246830116748,-0.0349559437815703
Kenya,KEN,2001,hamilton,0.028265536580208916,-0.025994854572417528,-0.023038916695385936,-0.022516478117859506,0.0876799189467814
Kenya,KEN,2002,hamilton,-0.05203468398013822,0.029853683793530178,-0.02843261503688943,-0.07582887182120324,-0.1993742567585972
Kenya,KEN,2003,hamilton,-0.021807495435369084,0.03150129600856003,-0.03349281457643549,-0.09251185007075513,-0.1731478586349624
Kenya,KEN,2004,hamilton,-0.014414254851344843,0.005433251934857046,0.005633236305762068,-0.03477871371055663,0.013275818692587649
Kenya,KEN,2005,hamilton,0.0014177364306604545,-0.01542580604964218,0.03605227848508008,0.04017326788387088,0.05417692405130481
Kenya,KEN,2006,hamilton,-0.018052028417252508,-0.0484556417825639,0.053364058201838205,0.10148629119769836,0.09655581727333207
Kenya,KEN,2007,hamilton,-0.06519803431208082,-0.04833576327655299,0.06997477179779388,0.10106361042052114,0.12447444592240409
Kenya,KEN,2008,hamilton,-0.04842046335475558,-0.06160747735854419,0.030422914013760405,0.09924892094915982,0.06428251177744215
Kenya,KEN,2009,hamilton,0.0896769939142601,-0.04267141358203655,-0.0027318028563207974,0.043784827557278305,0.04750846824650523
Kenya,KEN,2010,hamilton,0.06313116884560621,-0.017971249020349953,0.033066208113007534,0.006493723197793955,0.06468153547460354
Kenya,KEN,2011,hamilton,-0.05196076466737054,-0.07180140194624669,0.04879368041407517,0.049792535562884765,0.1280865996585394
"Korea, Rep.",KOR,1980,quadratic,0.01902977273743911,-0.04456530159203985,-0.09347156654537514,-0.042882242229307366,-0.060274441356218844
"Korea, Rep.",KOR,1981,quadratic,-0.035846202397967986,-0.02491417823478178,-0.10871964502593734,-0.04992882085724126,-0.1685532497961173
"Korea, Rep.",KOR,1982,quadratic,-0.01700860809594751,-0.002787743327533964,-0.11240934137859782,-0.0712925546522527,-0.22142154834607197
"Korea, Rep.",KOR,1983,quadratic,-0.035890631467123235,0.006082020621624159,-0.08321554083229366,-0.049595351788390474,-0.1978770710409794
"Korea, Rep.",KOR,1984,quadratic,-0.04519480198336545,0.010235504048308704,-0.07551975802777022,-0.05438404617735948,-0.1618321638850695
"Korea, Rep.",KOR,1985,quadratic,-0.05556658163006656,0.014977696077737898,-0.076885408910357,-0.05630007554901617,-0.18664256937775292
"Korea, Rep.",KOR,1986,quadratic,0.015179812262817727,0.05491549479696753,-0.04197767643159622,-0.07149399493459363,-0.19181364283707047
"Korea, Rep.",KOR,1987,quadratic,0.024695546516876554,0.07391142877459232,-0.0023866478096259414,-0.0774827087149923,-0.12206559638025105
"Korea, Rep.",KOR,1988,quadratic,0.04483448130945078,0.07437683354897581,0.033437709541020766,-0.056313861462047754,-0.059210588220175
"Korea, Rep.",KOR,1989,quadratic,0.042751616728177844,0.019119244668096287,0.03391459414328857,-0.013631706617537986,0.013355895424799868
"Korea, Rep.",KOR,1990,quadratic,0.006609256700083499,-0.016109973501141926,0.055388474138959864,0.0007525281568252495,0.13087265292574202
"Korea, Rep.",KOR,1991,quadratic,0.016881087612293122,-0.035981397671456736,0.08178280886944478,0.024788038766290654,0.21208582907322437
"Korea, Rep.",KOR,1992,quadratic,0.024665114187283343,-0.02192188334475078,0.07620531173829193,0.0355505640647209,0.14224669927683564
"Korea, Rep.",KOR,1993,quadratic,0.022678842053976744,-0.0073350601988133625,0.0737241986806545,0.0425927283537213,0.09791343524776863
"Korea, Rep.",KOR,1994,quadratic,0.0736611343936433,-0.021675095891097357,0.09415334695392374,0.0735075259007445,0.1546291623433902
"Korea, Rep.",KOR,1995,quadratic,0.10110366193667097,-0.02761612974715788,0.11560322259451894,0.09670895125416479,0.19954563988978435
"Korea, Rep.",KOR,1996,quadratic,0.028496270032776216,-0.056297569889650144,0.12226679907409732,0.12116870198707552,0.24385378648424982
"Korea, Rep.",KOR,1997,quadratic,0.022593545491762512,-0.02529294347403238,0.10743477712901495,0.11094678477162567,0.15932694795080593
"Korea, Rep.",KOR,1998,quadratic,0.013611098528901522,0.1060341910856667,-0.021171157671300733,-0.08877870121430576,-0.3236049158542009
"Korea, Rep.",KOR,1999,quadratic,0.02756563474417817,0.04649391446835997,0.012509855301523487,-0.0032163088635321913,-0.1257473760861174
"Korea, Rep.",KOR,2000,quadratic,-0.07420487781972263,0.00731329718715152,0.03630019775661353,0.07297076015598236,-0.04059124724011909
"Korea, Rep.",KOR,2001,quadratic,-0.07843470963749066,-0.00021019114180899356,0.019093573252085605,0.0777381385845004,-0.08980965511288197
"Korea, Rep.",KOR,2002,quadratic,-0.04007996915284817,-0.008810861943168461,0.03433205360360603,0.10805267379188876,-0.05673229185159556
"Korea, Rep.",KOR,2003,quadratic,-0.05545333208723591,-0.001847982544613276,0.009303276617146139,0.04766898523062224,-0.03995580483914907
"Korea, Rep.",KOR,2004,quadratic,-0.045331999544401036,0.016463031557973802,0.0035322992636004358,-0.0010138930890946085,-0.024095768700552966
"Korea, Rep.",KOR,2005,quadratic,-0.06600814635974572,0.001213930512409235,-0.006355508185933445,0.008300135537062658,-0.02031836038458401
"Korea, Rep.",KOR,2006,quadratic,-0.0743029388349461,-0.012089136648844728,-0.006817598734109254,0.018377517503296303,0.0006714282657807047
"Korea, Rep.",KOR,2007,quadratic,-0.036211365634476245,-0.010948395453365652,-0.007250234665029609,0.01225932392310014,0.019041492940813143
"Korea, Rep.",KOR,2008,quadratic,-0.11723152347203314,-0.03723174339442216,-0.03675765487534832,-0.01596601604600778,0.07555549655709726
"Korea, Rep.",KOR,2009,quadratic,0.0483286196184487,0.008431259291994717,-0.0828165599050017,-0.07898913022144427,-0.11368713145611942
"Korea, Rep.",KOR,2010,quadratic,0.11978571174568753,-0.0013109151946924871,-0.07012169155784775,-0.09691704095259723,0.04627733968306735
"Korea, Rep.",KOR,2011,quadratic,0.12429448151675615,-0.0062454623351618985,-0.08529727683401589,-0.11013490950436022,0.060925641327516544
"Korea, Rep.",KOR,1980,hp,0.014000630588751228,-0.0401961308355511,-0.0368668018240772,-0.001855154598883857,0.0028836241999723455
"Korea, Rep.",KOR,1981,hp,-0.030429219973655997,-0.024064954177505635,-0.04930139006916967,-0.0035608572756427037,-0.0850519618492509
"Korea, Rep.",KOR,1982,hp,-0.0050198987416214536,-0.006218668635510315,-0.05328772718867825,-0.02110653233309634,-0.12260442419144724
"Korea, Rep.",KOR,1983,hp,-0.02104030693192449,-0.001920822922758171,-0.028043688761918872,0.0024825350433204108,-0.09111044085854303
"Korea, Rep.",KOR,1984,hp,-0.03097848913517698,-0.002100406122391597,-0.027960902508143093,-0.002532800746157804,-0.05559525760989459
"Korea, Rep.",KOR,1985,hp,-0.045055019386190054,-0.0009026003987231889,-0.04033246056356887,-0.007011114469884561,-0.08961641229145201
"Korea, Rep.",KOR,1986,hp,0.019650557827008974,0.03685032510699584,-0.01927361304555042,-0.02729477019013693,-0.11232510299170251
"Korea, Rep.",KOR,1987,hp,0.021974632361796864,0.05560075773904047,0.004578810267586775,-0.04102237017415966,-0.06719122047540971
"Korea, Rep.",KOR,1988,hp,0.03475978185303141,0.05797138856038451,0.023920835531592743,-0.030090309178216756,-0.03365335057306318
"Korea, Rep.",KOR,1989,hp,0.025929977522250347,0.006425101066226192,0.008271866737013411,0.00041863287321142195,0.007938505084116088
"Korea, Rep.",KOR,1990,hp,-0.015931103388150625,-0.024211106314914153,0.014837369137914891,0.0015556049274962902,0.09620516296006976
"Korea, Rep.",KOR,1991,hp,-0.010187700950901046,-0.03959642724480067,0.0283190805206317,0.012127993170233609,0.1531954008873928
"Korea, Rep.",KOR,1992,hp,-0.005420425869497869,-0.021904223111233016,0.012454619042248538,0.010054170686359498,0.06650107568809815
"Korea, Rep.",KOR,1993,hp,-0.008488510931486282,-0.004888665205449599,0.0026589145862558894,0.005608116076855296,0.013488986476929199
"Korea, Rep.",KOR,1994,hp,0.043824372886633434,-0.01813542056724006,0.018968012167952963,0.02700363620167856,0.06984587525792207
"Korea, Rep.",KOR,1995,hp,0.07557224726679213,-0.024401241252441704,0.03968795643578815,0.043219457040937215,0.12273222813905882
"Korea, Rep.",KOR,1996,hp,0.010369064781380999,-0.05472679390831963,0.04901761935176907,0.06352197123744219,0.18264923174694836
"Korea, Rep.",KOR,1997,hp,0.014337796990213647,-0.026342851802417497,0.039856720578256954,0.051833685962646925,0.11945317765352392
"Korea, Rep.",KOR,1998,hp,0.01695874821076071,0.10227704847823373,-0.08095421158285276,-0.1474400188186369,-0.340169520854424
"Korea, Rep.",KOR,1999,hp,0.04336994017530227,0.041096437957568885,-0.038634040976504025,-0.06079875207192309,-0.12196251327833885
"Korea, Rep.",KOR,2000,hp,-0.04613893042329131,0.001473067008931666,-0.0058305682510599866,0.017277628650305132,-0.020952997250956784
"Korea, Rep.",KOR,2001,hp,-0.03978410481127703,-0.005575879270864469,-0.013733931796128473,0.025536087724512768,-0.05913085657371475
"Korea, Rep.",KOR,2002,hp,0.0064577271202903574,-0.013079727495891784,0.011072403938744202,0.061562027870266434,-0.019933011426065406
"Korea, Rep.",KOR,2003,hp,-0.004348850749246402,-0.0046370013905533795,-0.004012120187727675,0.009473263012488076,-0.0014720286574192443
"Korea, Rep.",KOR,2004,hp,0.006331642805943893,0.015428424427509996,0.0005386318087445829,-0.028583598644853936,0.012319927754955273
"Korea, Rep.",KOR,2005,hp,-0.01843679621246963,0.0021462109982625585,0.001391230414512279,-0.006659618833790404,0.010974811796613082
"Korea, Rep.",KOR,2006,hp,-0.036182479697155934,-0.00919386599796079,0.01212403652410643,0.01795032638997185,0.024362563281354
"Korea, Rep.",KOR,2007,hp,-0.013423173941454536,-0.006331867550847735,0.023362689446454254,0.02829258187836814,0.03311626143827162
"Korea, Rep.",KOR,2008,hp,-0.11581792849095063,-0.031281587955797246,0.00590361151270713,0.018281347263460646,0.07822112708996443
"Korea, Rep.",KOR,2009,hp,0.02229856752794035,0.015244834424577795,-0.028062863483739875,-0.025231160616407067,-0.12433301504269245
"Korea, Rep.",KOR,2010,hp,0.061374420416362874,0.006126109542635847,-0.0036234791285387757,-0.022991932927499903,0.019525749842925322
"Korea, Rep.",KOR,2011,hp,0.02947283129854128,0.0016528313263891627,-0.007513835568776273,-0.015773788145427403,0.01562566727082526
"Korea, Rep.",KOR,1980,hamilton,,-0.05106519306478413,-0.09603212857808252,-0.011879727156131281,-0.120050537819969
"Korea, Rep.",KOR,1981,hamilton,,-0.006566704587133133,-0.09984206310962129,-0.02997710098874684,-0.30377438544146784
"Korea, Rep.",KOR,1982,hamilton,,0.026985717809203048,-0.00962837853999332,-0.033139608123548214,-0.2525129724167492
"Korea, Rep.",KOR,1983,hamilton,0.09286977789709105,0.029188455026155132,0.03001790198529264,0.001197103577963432,-0.0778688710671922
"Korea, Rep.",KOR,1984,hamilton,0.04356302041068272,0.020118154869439752,0.040755068557558616,0.01465629557149839,0.029577940907167033
"Korea, Rep.",KOR,1985,hamilton,0.05019454815142588,0.017022573778064216,0.008877896092940318,0.002510145449017287,0.015069559812641131
"Korea, Rep.",KOR,1986,hamilton,0.12100682218773873,0.054028373809111456,0.03768252935531713,-0.013906323699123035,-0.016299684696530647
"Korea, Rep.",KOR,1987,hamilton,0.1335577067437086,0.07078633969556493,0.0792750446427739,-0.016673909645708918,0.05338422964049272
"Korea, Rep.",KOR,1988,hamilton,0.05809742591883005,0.05300495944229481,0.07874700595214179,0.016881493985213325,0.12965850905655785
"Korea, Rep.",KOR,1989,hamilton,0.047127614500673154,-0.018648355671540384,0.04021614255552208,0.0684013982373699,0.1692914907047296
"Korea, Rep.",KOR,1990,hamilton,-0.019565644931184956,-0.05751034317001596,0.026883706454897904,0.06913314267284143,0.2279135108175936
"Korea, Rep.",KOR,1991,hamilton,-0.010972179073151622,-0.052034520942681906,0.05504985669052331,0.05676506667490244,0.24772163335679487
"Korea, Rep.",KOR,1992,hamilton,0.03358994060908671,-0.009779092967811109,0.027184648590520055,0.046832808342921695,0.0893885880623273
"Korea, Rep.",KOR,1993,hamilton,0.0071434574551227925,0.021765273755538175,-0.001427316449621685,0.03303100286966121,-0.04258993075287165
"Korea, Rep.",KOR,1994,hamilton,0.043775278148364904,0.005786729084198888,0.026467744609274035,0.05057957552956083,0.017989131508416634
"Korea, Rep.",KOR,1995,hamilton,0.06865724317270505,-0.009330171789476887,0.05017857817406224,0.06648088518688056,0.11249239277442591
"Korea, Rep.",KOR,1996,hamilton,-0.07215883966814296,-0.03433537772672017,0.0354180147657388,0.06680528817124554,0.14432856736383926
"Korea, Rep.",KOR,1997,hamilton,-0.10957233961011781,0.0026996359857336403,-0.000501201155731934,0.03225656219324868,0.013674732362074948
"Korea, Rep.",KOR,1998,hamilton,-0.0314766653938765,0.1484438595939848,-0.1347395284099342,-0.19081477324595575,-0.510679521168024
"Korea, Rep.",KOR,1999,hamilton,-0.02607553579409405,0.08127943379486553,-0.08522059260332071,-0.103108141079014,-0.28809123785513613
"Korea, Rep.",KOR,2000,hamilton,-0.12258826648825405,-0.02346308767103903,0.0715892158064868,0.12482362136582381,0.07644099173432117
"Korea, Rep.",KOR,2001,hamilton,-0.14966992112923894,-0.03216809281687753,0.011334097387834419,0.11617215929950042,0.11261950061311232
"Korea, Rep.",KOR,2002,hamilton,0.010330318589824472,-0.010369940665385458,0.003810258455420268,0.06916848904904427,0.02265589388752609
"Korea, Rep.",KOR,2003,hamilton,-0.01886673374657999,0.008349752443503092,-0.0018948720445131073,-0.013069855043550405,0.029197245562258445
"Korea, Rep.",KOR,2004,hamilton,-0.059812001290612926,0.032087979352646546,-0.024674891973258894,-0.08486961453868958,0.04487564622661999
"Korea, Rep.",KOR,2005,hamilton,-0.0596359816076788,0.015445465997531615,-0.007638790658301531,-0.03754233249740935,0.02445648347692142
"Korea, Rep.",KOR,2006,hamilton,-0.0857424855719442,-0.007731350336702952,-0.0037277836047060475,0.02437667305974145,0.027871835296743086
"Korea, Rep.",KOR,2007,hamilton,-0.0239666216370944,-0.003840258858761809,0.005676385776503423,0.02404655961658264,0.03500883948499656
"Korea, Rep.",KOR,2008,hamilton,-0.10063548990919635,-0.021125864791843363,-0.02407695986963887,-0.013366142201597597,0.07595728289032166
"Korea, Rep.",KOR,2009,hamilton,0.014894293852871776,0.026571941695757363,-0.06984265737539985,-0.07371651764099596,-0.13445234860938093
"Korea, Rep.",KOR,2010,hamilton,0.1883857773230906,0.02806660498581145,-0.02657680693952358,-0.06850043511193604,-0.014430488711481004
"Korea, Rep.",KOR,2011,hamilton,-0.022454519110006288,0.007812842986611898,0.004258815852551834,-0.027193073955924518,0.07130194798987866
Madagascar,MDG,1980,quadratic,-0.09941503655965445,-0.12520613269101724,0.10103555704523792,0.12918458095887075,0.5808387564241677
Madagascar,MDG,1981,quadratic,-0.1024880374029804,-0.05427937332937418,-0.012271233965075012,0.002377275744501972,0.18170686773865086
Madagascar,MDG,1982,quadratic,0.012914081403105904,-0.03166069639152328,-0.04146705903289494,-0.004352431226099185,-0.17143054962087945
Madagascar,MDG,1983,quadratic,0.09998408472397102,-0.0060968429323510695,-0.04349686169817346,-0.021592798793699686,-0.21078656356788628
Madagascar,MDG,1984,quadratic,0.17133757347695777,0.017901036084850393,-0.03824194219198063,-0.04891636235731056,-0.19973237824806844
Madagascar,MDG,1985,quadratic,0.07643701976230854,-0.015004806749158744,-0.03940192209115523,-0.006882887478120381,-0.2347273549597837
Madagascar,MDG,1986,quadratic,0.23129248992867701,0.0338392697490527,-0.033735311020970826,-0.05145090919932116,-0.1993721108325488
Madagascar,MDG,1987,quadratic,0.06521270625712017,0.011845433270995895,-0.036712988052933326,-0.03985113416519148,-0.11834003190593378
Madagascar,MDG,1988,quadratic,0.07109628198247897,0.005000021154720369,-0.018775878155704362,-0.036343563787434974,0.14504832657010347
Madagascar,MDG,1989,quadratic,-0.21437668372365426,0.03612351683363113,0.00500434434724184,-0.05543620684409056,0.1461077421494288
Madagascar,MDG,1990,quadratic,-0.07036287547225406,-0.03891849231676453,0.019081458142020224,0.016968487374287022,0.3662911480422739
Madagascar,MDG,1991,quadratic,-0.1802875901657508,0.00019407448615142708,-0.06332942088815763,-0.006146136404053593,-0.47041064665994714
Madagascar,MDG,1992,quadratic,-0.1879903207199547,0.006808810660978298,-0.06928413804721245,-0.039256883806118026,-0.20233326344470903
Madagascar,MDG,1993,quadratic,-0.17522303424939878,0.0006993880177495609,-0.0668080245858107,-0.021292297964464524,-0.21316948008129444
Madagascar,MDG,1994,quadratic,-0.08778165733120957,0.022023769214363623,-0.08635375639362053,-0.040281946183228,-0.31698553511751903
Madagascar,MDG,1995,quadratic,-0.05684958485218772,0.02604725895119543,-0.08875273386716209,-0.03766241783829827,-0.3524686671028334
Madagascar,MDG,1996,quadratic,-0.026613718571862677,0.04901914577195083,-0.0873880311740205,-0.09943588520996371,-0.3273779524968461
Madagascar,MDG,1997,quadratic,0.017341757013901393,0.028501871002488452,-0.07143678405708087,-0.040451761326133706,-0.2540382394190388
Madagascar,MDG,1998,quadratic,0.1251321061927957,0.03485398316358913,-0.05344038405589302,-0.0449327581296437,-0.13330462792233888
Madagascar,MDG,1999,quadratic,0.07812143348917377,0.037840314425248364,-0.02854059877121351,-0.009829159726944425,-0.14027859180978375
Madagascar,MDG,2000,quadratic,0.20217015332993693,0.04494465977130038,-0.0026143639141427144,-0.007169721387356276,-0.14841435183238438
Madagascar,MDG,2001,quadratic,0.11252795463677412,0.08981845395246091,0.03535363154966298,-0.0598401430868698,0.05275199759868343
Madagascar,MDG,2002,quadratic,0.08025352071539338,0.07020310238416985,-0.12055013109522328,-0.10307821721318611,-0.4078945442325477
Madagascar,MDG,2003,quadratic,0.07182879578359724,0.04817764336401395,-0.04752691832802114,-0.051817206582468245,-0.15391646135095627
Madagascar,MDG,2004,quadratic,0.02006158787003276,-0.0064709761485635675,-0.016617912929847378,0.017354625436091453,0.09747514649048306
Madagascar,MDG,2005,quadratic,-0.037287217346751333,-0.02940579881665706,0.00802965391184074,0.06804515317274529,0.0222413594792652
Madagascar,MDG,2006,quadratic,-0.04718297068412092,-0.014932789895204412,0.03665245118693328,0.05377685662499765,0.1322297521135738
Madagascar,MDG,2007,quadratic,-0.04115975793065285,-0.07706872683651012,0.0768004112656353,0.03914945318546259,0.3691244369547739
Madagascar,MDG,2008,quadratic,-0.07485746214958677,-0.18070388598371545,0.12528274071578593,0.11695026529343089,0.5870954543648654
Madagascar,MDG,2009,quadratic,-0.016613376925704415,-0.08353761966840473,0.05808397766504392,0.06612719625969099,0.2637906431638939
Madagascar,MDG,1980,hp,-0.09491746268949353,-0.09100495694778726,0.06633750911437275,0.09205362814623719,0.44914855698453593
Madagascar,MDG,1981,hp,-0.11104771666489999,-0.021639154730653545,-0.03345862878489214,-0.02420628427248417,0.08642989717432314
Madagascar,MDG,1982,hp,-0.007785518735694552,-0.002832410080727224,-0.04971990264408177,-0.01977037434257234,-0.22638937524922298
Madagascar,MDG,1983,hp,0.07012154775702673,0.017482850782855622,-0.04027181737116159,-0.026147331879094793,-0.2274733530458537
Madagascar,MDG,1984,hp,0.137426590711498,0.03563811583336072,-0.025379035538783512,-0.04363241951194219,-0.18388037145507674
Madagascar,MDG,1985,hp,0.0450283737312871,-0.003036551909722518,-0.018721822891658135,0.0067533432856059505,-0.19348218933859407
Madagascar,MDG,1986,hp,0.20899898876125889,0.04042391800743274,-0.006785542867550731,-0.030973508246619375,-0.13945301767472174
Madagascar,MDG,1987,hp,0.058258899941358244,0.013773488065830564,-0.004580710121542708,-0.014136143902728548,-0.044105014458446945
Madagascar,MDG,1988,hp,0.0832284724777077,0.002936051212938995,0.017979970222818054,-0.006777293161775333,0.2329970232816141
Madagascar,MDG,1989,hp,-0.18247303148623573,0.030531911610923237,0.04639885078836414,-0.023046331430133904,0.2513646814652404
Madagascar,MDG,1990,hp,-0.021895418314359816,-0.0478028831480785,0.06552393750530427,0.051580698304922734,0.49431773143576585
Madagascar,MDG,1991,hp,-0.12053237634714975,-0.012283111180926523,-0.011499415006943181,0.030744010389225807,-0.31479982639694715
Madagascar,MDG,1992,hp,-0.12407283575532535,-0.00961800913701917,-0.012452052691148907,0.00010786183030653262,-0.019913599516279135
Madagascar,MDG,1993,hp,-0.1149128771448602,-0.01996790416251129,-0.005969313286751543,0.02057733202624945,-0.0071583534234473944
Madagascar,MDG,1994,hp,-0.038251812226767434,-0.003012652464322599,-0.022989358645288505,0.0039553975852584244,-0.09284317840304013
Madagascar,MDG,1995,hp,-0.02352729225028405,-0.003125089165271114,-0.024769381992285844,0.008432239723513035,-0.11782658120705314
Madagascar,MDG,1996,hp,-0.012797957215111566,0.016336060979799248,-0.02488835673788259,-0.05240709722305681,-0.09111047471361111
Madagascar,MDG,1997,hp,0.010715543065217048,-0.0066435231101499015,-0.012471624047602603,0.0060908679366171725,-0.025084277648646847
Madagascar,MDG,1998,hp,0.09961998713287912,-0.0014454159310327286,0.0002401026837457465,-0.0002696115490898876,0.0802434440755988
Madagascar,MDG,1999,hp,0.03766383833605946,0.0020215269015527726,0.018530450240625385,0.03152723672521418,0.050868593573259346
Madagascar,MDG,2000,hp,0.15209567005416336,0.011581866745157682,0.03694547627030609,0.029421410117539182,0.01363189256973385
Madagascar,MDG,2001,hp,0.059176691778018764,0.06120758945519906,0.06673818066310488,-0.029819311088033373,0.1787835031945253
Madagascar,MDG,2002,hp,0.029456150681935078,0.04884483288436654,-0.09813672120313832,-0.08207345312029446,-0.32514163765334914
Madagascar,MDG,2003,hp,0.0283147879345389,0.03616529187294461,-0.03567964352101072,-0.04261681952562846,-0.12384391141572948
Madagascar,MDG,2004,hp,-0.012835352991518612,-0.00793987840576968,-0.016749549572949718,0.012440520127769972,0.06657910111399268
Madagascar,MDG,2005,hp,-0.057912298853031174,-0.02039116531974644,-0.004954654612516762,0.047610802166412114,-0.07555956180294388
Madagascar,MDG,2006,hp,-0.055431959372793216,0.003327419955258454,0.010648221779796074,0.01719646338277947,-0.03672615860574879
Madagascar,MDG,2007,hp,-0.03789985625628045,-0.051775034300680006,0.03836506994993982,-0.01389893005719145,0.12720518594757557
Madagascar,MDG,2008,hp,-0.06137298888989662,-0.15159621289787628,0.07565467222370792,0.0472438284252803,0.2732135364857271
Madagascar,MDG,2009,hp,0.005773231380965527,-0.054325126292080944,-0.0012325082127873088,-0.020156484418945908,-0.11951629576403633
Madagascar,MDG,1980,hamilton,,-0.0952408236336096,0.06852402920983458,0.11022590194951398,0.41033279284064683
Madagascar,MDG,1981,hamilton,,0.036933268034844036,-0.10706290774411364,-0.0840170388850634,-0.38148471602535494
Madagascar,MDG,1982,hamilton,,0.046024595779244296,-0.14396473520758413,-0.12826982918469554,-0.6467110361865824
Madagascar,MDG,1983,hamilton,0.19301905804353225,0.024327780397373572,-0.05236268313843517,-0.05865489374543387,-0.40950553253412814
Madagascar,MDG,1984,hamilton,0.1557951451202495,0.04336293323691035,-0.008488686018459646,-0.050631878758252924,-0.1620909527464196
Madagascar,MDG,1985,hamilton,0.017837170766069832,-0.0037569493367935886,-0.0043763458977839065,0.004780199364121884,-0.17482000726803015
Madagascar,MDG,1986,hamilton,0.13442912027119824,0.03222447212629059,-0.002974315612192413,-0.016553617172435864,-0.14209191253099007
Madagascar,MDG,1987,hamilton,0.0761772349019072,0.03358226591959161,-0.005872222063748822,-0.029272039914552295,-0.030040622402587758
Madagascar,MDG,1988,hamilton,-0.09329259361563924,-0.011068057425959787,0.007366201629437796,-0.004683789684808204,0.21504537976142402
Madagascar,MDG,1989,hamilton,-0.17814845542016222,0.03993980447053354,0.03268871797942907,-0.021906600346369487,0.16892292607098192
Madagascar,MDG,1990,hamilton,-0.09774806476473774,-0.035693901587876734,0.03221282475912446,0.04438077961141573,0.21825782810836536
Madagascar,MDG,1991,hamilton,0.05166073179627606,-0.0193786091027758,-0.07228463855205369,0.033438301643737844,-0.6028917451176126
Madagascar,MDG,1992,hamilton,-0.18549640664045786,0.03823554992695255,-0.09308426077717513,-0.04794334325539218,-0.47739476090226773
Madagascar,MDG,1993,hamilton,-0.026932311267835907,-0.006249116089368331,-0.024678518451358045,-0.03186579850879312,0.10343971638330629
Madagascar,MDG,1994,hamilton,0.02804654138072582,0.01463677116695361,-0.02869202801453241,-0.022032871021123057,-0.19992529692566308
Madagascar,MDG,1995,hamilton,0.04214981186122202,0.02141110855583117,-0.0324704019843054,-0.024977405942157915,-0.2096964425642529
Madagascar,MDG,1996,hamilton,-0.005582624697876071,0.027504176001578694,-0.015431231342915908,-0.07822993547111068,-0.10275251937186525
Madagascar,MDG,1997,hamilton,0.036889248845729306,0.005246942457990636,0.004949018486414047,-0.017223431966270297,0.003110512224271389
Madagascar,MDG,1998,hamilton,0.12486304260317294,-0.005008814452020852,0.022045729728290553,0.021445724579418624,0.11717685318606641
Madagascar,MDG,1999,hamilton,0.04529690747043613,0.01205244123885589,0.03354580897776671,0.02843339188934202,0.07259521999463203
Madagascar,MDG,2000,hamilton,0.08325580127295762,0.009339358007627863,0.04249359858476076,0.01903938249006032,-0.003866931304784771
Madagascar,MDG,2001,hamilton,0.0698687696361695,0.05049979581746867,0.057537718215344924,-0.05862615755419931,0.21872106292566507
Madagascar,MDG,2002,hamilton,-0.0938362093663816,0.023923101684014167,-0.12302697205418767,-0.1132002560340144,-0.22304583924922738
Madagascar,MDG,2003,hamilton,0.018236777241549262,-0.02879947673873747,-0.08471088001900995,-0.02538492552393734,-0.09379067003052377
Madagascar,MDG,2004,hamilton,-0.03695262533839294,-0.06714547447699619,0.06966612655678794,0.08714762946968335,0.4949765914728719
Madagascar,MDG,2005,hamilton,-0.10021134327773584,-0.0820221644570802,0.05446368516348343,0.11070880027346064,0.2461308980918826
Madagascar,MDG,2006,hamilton,-0.06856745121029917,-0.03899802540542763,0.04807905853552974,0.03313555857054418,0.20601039566260404
Madagascar,MDG,2007,hamilton,-0.03047316240011444,-0.0979529592386901,0.06388210234734792,-0.03587661311557966,0.5179378862010431
Madagascar,MDG,2008,hamilton,-0.07719197058683491,-0.21776191154735497,0.08557036038105714,0.03893982668235019,0.6742246474073976
Madagascar,MDG,2009,hamilton,-0.030561084494205915,-0.08204002550971368,-0.01842772536497783,0.0013709398345795876,0.2078779740386949
Malaysia,MYS,1980,quadratic,0.10005579419563126,0.008461004241324878,0.04077954321195243,0.03503927889206615,0.03052741617431831
Malaysia,MYS,1981,quadratic,-0.08804334296132588,-0.08220291607653868,0.0429326341216143,0.09959908618122881,0.15573510536657142
Malaysia,MYS,1982,quadratic,-0.10168124390834166,-0.10931876549980925,0.035399846592390816,0.10492510913261555,0.19702132406552764
Malaysia,MYS,1983,quadratic,-0.05708109076514578,-0.08054316455672923,0.030378647645857626,0.09242078130077758,0.1932692320166245
Malaysia,MYS,1984,quadratic,0.10087113669158576,-0.005463684474505667,0.038953580564294654,0.060977697293841615,0.07025976991430927
Malaysia,MYS,1985,quadratic,-0.012949446844602974,0.020725824875426294,-0.03905567710420499,0.02297043358629658,-0.21375718046798653
Malaysia,MYS,1986,quadratic,-0.1140841745077843,0.02339296891138191,-0.09489041595731607,-0.04436476353732388,-0.3372371122396789
Malaysia,MYS,1987,quadratic,0.0006188808226692544,0.08968753173360298,-0.11004783799050166,-0.12487062395814874,-0.4730620095902367
Malaysia,MYS,1988,quadratic,-0.016354944778769642,0.05527225240341915,-0.08277809639699107,-0.05740059297913014,-0.32997521025928744
Malaysia,MYS,1989,quadratic,0.01190114781460938,0.013741117281836766,-0.06275245501637627,-0.034824616181762025,-0.13416877440514074
Malaysia,MYS,1990,quadratic,0.07074715861345382,-0.027818329202452554,-0.04199355083891376,-0.006130659060758603,0.025009913823902608
Malaysia,MYS,1991,quadratic,0.10674911394190367,-0.08952259025701462,-0.015014349416571093,0.037240290731086034,0.2077882701229381
Malaysia,MYS,1992,quadratic,0.08373733734859012,-0.045521129704477734,0.0070921421569352106,0.029706606901996224,0.1658958867548126
Malaysia,MYS,1993,quadratic,0.0593351759073979,-0.06633607535785421,0.03936484667528539,0.029024013655551073,0.3049385185756357
Malaysia,MYS,1994,quadratic,0.057079121008306366,-0.08893574359841448,0.0660045463538328,0.059738150563978465,0.38770598242582643
Malaysia,MYS,1995,quadratic,0.027708443936832694,-0.12214405216094747,0.09867169355625549,0.0948967837796797,0.4855006851975663
Malaysia,MYS,1996,quadratic,0.04786664887083347,-0.07018865718226024,0.13333307894507307,0.0960576765588641,0.47876315185430407
Malaysia,MYS,1997,quadratic,0.031062805363365698,-0.08316511839924806,0.1438820364148512,0.09820064217784896,0.535831600887894
Malaysia,MYS,1998,quadratic,-0.014108787599788286,0.11989268550628003,0.007936634372212481,-0.11854637912395916,-0.06407062329537183
Malaysia,MYS,1999,quadratic,-0.03592284929875422,0.1424060760918529,0.008710036386574416,-0.11113716819768271,-0.22415712466710147
Malaysia,MYS,2000,quadratic,-0.08698262173451177,0.07989604120313074,0.03559450293947641,-0.027284578700854212,0.0017538186483392337
Malaysia,MYS,2001,quadratic,-0.08762394046579747,0.043075439556211875,-0.016487413385940286,-0.020871567594360485,-0.128624047350284
Malaysia,MYS,2002,quadratic,-0.08183873320318735,0.03089807292668134,-0.02042951537124793,-0.04363220726716399,-0.09729152915531891
Malaysia,MYS,2003,quadratic,-0.06023628355137234,0.04487064772812843,-0.019558808315414566,-0.04704078039789117,-0.1595977045089203
Malaysia,MYS,2004,quadratic,-0.05516881255701467,0.04340045716620261,-0.007973855527680485,-0.04332916017829902,-0.11217545644398363
Malaysia,MYS,2005,quadratic,-0.0315811602597611,0.0479928531753715,-0.008548948731636585,-0.03462433948010535,-0.11639830823116526
Malaysia,MYS,2006,quadratic,-0.022608743622619443,0.03598194027634899,-0.005123778331819651,-0.02303827994765939,-0.07254412199775118
Malaysia,MYS,2007,quadratic,-0.005064327223044174,0.007493091224146542,0.006431395609695301,0.01141569592739522,-0.0017755556823466634
Malaysia,MYS,2008,quadratic,0.03582561295351194,0.01992040897791772,0.005221154524361893,0.004679381954259654,-0.05968424665845795
Malaysia,MYS,2009,quadratic,0.013521256693297623,-0.02563782997643438,-0.057721777461386736,0.034420631001435,-0.27549455257120314
Malaysia,MYS,2010,quadratic,0.045503423383554065,-0.06431763002183916,-0.03590077057090468,0.03239751390632506,0.040868116984702496
Malaysia,MYS,2011,quadratic,0.07874744573608528,-0.08934708019063847,-0.03325406524251129,0.038797172509115185,0.09772795457127081
Malaysia,MYS,1980,hp,0.10000538538399706,0.006345787002149612,0.032978176357161715,0.01687377409649571,0.05475695149150894
Malaysia,MYS,1981,hp,-0.07893545741245767,-0.07893733353241122,0.037307284464334955,0.07640654931683244,0.17900144291651898
Malaysia,MYS,1982,hp,-0.0870337778302348,-0.10233285876877024,0.0343230471649516,0.07974940733291724,0.22585110999149283
Malaysia,MYS,1983,hp,-0.04072345726878357,-0.07202757395043241,0.03576267539322764,0.06859634513750024,0.233683010308134
Malaysia,MYS,1984,hp,0.11576916299380269,0.0028841135678203504,0.051907225872417584,0.04133202670357683,0.1255134713072401
Malaysia,MYS,1985,hp,-0.0016139292776582437,0.028421793526482365,-0.018584737162342435,0.009138134419112376,-0.14550906859449775
Malaysia,MYS,1986,hp,-0.10850488577590855,0.03113766982012011,-0.06863468988040822,-0.05235529978490483,-0.26419668057630474
Malaysia,MYS,1987,hp,-0.0018264586462120036,0.09908190708996181,-0.08123417247730202,-0.1286886014873474,-0.40833283621152017
Malaysia,MYS,1988,hp,-0.0280829422222304,0.06850624824012232,-0.05544132944750224,-0.05988925869105799,-0.28892039381786727
Malaysia,MYS,1989,hp,-0.009338903198927717,0.03260286440349357,-0.040923074207086074,-0.03871437366255037,-0.1303276057696463
Malaysia,MYS,1990,hp,0.04107512203489527,-0.0026275777017484223,-0.02914328002831823,-0.013440175994647419,-0.017188844492970645
Malaysia,MYS,1991,hp,0.07112801243590905,-0.05871448763772005,-0.0136469180031078,0.025591226298372405,0.11673959348713225
Malaysia,MYS,1992,hp,0.04564219296493288,-0.011193959804582718,-0.004267567964820529,0.014031488323194452,0.029375476658330513
Malaysia,MYS,1993,hp,0.022521831983677743,-0.03138760771650459,0.015429589320604009,0.01061370341888157,0.13134534016667665
Malaysia,MYS,1994,hp,0.025127820240299137,-0.05695129385786617,0.031083908188547227,0.04072056540990765,0.19016602637594993
Malaysia,MYS,1995,hp,0.0037986100586566707,-0.09708260598940141,0.05564011722949935,0.07813075766672917,0.28055351430001707
Malaysia,MYS,1996,hp,0.034525608452542045,-0.05581335733528377,0.08603844425091012,0.08472575500950796,0.2844602407602608
Malaysia,MYS,1997,hp,0.03012780171036411,-0.08207243865988095,0.09658925911997862,0.0950277747018422,0.3689308009634509
Malaysia,MYS,1998,hp,-0.001835850531269223,0.10683107390087838,-0.03553271822654658,-0.11214009657967416,-0.19094968637680942
Malaysia,MYS,1999,hp,-0.010976684918758473,0.1168640288370022,-0.02852356528033617,-0.09598677099599762,-0.3062223589344413
Malaysia,MYS,2000,hp,-0.05121620231405011,0.04502463018762107,0.005955064561344869,-0.005358832548704839,-0.036623531672370646
Malaysia,MYS,2001,hp,-0.04409873028765787,0.0023343125739336834,-0.03794295434438055,0.005686899167248072,-0.12729527184103873
Malaysia,MYS,2002,hp,-0.0343125265387938,-0.012394792625250756,-0.033939653650698176,-0.0147039225456993,-0.06272796386527624
Malaysia,MYS,2003,hp,-0.012722217357906906,0.002179007481141859,-0.025810837984769464,-0.01818272366643292,-0.09948731070130812
Malaysia,MYS,2004,hp,-0.011592241212026622,0.004421940502498362,-0.007764473447496201,-0.01701148146151432,-0.03479554095744852
Malaysia,MYS,2005,hp,0.004347566612409537,0.01577650270221237,-0.0025261461742882574,-0.013165465640792462,-0.029620650372745416
Malaysia,MYS,2006,hp,0.00229271631772221,0.013469723524898891,0.006290803752987628,-0.008434799872125254,0.016512981866693366
Malaysia,MYS,2007,hp,0.005717894825661318,-0.00263786437755148,0.023067728056656023,0.017620685985738405,0.08349238726716912
Malaysia,MYS,2008,hp,0.029661150486805177,0.024448304615644872,0.027097911915058503,0.0014806263736240055,0.016610488081425956
Malaysia,MYS,2009,hp,-0.01220999152482971,-0.004546651704203153,-0.03062789407906763,0.021174507931792874,-0.21330743758208648
Malaysia,MYS,2010,hp,-0.002503977939105617,-0.025376379460775894,-0.003926012801910517,0.008807229005673989,0.08369673155467439
Malaysia,MYS,2011,hp,0.005787357753932021,-0.03184114291012405,0.0032586415961546322,0.004701013864151449,0.11796379330229456
Malaysia,MYS,1980,hamilton,,-0.03684317765451832,0.035647047978510926,0.043470212531977026,0.13442588071225536
Malaysia,MYS,1981,hamilton,,-0.15664574155821454,0.013797072634828211,0.12414482763103152,0.18273555430867994
Malaysia,MYS,1982,hamilton,,-0.12519656511033517,-0.0011099215254919415,0.07893357354948805,0.18983970310873044
Malaysia,MYS,1983,hamilton,-0.08942323091485349,-0.03154906852584502,-0.00827901321961022,0.0024890324217139437,0.07277663829199899
Malaysia,MYS,1984,hamilton,0.11128701899529503,0.054140471219057566,0.007550076433512132,-0.042357128852714254,-0.0861319071647797
Malaysia,MYS,1985,hamilton,-0.010811375527199907,0.054980287301630994,-0.06539697935467537,-0.07041501791136362,-0.36563038749712984
Malaysia,MYS,1986,hamilton,-0.18426456721260287,0.002975397248883342,-0.12927591280093687,-0.10914196061745152,-0.3758416221029304
Malaysia,MYS,1987,hamilton,-0.022638361021430242,0.06031259667593358,-0.06973362465085131,-0.1528338447520401,-0.2519779630073522
Malaysia,MYS,1988,hamilton,0.03321928414891495,0.029217661245006174,0.012950816318218372,-0.022523695012266032,0.002189072420242688
Malaysia,MYS,1989,hamilton,0.02526299313843694,-0.06313044510798341,0.048852503656743096,0.07817553943116273,0.3214869707964425
Malaysia,MYS,1990,hamilton,0.08550882018685613,-0.06584522975973878,0.043844224197176374,0.05998111022940478,0.3482490792443782
Malaysia,MYS,1991,hamilton,0.11566164355772202,-0.09671227134465715,0.051023600038655914,0.07476475377232283,0.35233831919557357
Malaysia,MYS,1992,hamilton,0.0651804579090891,-0.02269645316419832,0.05278809702655707,0.03951945018673797,0.16555998588993326
Malaysia,MYS,1993,hamilton,0.019838478962490136,0.0027901826086055796,0.05872916447398069,-0.002286699491882871,0.1376064518313953
Malaysia,MYS,1994,hamilton,0.027539769642883627,-0.060931955540276354,0.06356307659305216,0.028924671262068102,0.25928827862543535
Malaysia,MYS,1995,hamilton,0.015008944039167638,-0.06860543321584248,0.06477842026372826,0.06564725438274976,0.2281847172906062
Malaysia,MYS,1996,hamilton,0.040243414049007775,0.001536711453131577,0.07315239261747664,0.040532467912203884,0.14538525250743461
Malaysia,MYS,1997,hamilton,0.03818310673105163,0.01514370995734596,0.05175584143240286,0.008310860153557087,0.11198085982620931
Malaysia,MYS,1998,hamilton,-0.014378376410602023,0.1751490107643605,-0.11819241297907723,-0.21427337396755597,-0.4826586491253746
Malaysia,MYS,1999,hamilton,-0.03239911748761948,0.21853519695596113,-0.12834160140553585,-0.20890973709345673,-0.6969851359491823
Malaysia,MYS,2000,hamilton,-0.062164948053644586,-0.005179413199598942,0.028705470786842824,0.06033764803536279,0.07711897501233089
Malaysia,MYS,2001,hamilton,-0.05058057699896601,-0.02855083639026068,-0.021004966679367243,0.08989216249725729,0.08639806607205003
Malaysia,MYS,2002,hamilton,-0.02199886322723632,0.01622592796356928,-0.05077710648308198,-0.005788069099681437,-0.09304438102449453
Malaysia,MYS,2003,hamilton,8.79101707784713e-05,0.05498888929018905,-0.000588556854268063,-0.026175593364472505,-0.03668657802210795
Malaysia,MYS,2004,hamilton,-0.004692375902052959,0.06220793586123957,0.015944730568389076,-0.0038884733007709116,-0.021847340784738378
Malaysia,MYS,2005,hamilton,-0.0005477616113305217,0.05803602862829674,0.014587344001672164,0.01078401518236305,0.028272717620028587
Malaysia,MYS,2006,hamilton,-0.005798272399314186,0.053376113727942404,0.006835518443340405,0.019597665665296304,0.024966628283406678
Malaysia,MYS,2007,hamilton,-0.010602801015122232,0.025384887625163693,0.018627023356220462,0.046029094496979894,0.09659778711499101
Malaysia,MYS,2008,hamilton,0.011881220627714129,0.05259391878594105,0.0140899871992346,0.028119829489144266,-0.005112134708863181
Malaysia,MYS,2009,hamilton,-0.032281253341554184,0.032884275637908994,-0.06007661178758994,0.02669825953624283,-0.2891937176496082
Malaysia,MYS,2010,hamilton,-0.03572861736950994,-0.014898829025784571,-0.03742571439359388,0.025692083485580497,0.07685718496110461
Malaysia,MYS,2011,hamilton,-0.010592563666374843,0.003237859234924534,0.02556093168466056,0.00746327576902317,0.32690318825565257
Mauritania,MRT,1980,quadratic,-0.10027938590464025,-0.16610710636162002,0.05363423477643359,0.03101502283879931,0.31040573951448636
Mauritania,MRT,1981,quadratic,-0.01991547438906327,-0.16017880133193568,0.0568865498197475,0.05171239418138285,0.45194715885281234
Mauritania,MRT,1982,quadratic,-0.016165382685349172,-0.28457968963666996,0.0026839806680794,0.23028537202101163,0.5082609883526121
Mauritania,MRT,1983,quadratic,-0.07773390836663019,-0.13907458862078526,0.009123212369756217,0.1192338069207608,0.24737542400751877
Mauritania,MRT,1984,quadratic,-0.04562537271536815,-0.08593614130326976,-0.05344324161246128,0.053613517856687665,0.09977236639116427
Mauritania,MRT,1985,quadratic,0.02695932480963137,-0.01743436253290276,-0.05314951442964855,-0.09313648458903856,0.2331248272685329
Mauritania,MRT,1986,quadratic,0.0702583805424668,-0.04026453238381686,-0.026228515192858737,0.008487228888853338,0.3062279306723088
Mauritania,MRT,1987,quadratic,0.0605881803892947,0.020762757509433433,-0.03560753583698073,-0.09145931106877825,0.2368592325144192
Mauritania,MRT,1988,quadratic,-0.034509486721711724,0.07153075893537675,-0.046575749451541526,-0.18455331461608893,0.20399967000151165
Mauritania,MRT,1989,quadratic,0.06617210766407489,0.12935598113981095,-0.02807240245795306,-0.13776118681857952,-0.19773331621387946
Mauritania,MRT,1990,quadratic,0.052704994842722286,0.0591249074745952,-0.07446238464472898,-0.10325104833679788,-0.18358813599614088
Mauritania,MRT,1991,quadratic,0.10450843499114804,0.14444220818821157,-0.08565292448201234,-0.1315370874301589,-0.15862273328629684
Mauritania,MRT,1992,quadratic,0.14244232868893913,0.10554423483539077,-0.0963266823175708,-0.05223320833303191,-0.1944057719080572
Mauritania,MRT,1993,quadratic,0.21772834566559762,0.10693758127696057,-0.06877258820000876,0.05338881074456481,-0.5460515866756044
Mauritania,MRT,1994,quadratic,-0.01285195940802275,0.14078900428571361,-0.12958211819196386,-0.6159544483138966,0.6118606257157087
Mauritania,MRT,1995,quadratic,0.022940598100764653,0.14383872724269273,-0.0657766191270408,-0.06273990644326233,-0.2172195489802764
Mauritania,MRT,1996,quadratic,-0.07969328728190206,0.0828348852638916,-0.039161264876863555,0.07482933722392637,-0.3496436980515689
Mauritania,MRT,1997,quadratic,-0.002615917940521406,0.06539861342692796,-0.11045979000261852,0.06365524032991132,-0.5873366598384724
Mauritania,MRT,1998,quadratic,-0.015434692465552402,0.1275766940970871,-0.09637557492834326,-0.07508250225422586,-0.6684150841411807
Mauritania,MRT,1999,quadratic,-0.027976675766841375,0.11039499406151712,-0.05236804779917925,-0.07344777659462132,-0.399112123583544
Mauritania,MRT,2000,quadratic,-0.08198375150622805,0.056149979996711036,-0.08714080212266317,-0.08402526368614716,-0.3005843599504061
Mauritania,MRT,2001,quadratic,-0.11364864984331735,0.03734880860681597,-0.09785860746903197,-0.10243651747540028,-0.1958124909961363
Mauritania,MRT,2002,quadratic,-0.1615355612561995,0.06661323157393395,-0.12185043077131219,-0.1256415133299278,-0.7148419454713064
Mauritania,MRT,2003,quadratic,-0.21634079110741666,-0.04512607163488852,-0.09416415556652957,-0.009536402328590654,-0.11790773244439734
Mauritania,MRT,2004,quadratic,-0.21474703075118207,-0.20165175085328663,-0.06813791069050268,-0.022309177902913646,0.47905284793835534
Mauritania,MRT,2005,quadratic,0.031071979402827132,-0.3360209690801383,-0.011375249460373382,-0.008769273742464279,0.7810165914220732
Mauritania,MRT,2006,quadratic,0.09934742480888836,0.1220811267095771,0.13309591554933853,-0.057242978249718135,0.18840550025253577
Mauritania,MRT,2007,quadratic,0.018324325386786633,-0.03982183822953386,0.1214380483554578,0.06556114145364411,0.35506165647503174
Mauritania,MRT,2008,quadratic,0.16805052720547486,-0.1045625024698939,0.12904507625172457,0.17370383074476514,0.31423224095534685
Mauritania,MRT,2009,quadratic,0.12635758199381364,-0.03360923172274102,0.09050993745037772,0.10818876056691451,0.10850269699948711
Mauritania,MRT,2010,quadratic,0.019858594400189666,0.011060431208142651,0.1154844958610024,0.1667162949444858,-0.0009649441658616809
Mauritania,MRT,2011,quadratic,-0.006255800782766663,0.060200078385934816,0.13698784512376072,0.18072527791969506,-0.10727221527922737
Mauritania,MRT,1980,hp,-0.030054837142102997,0.0035227689101794968,0.009079729208187004,-0.03114629516735512,0.04774661217998144
Mauritania,MRT,1981,hp,0.03276705283436776,0.0015939393341880548,0.027248822392698102,0.0025295696624763053,0.17586364046310798
Mauritania,MRT,1982,hp,0.019448043154890016,-0.13838649142885723,-0.01221459628493271,0.19505229619614184,0.2312731467099418
Mauritania,MRT,1983,hp,-0.05874378591058971,-0.015613382220614147,0.008356927507492173,0.10078875576457413,-0.01764883756939284
Mauritania,MRT,1984,hp,-0.043034358233007275,0.009594447357522462,-0.04099117752056891,0.05471126514971658,-0.14238530775186398
Mauritania,MRT,1985,hp,0.013741261999466126,0.04707693969657298,-0.028783698548556558,-0.07083255481803263,0.02294834035259008
Mauritania,MRT,1986,hp,0.042617449973890054,-0.007847172511370931,0.00876571305930618,0.05202222276333579,0.13678267627924967
Mauritania,MRT,1987,hp,0.020569357829385737,0.0215547624683948,0.009036860100454902,-0.02759854832039821,0.11630121803912274
Mauritania,MRT,1988,hp,-0.08462863377265073,0.04278771151877084,0.006960007087094766,-0.1027224773061004,0.13852303817513878
Mauritania,MRT,1989,hp,0.008257101777338072,0.07457435135524339,0.03372497659852591,-0.04149038285878248,-0.20505929950427593
Mauritania,MRT,1990,hp,-0.009828219731922161,-0.01722054431582755,-0.004973652223922542,0.0037824255345650926,-0.13420431208937877
Mauritania,MRT,1991,hp,0.04132527535136976,0.05124024159498838,-0.009320888686538353,-0.017150525383332393,-0.05642945775201902
Mauritania,MRT,1992,hp,0.08346638327900191,0.0005978129265282461,-0.014227437450982094,0.06632675089995388,-0.044420871425829844
Mauritania,MRT,1993,hp,0.16829241669916328,-0.004748886592223403,0.017882936007111994,0.17334387217503533,-0.35384606445739664
Mauritania,MRT,1994,hp,-0.04777409063139615,0.027253271550417513,-0.039573805427416175,-0.4976444511829854,0.8406067986397794
Mauritania,MRT,1995,hp,0.0054641008389157975,0.03327837134030745,0.02620960099922165,0.04888954966091141,0.045816796445958374
Mauritania,MRT,1996,hp,-0.07835651853854309,-0.0202641242172506,0.05365232905707451,0.17772390985588515,-0.05954423348684479
Mauritania,MRT,1997,hp,0.01728290366855756,-0.026424535868732252,-0.018007104183366707,0.1582528258292708,-0.28283587262338017
Mauritania,MRT,1998,hp,0.021939688871976948,0.050375104169226845,-0.006046350805034351,0.012370992138674097,-0.36701407155341315
Mauritania,MRT,1999,hp,0.024778663127399625,0.05095609346054103,0.03368096042986046,0.0071469941461916875,-0.12032292496414598
Mauritania,MRT,2000,hp,-0.017169563150206457,0.016906578416777313,-0.00786250109522868,-0.010995087636196388,-0.06225981598823083
Mauritania,MRT,2001,hp,-0.04157301267490876,0.019515834542551597,-0.028512051663856397,-0.038739515589705675,-0.012943014478203452
Mauritania,MRT,2002,hp,-0.0882994728477593,0.07001866653626684,-0.06618857991140636,-0.07399902264013214,-0.5989329231229199
Mauritania,MRT,2003,hp,-0.14893311582750624,-0.02223635146415512,-0.05624677056063021,0.026764877731300984,-0.07685009478437088
Mauritania,MRT,2004,hp,-0.1601615050360934,-0.16331416128683726,-0.051669667833946775,-0.004461180082877547,0.4469719558289391
Mauritania,MRT,2005,hp,0.06732607820733971,-0.28833185441050346,-0.019143272729490235,-0.012579650725488278,0.6878823108477192
Mauritania,MRT,2006,hp,0.11484689349797161,0.17259863532288913,0.09973875117557185,-0.08596523175143211,0.052205539345044016
Mauritania,MRT,2007,hp,0.013058774114417915,0.009457464845074426,0.06276454962271494,0.008750897072449249,0.19280746708502328
Mauritania,MRT,2008,hp,0.1432739105494818,-0.0598574590924722,0.04595634411857219,0.08656652079564964,0.14143696325881194
Mauritania,MRT,2009,hp,0.08445761121472639,0.003821468474459022,-0.016092278407940697,-0.010665158936930652,-0.06274691517305975
Mauritania,MRT,2010,hp,-0.037076001664256175,0.03975125000845836,-0.014188368771756998,0.014740087392771883,-0.16342289296197698
Mauritania,MRT,2011,hp,-0.07727985182977459,0.0798818081543312,-0.015610825273153495,-0.005688379089990647,-0.25790578967280986
Mauritania,MRT,1980,hamilton,,-0.04844659136730983,0.010372644430461264,0.10459063509237154,0.2129722136614216
Mauritania,MRT,1981,hamilton,,-0.08376779814759222,0.007873304425165983,0.09598466585348397,0.4061349561351211
Mauritania,MRT,1982,hamilton,,-0.19372193241993596,-0.04831446840145581,0.22461424245430628,0.3618736628407664
Mauritania,MRT,1983,hamilton,-0.11318794855388248,-0.0525050914787219,-0.04332436875430368,0.1001222654125069,0.0785478706906364
Mauritania,MRT,1984,hamilton,-0.08709379154267882,0.0810096262593587,-0.07410189057799776,-0.039018792377870426,-0.07304079642560346
Mauritania,MRT,1985,hamilton,0.030784941460624715,0.057037207627336994,-0.07270957955222102,-0.18548631561784035,0.14678423504240534
Mauritania,MRT,1986,hamilton,0.061161335590059984,-0.00601746175685855,-0.009406306451298363,-0.022890038655674516,0.2628543382527422
Mauritania,MRT,1987,hamilton,0.002811119015063035,0.0077886340203615345,-0.013480594862757656,-0.04183710158241283,0.15823094689691786
Mauritania,MRT,1988,hamilton,-0.12446278291441981,0.07095530207775139,-0.03947757294757004,-0.1329451273509008,0.1175333546421129
Mauritania,MRT,1989,hamilton,-0.017204863244452362,0.08919764772618853,-0.017033678214655623,-0.07098901794494594,-0.25195945289885024
Mauritania,MRT,1990,hamilton,0.03887934673364857,-0.016369700544231744,-0.055740556383222284,0.03084836107238864,-0.22071691486944012
Mauritania,MRT,1991,hamilton,0.03406876315678975,0.02946943660906421,-0.07621471848773709,0.0107597174997629,-0.06896723857872011
Mauritania,MRT,1992,hamilton,0.07628823038281496,0.035077703777349645,-0.060846773962694556,0.06437547472008553,-0.11190322920507434
Mauritania,MRT,1993,hamilton,0.12129152215777772,-0.016893096326851764,-0.022611865100211404,0.17274830827249765,-0.4595940148374158
Mauritania,MRT,1994,hamilton,-0.13575295414382094,0.040362117572003,-0.07578345341258164,-0.5207212908927321,0.7207789351300544
Mauritania,MRT,1995,hamilton,-0.15067487747898323,0.044466032151440876,-0.02654721891670775,-0.03232071087530741,0.005046629589747553
Mauritania,MRT,1996,hamilton,-0.09843560007459473,-0.037894406211491774,0.0337499659060132,0.34748667075570694,-0.4667771091502182
Mauritania,MRT,1997,hamilton,-0.02162738149099308,-0.057333489863930845,-0.06924096877223285,0.2945514249556158,-0.41047841300835763
Mauritania,MRT,1998,hamilton,0.03660447373456144,0.04601890830475082,-0.07498970690892293,-0.05350094303379116,-0.4680593219435778
Mauritania,MRT,1999,hamilton,-0.015463489485831872,0.04360929728680174,0.00884227759334344,-0.08700868084256719,-0.12070790021592082
Mauritania,MRT,2000,hamilton,-0.06325270978320763,-0.04932629156750752,-0.027991542278453352,-0.04049247622287311,0.006766674839902009
Mauritania,MRT,2001,hamilton,-0.08101317060222968,-0.05708717841424969,-0.06476765801697049,-0.024204827986981314,0.043365895069443994
Mauritania,MRT,2002,hamilton,-0.08667338847882267,0.010216699915277155,-0.07147647051064432,-0.04675840344957116,-0.48169363557917677
Mauritania,MRT,2003,hamilton,-0.11085010552855756,-0.08540733594150571,-0.03432614163627257,0.07609710389001023,0.10199021963592259
Mauritania,MRT,2004,hamilton,-0.0694614522299597,-0.25831833190027187,0.006984015012594824,0.07373608205383775,0.869098983640276
Mauritania,MRT,2005,hamilton,0.22232901323237364,-0.31788795177727364,0.050098685735932236,0.04199178793913383,0.9935120294127664
Mauritania,MRT,2006,hamilton,0.2987170934494525,0.24903081978374697,0.17785856952587942,-0.0381425944280771,0.26109506283809125
Mauritania,MRT,2007,hamilton,0.05420656551934755,0.18298496229260983,0.13179489000293287,0.07728799062249792,0.3747537878027405
Mauritania,MRT,2008,hamilton,0.14039946585475693,-0.17526796326226088,0.051749951916432835,0.1955738945795975,0.5335964571930685
Mauritania,MRT,2009,hamilton,0.1526092841018185,-0.009492807976548334,0.009251040226001095,0.08724556386366267,0.275318985360407
Mauritania,MRT,2010,hamilton,-0.044457689810400325,0.08600321363864205,0.031239652265680817,0.0614153670108184,0.1999161662507074
Mauritania,MRT,2011,hamilton,-0.05053894902625,0.09400720030152405,0.07500546779438899,0.06518134144895349,0.16938966446973858
Mauritius,MUS,1980,quadratic,0.16692697460749084,-0.01665082445477807,-0.08795969798939929,0.024541018527688863,-0.31332822508422353
Mauritius,MUS,1981,quadratic,0.025782909367220164,-0.027961472575950427,-0.08187420877212581,-0.012743692566962395,-0.1119503095386829
Mauritius,MUS,1982,quadratic,-0.052656799989583725,0.03390884929797055,-0.07772549708701604,-0.00323653554887926,-0.4388442902331242
Mauritius,MUS,1983,quadratic,-0.053349425289348495,0.04915154255167621,-0.12155064440601038,-0.05397595110669329,-0.5234816950264811
Mauritius,MUS,1984,quadratic,-0.05410693640204833,0.01595697816014333,-0.12158429979912455,-0.058390426584187693,-0.2919469883853818
Mauritius,MUS,1985,quadratic,-0.0858184087570395,0.022228733420821916,-0.09858978957574394,-0.05034263036179709,-0.2070234468340555
Mauritius,MUS,1986,quadratic,-0.022240439227712905,0.0968251586513424,-0.05168768534383972,-0.08874048033672821,-0.22854841762180733
Mauritius,MUS,1987,quadratic,0.0648798282068892,0.04926450481888302,-0.011914521004740664,-0.04650128816510879,-0.03457822486290674
Mauritius,MUS,1988,quadratic,0.05398544124177551,-0.024927850467995234,0.008451595127580092,-0.010744603213176163,0.178058710400526
Mauritius,MUS,1989,quadratic,0.007621631931398198,-0.052034376980970506,0.006858120802512246,0.03545992167993539,0.17992113403710341
Mauritius,MUS,1990,quadratic,-0.009826309700074809,-0.05548567111450725,0.02936957987424904,0.05104024747927305,0.17759558243627538
Mauritius,MUS,1991,quadratic,-0.0014457029866434823,-0.02183365699653745,0.02443682262395086,0.024362505933655854,0.10539885333134258
Mauritius,MUS,1992,quadratic,-0.01890580033549849,-0.018552304034210806,0.03683955819372109,0.021299889398431304,0.14841911413537368
Mauritius,MUS,1993,quadratic,-0.05152369137749524,-0.04834620766375783,0.03702491618795989,0.03204703714591339,0.19941997264956868
Mauritius,MUS,1994,quadratic,-0.06940973027528585,-0.07545206210183532,0.026025763122305534,0.03445643176725355,0.2298858492087934
Mauritius,MUS,1995,quadratic,-0.0786184157144234,-0.00996552136074386,0.021885802997044124,0.03379030276462203,0.01071517324671234
Mauritius,MUS,1996,quadratic,-0.05360165715766829,0.009006179491359276,0.028510219680605076,0.021475786767593874,-0.016315392619157265
Mauritius,MUS,1997,quadratic,-0.043482773015171006,-0.032485751159885626,0.033787684079626956,0.018943712666898094,0.1661505209927263
Mauritius,MUS,1998,quadratic,-0.0091762193054441,0.01191382606326812,0.04469388498252336,0.023275836464861754,0.04878517343314748
Mauritius,MUS,1999,quadratic,0.025683945087071614,-0.011628864107902231,0.020242847322943902,0.010290252820029266,0.06529686444516969
Mauritius,MUS,2000,quadratic,0.06446654920666361,0.021919155677266017,0.05932977562562769,0.00853075142073223,0.08369330703153999
Mauritius,MUS,2001,quadratic,0.017507949164043524,0.09389865465583622,0.0363346948992298,-0.03397874191882977,-0.16906344932275275
Mauritius,MUS,2002,quadratic,0.06628175101603695,0.06848621093417269,0.011185962940293948,-0.04563188257916195,-0.12504303210957524
Mauritius,MUS,2003,quadratic,0.14177226484625205,0.05665609166095082,-0.0007667109110265358,-0.06919148055020763,-0.06680231327214337
Mauritius,MUS,2004,quadratic,0.12147060850819713,0.026480507657569635,0.008994687907364352,-0.025524274382522805,-0.018341425656874577
Mauritius,MUS,2005,quadratic,0.0454295505390121,-0.0008600309151509111,-0.024128023338054305,0.004955288423662552,-0.1273168477601061
Mauritius,MUS,2006,quadratic,0.006741582282003833,-0.043799127649683356,-0.03046791965821427,0.011258197918287749,0.03564256820669698
Mauritius,MUS,2007,quadratic,0.02147705415425527,-0.017081342643032307,-0.01699429536753172,-0.004459623369429622,0.06835504315887952
Mauritius,MUS,2008,quadratic,-0.0829584577101512,-0.04693413981005498,-0.007232102750705849,0.041884958902844716,0.09750986529543759
Mauritius,MUS,2009,quadratic,0.001894223340692669,0.0021003258528084073,-0.019919160814117376,0.023465232715199846,-0.15745041799864623
Mauritius,MUS,2010,quadratic,-0.07436812781684488,-0.006202518521414457,-0.021519139361076967,0.0010239727011143174,-0.048340342372279466
Mauritius,MUS,2011,quadratic,-0.07043336843870662,-0.003869046660244582,-0.023001045447259116,-0.02401787163993596,0.029835519661965293
Mauritius,MUS,1980,hp,0.11004923363664165,-0.018376245738149083,-0.07339642549643344,0.02448756719924461,-0.25145751774351943
Mauritius,MUS,1981,hp,-0.009925300939775283,-0.03246008510334511,-0.04863179177146826,-0.006722293846028293,0.002387328837258451
Mauritius,MUS,1982,hp,-0.07005524727340617,0.026383839968086117,-0.03067390439611728,0.00881438275476043,-0.2877970936828511
Mauritius,MUS,1983,hp,-0.056299116517651626,0.03930623779878972,-0.06616422366824715,-0.03681786659890385,-0.3550909647774194
Mauritius,MUS,1984,hp,-0.046769565396720836,0.005192947902015455,-0.06363503843984297,-0.038012695990227385,-0.12630942959087754
Mauritius,MUS,1985,hp,-0.07209336502903163,0.012249953735498361,-0.043485672565577005,-0.029229761873077464,-0.06141553567747238
Mauritius,MUS,1986,hp,-0.005297112323066067,0.08958608229813375,-0.0038363448143048373,-0.06959384325818796,-0.11616330702062427
Mauritius,MUS,1987,hp,0.08332298235732338,0.04684756170100983,0.02571162047740394,-0.03194681529648946,0.03608841088805015
Mauritius,MUS,1988,hp,0.07371387144556962,-0.02120811412638382,0.03435368800847449,-0.002636852416451063,0.2043703086992874
Mauritius,MUS,1989,hp,0.029091461910976335,-0.042099774251806825,0.020753772336430387,0.03635723563353466,0.1647393598656759
Mauritius,MUS,1990,hp,0.013774579978107937,-0.040282293224541334,0.031849317243503705,0.045080621433413626,0.12723662527364965
Mauritius,MUS,1991,hp,0.02431852789425104,-0.0029108755848188603,0.01675655521553132,0.012653075990577634,0.02798603355483209
Mauritius,MUS,1992,hp,0.008558929033718243,0.002340051780156664,0.02060208442686573,0.005250624704608242,0.0526105167678832
Mauritius,MUS,1993,hp,-0.023559615731787886,-0.027405455290051305,0.014012357961998845,0.013244209132151852,0.0941285870240467
Mauritius,MUS,1994,hp,-0.04297135935269658,-0.05657884025410717,-0.002006455027601106,0.014610107901660285,0.12375346380055774
Mauritius,MUS,1995,hp,-0.05631910314502253,0.004803548186581373,-0.009577471485437528,0.014601904461265747,-0.08882891019679384
Mauritius,MUS,1996,hp,-0.03821334560846079,0.01827956867729111,-0.004942263936605684,0.004491988307490757,-0.1042918937163666
Mauritius,MUS,1997,hp,-0.03737280315864666,-0.029502512164769498,-0.0002631431531359141,0.005410422153390826,0.09315915035946887
Mauritius,MUS,1998,hp,-0.013925196363489434,0.008226707582941492,0.01143402061408949,0.014093275940551209,-0.006322331945252557
Mauritius,MUS,1999,hp,0.009655879374757426,-0.021657259681855646,-0.010835675309055048,0.005958854045259088,0.02952155428221026
Mauritius,MUS,2000,hp,0.03803896854620348,0.006505583982115213,0.03170970578826271,0.00901022311416888,0.06731134053373644
Mauritius,MUS,2001,hp,-0.017236416086364947,0.07489960099934956,0.013445277853875837,-0.029329002620642086,-0.16767332075938768
Mauritius,MUS,2002,hp,0.026126098500493633,0.048479906823822735,-0.006022609434372939,-0.03814289235295654,-0.10985756754807063
Mauritius,MUS,2003,hp,0.10010595351786744,0.03825030994182743,-0.011800707633572216,-0.060591379859777916,-0.04247704902697613
Mauritius,MUS,2004,hp,0.08292813696173873,0.011827763444141975,0.004232763015476593,-0.017556898555188383,0.010887900381524318
Mauritius,MUS,2005,hp,0.014378227976540536,-0.010444983338452667,-0.02279860794730837,0.011136322995641379,-0.0965746289046141
Mauritius,MUS,2006,hp,-0.013547752856741369,-0.04795757246290963,-0.023548450889567363,0.015265062763258896,0.06524220081363552
Mauritius,MUS,2007,hp,0.013980291836886316,-0.016306152657329362,-0.005078629402971657,-0.0023603320324632193,0.0958580466511485
Mauritius,MUS,2008,hp,-0.07673683732201209,-0.04209020074303607,0.00922881945942855,0.042845047013829074,0.12301121099832102
Mauritius,MUS,2009,hp,0.021515457886580158,0.00993917690363659,0.0008297782169304213,0.02457986526557754,-0.13376532503497884
Mauritius,MUS,2010,hp,-0.042143257719642335,0.0037693580432531792,0.003361990397301895,0.003683824269469227,-0.027425775482756265
Mauritius,MUS,2011,hp,-0.0270932060341611,0.007486527806792931,0.005949564493786141,-0.018570998214466172,0.047223262007664246
Mauritius,MUS,1980,hamilton,,-0.009274185369045382,-0.16389897536147302,-0.030185038020253074,-0.5676365504226712
Mauritius,MUS,1981,hamilton,,-0.017904232364419972,-0.13877481030152516,-0.07195641172878808,-0.3611437322976929
Mauritius,MUS,1982,hamilton,,0.03627720844606794,0.04341833317048405,-0.02249545692545496,-0.2700773848087614
Mauritius,MUS,1983,hamilton,-0.020181194053995988,0.06345294925765745,-0.028144910355360153,-0.032372360443028825,-0.3847918238489054
Mauritius,MUS,1984,hamilton,0.017894752426862226,0.0003519366182419513,-0.0325099337980177,-0.05398458196198597,0.04632007152154749
Mauritius,MUS,1985,hamilton,-0.032863524589343385,0.0077925579278600166,0.04053528010538976,0.01808304175705011,0.26031534450852156
Mauritius,MUS,1986,hamilton,0.03484709308527467,0.10383908653836368,0.0814521496086762,-0.02291722006967767,0.0896590353578759
Mauritius,MUS,1987,hamilton,0.15593738911800425,0.052030404964620094,0.09464637780315144,0.009266474417385595,0.1778395163595814
Mauritius,MUS,1988,hamilton,0.07536294013188183,-0.05853330464016703,0.06416899208229587,0.09360045448001841,0.3913231873347911
Mauritius,MUS,1989,hamilton,-0.03536047074694171,-0.05205705572610113,0.022923886371275515,0.08227162552838685,0.25867843156139614
Mauritius,MUS,1990,hamilton,-0.014229111610398526,-0.02040530544741198,0.026967329216095237,0.06171488682550752,0.0651949942302732
Mauritius,MUS,1991,hamilton,0.03717076195214286,0.02081765196907686,0.026078407884533306,-0.014972707878428082,-0.04873584711357637
Mauritius,MUS,1992,hamilton,0.022939883232810487,0.023568037613709368,0.012251918563435993,-0.02902857051607377,-0.0023061557843337965
Mauritius,MUS,1993,hamilton,-0.02359273183810373,-0.024161218549449075,0.02055965480687405,0.017015164013686856,0.10369727836204667
Mauritius,MUS,1994,hamilton,-0.022694566807974326,-0.050132119281221584,-0.00558648797507999,0.018792645735503655,0.1193768404734108
Mauritius,MUS,1995,hamilton,-0.006658275074117093,0.030358858822936523,-0.008731954119275187,0.004583323006251305,-0.14342551673840376
Mauritius,MUS,1996,hamilton,0.023941122353348554,0.05930508442642987,0.010052833468902733,-0.008847766001281343,-0.20078018532228903
Mauritius,MUS,1997,hamilton,0.03503535801647839,-0.020583289812279748,0.018241763514927456,-0.010203411024834352,0.13686141162525978
Mauritius,MUS,1998,hamilton,0.038755767939497865,0.018338019113966375,0.02068318811684655,0.008928068856574711,0.08490502737403283
Mauritius,MUS,1999,hamilton,0.06753121634147163,0.015875679811525496,-0.009314825383892611,-0.0031883083492108,-0.023838399630651708
Mauritius,MUS,2000,hamilton,0.0713522613526294,0.019437954858156088,0.017642173147040197,-0.010851604870008913,0.04531124489673388
Mauritius,MUS,2001,hamilton,-0.00431050529320931,0.1048581797778795,0.023504493021800243,-0.03706382379747453,-0.19408699201185442
Mauritius,MUS,2002,hamilton,0.011506537759027324,0.05609435887027931,-0.04968737198530171,-0.04906156369729686,-0.16485242177143178
Mauritius,MUS,2003,hamilton,0.13894000247191585,0.006091922746389484,-0.03081756948462555,-0.02148058527085972,0.07525857725359408
Mauritius,MUS,2004,hamilton,0.049807676721917105,-0.008134172809294647,0.004237380926316092,0.028829042803510063,0.14408058048669758
Mauritius,MUS,2005,hamilton,-0.09272864640047107,-0.036532337403247114,-0.018895859000236825,0.08559058725284707,-0.014196384978188092
Mauritius,MUS,2006,hamilton,-0.09619042734956906,-0.07002869306520423,-0.03827698803198132,0.034208796998539626,0.10370610195871599
Mauritius,MUS,2007,hamilton,-0.02118942982755989,-0.03753167600353744,0.013782068092199395,-0.011881116905865241,0.2077079765762928
Mauritius,MUS,2008,hamilton,-0.11961623604847826,-0.053588998719928616,0.026117025207124556,0.031280061089260514,0.1419715311358818
Mauritius,MUS,2009,hamilton,-0.07045053372398602,-0.028970933199644874,-0.003116929384647804,0.032392050142469486,-0.1675903550657587
Mauritius,MUS,2010,hamilton,-0.049565624836979794,-0.025779330711653475,-0.014490026179206694,-0.04989128912999696,-0.08448893361706133
Mauritius,MUS,2011,hamilton,-0.17139148470276933,-0.05898657086431118,-0.0006577102953482239,-0.045486813453660346,0.17484173747613596
Mexico,MEX,1980,quadratic,0.11895666297258156,-0.030091608376612844,0.1336403618757913,0.08685374475930452,0.34658242308932685
Mexico,MEX,1981,quadratic,0.23780780497091047,-0.03487772797721735,0.17547172821658386,0.12245478697300527,0.390713075295972
Mexico,MEX,1982,quadratic,0.12378934052242752,0.05182094608567437,0.12909712598743361,0.036013190154250196,0.16021991541670744
Mexico,MEX,1983,quadratic,0.058457681155284824,0.09488523354673856,0.04776539551173897,-0.05366661203887624,-0.025734870334845894
Mexico,MEX,1984,quadratic,0.10466812758754784,0.07606888383213756,0.04565006841412256,-0.01652031684635169,-0.0770165812808532
Mexico,MEX,1985,quadratic,0.0699244224025577,0.046557111508200646,0.034072528533972246,-0.002328044856398037,-0.029626935970521018
Mexico,MEX,1986,quadratic,-0.30967487122561543,0.031449999782676506,-0.04110190964078342,-0.015311153814401735,-0.2427123378777658
Mexico,MEX,1987,quadratic,-0.19597170840896627,0.05165622323153956,-0.059168696463146375,-0.0696797847763051,-0.22723683687322982
Mexico,MEX,1988,quadratic,-0.34980314402973356,0.007045420598178878,-0.08254081786034995,-0.06367404040893376,-0.09691105639353381
Mexico,MEX,1989,quadratic,-0.283472399693828,-0.0060385601049828845,-0.07610598611250374,-0.03725549621613311,-0.07792289050717294
Mexico,MEX,1990,quadratic,-0.1001562514864851,-0.015410281307807666,-0.06005795647307721,-0.008866031271653085,-0.057266523215083964
Mexico,MEX,1991,quadratic,-0.08899226987577169,-0.03210102868698041,-0.05074500873437238,0.015194948023847132,-0.04370042523841988
Mexico,MEX,1992,quadratic,-0.05056180167267321,-0.05188518743822592,-0.045883276764879355,0.03978115466998311,-0.043997334431036705
Mexico,MEX,1993,quadratic,0.0018329743229168471,-0.04014867881792311,-0.05616180920402236,0.03172938936169878,-0.16129065861152192
Mexico,MEX,1994,quadratic,0.01717098723123378,-0.04835400182178969,-0.041066757157350864,0.0404861203746254,-0.10763107642655356
Mexico,MEX,1995,quadratic,0.010254679462536664,0.022140325863969725,-0.13277534764862864,-0.11507840005029202,-0.29420287303572046
Mexico,MEX,1996,quadratic,0.07292507922666047,0.01842005139544048,-0.1092125450740884,-0.119632006056543,-0.12171966749684238
Mexico,MEX,1997,quadratic,0.10041448775218598,0.00020903856365259892,-0.0691943502796235,-0.0926392203188815,0.02722559922987422
Mexico,MEX,1998,quadratic,0.0800505919241683,-0.017703952438704835,-0.04562517625589457,-0.021443106147582824,-0.016673900788200413
Mexico,MEX,1999,quadratic,0.09621655714643484,-0.011696619963253356,-0.030495488073146504,-0.012166074177510922,-0.03549175487530576
Mexico,MEX,2000,quadratic,0.14701901858129673,-0.014604555752438433,0.01216332403049769,0.028753889705361857,0.017895324090611453
Mexico,MEX,2001,quadratic,0.11394879606489017,-0.01468143512593951,-0.009017962279852298,0.044695498002761624,-0.1396414299593971
Mexico,MEX,2002,quadratic,0.1062224397343039,-0.008754431662594687,-0.01887173306740131,0.025215970847463964,-0.16034534603874384
Mexico,MEX,2003,quadratic,0.0972646777505135,-0.003303795822105297,-0.022319363140040238,-0.013707954833645175,-0.06243222320433084
Mexico,MEX,2004,quadratic,0.10064534127452429,-0.004688928134355556,0.0013486885499744972,0.0024040789868120527,0.03468486982637664
Mexico,MEX,2005,quadratic,0.08864946139057306,0.00039348682446330684,0.01736154792316924,0.02491145874662415,0.011373577065690199
Mexico,MEX,2006,quadratic,0.056484202423324525,0.004277517027064139,0.05249203416568271,0.02263503942830347,0.14554004296924639
Mexico,MEX,2007,quadratic,0.022860004922244492,0.0028475045108115084,0.0700358192158621,0.05211231410584638,0.13720514987652344
Mexico,MEX,2008,quadratic,-0.01871047368103884,-0.0016139280529548494,0.06800929412082546,0.030699195694911197,0.18841369660990281
Mexico,MEX,2009,quadratic,-0.1059612945348869,0.01023627257721099,-0.006370763821225367,-0.03053247119653868,-0.007995509788521815
Mexico,MEX,2010,quadratic,-0.13876059064619728,0.014789501032807177,0.035489976963315684,0.003829154512180466,0.04244319522663709
Mexico,MEX,2011,quadratic,-0.18349853356357038,0.01624570420505509,0.062887314489938,0.01076660233754545,0.11415035421027042
Mexico,MEX,1980,hp,0.0032053894588131016,-0.03954128037980253,0.06095040155256726,0.06498635865329305,0.20612116686542947
Mexico,MEX,1981,hp,0.1455809175348195,-0.050481035522476896,0.10565164437416819,0.10377962235153149,0.2698054997938968
Mexico,MEX,1982,hp,0.06112947411384262,0.030340751824428323,0.06700788003234237,0.022706010730390247,0.06829109182859838
Mexico,MEX,1983,hp,0.029919607654095515,0.06902447534500766,-0.0022768048989725287,-0.06034651535737723,-0.08279237410848417
Mexico,MEX,1984,hp,0.11270746106256535,0.048240050896597504,0.01075628865505962,-0.016457186064405604,-0.09752561154944317
Mexico,MEX,1985,hp,0.1145984230349768,0.019398614723251044,0.016236480033011702,0.004053810262005797,-0.015297829512336492
Mexico,MEX,1986,hp,-0.23183437175284283,0.0073437712014748635,-0.04127054366453464,-0.003410380021968251,-0.19766766582443296
Mexico,MEX,1987,hp,-0.0931042911414881,0.03253372992876882,-0.042522224978277734,-0.053475931973331114,-0.15785842641461123
Mexico,MEX,1988,hp,-0.232401459024266,-0.005685773041967296,-0.05098083658648278,-0.0447648784597412,-0.009863314119474609
Mexico,MEX,1989,hp,-0.16345112310674015,-0.011820129688087844,-0.03215815527052257,-0.017085965866151298,0.021425781856637016
Mexico,MEX,1990,hp,0.011471929016444449,-0.0144762846988121,-0.006362192419256729,0.01171940463717469,0.050409315518129105
Mexico,MEX,1991,hp,0.005766626598876279,-0.025359704713301505,0.010266097592319667,0.03612316421172146,0.06950919633062647
Mexico,MEX,1992,hp,0.021273403261061752,-0.04077419304276922,0.02028152823721463,0.06163316937289309,0.07262897347187014
Mexico,MEX,1993,hp,0.047054194368606694,-0.026381492011949483,0.013163337241586248,0.055379132689305166,-0.043383565808429836
Mexico,MEX,1994,hp,0.03423930917463647,-0.033512179754487656,0.0293908445830926,0.0664841026165206,0.008675805176618923
Mexico,MEX,1995,hp,-0.0006879717213861269,0.0368709618256035,-0.0633793390512416,-0.08705887975147597,-0.18268845774091425
Mexico,MEX,1996,hp,0.03545182498783017,0.03258453746414608,-0.04353224879270101,-0.09145970073130982,-0.018587990678959443
Mexico,MEX,1997,hp,0.03923632534553967,0.013714558913650794,-0.009710162831709113,-0.06685434637335419,0.1198131329195764
Mexico,MEX,1998,hp,-0.0010159771984055155,-0.004913911046354013,0.005791550984465488,-0.0003427463561891386,0.06482283254614352
Mexico,MEX,1999,hp,-0.00032347392884002346,0.0002205862302128575,0.011688574357282988,0.0028643657807414513,0.03478413697139082
Mexico,MEX,2000,hp,0.040029073399872495,-0.0037692448909277497,0.04459774831047447,0.03724410871044803,0.0765887210867966
Mexico,MEX,2001,hp,0.0021443224464769983,-0.005190989483591181,0.01368119602743434,0.04706165583584365,-0.09347163477688092
Mexico,MEX,2002,hp,-0.0045496295633240535,-0.0008880384318420767,-0.005808100519862691,0.022388247103769743,-0.12898560044420826
Mexico,MEX,2003,hp,-0.006437950604404108,0.0026950503942275716,-0.01884296006440067,-0.020755977303172912,-0.04857959943548451
Mexico,MEX,2004,hp,0.010284790644025321,-0.0007565505613386959,-0.004707204478318516,-0.008071138572923076,0.029212531072888126
Mexico,MEX,2005,hp,0.018203604932026884,0.0020780965952533655,0.0020233588396809665,0.011829230290025805,-0.013876537371354303
Mexico,MEX,2006,hp,0.012722788343650038,0.00355824781231546,0.02836368780129206,0.007873776211647865,0.10113224191211678
Mexico,MEX,2007,hp,0.012567877138424777,-0.00042734786314152853,0.0378313594820181,0.03658949190650418,0.0754714188611949
Mexico,MEX,2008,hp,0.011139396574611382,-0.007627243228254706,0.028381033188123794,0.015243052168690596,0.11138613747754889
Mexico,MEX,2009,hp,-0.029534525440907622,0.0012747129685764472,-0.05321055911785777,-0.04554883143444144,-0.09883916420604955
Mexico,MEX,2010,hp,-0.009671226825536117,0.002719285801287153,-0.019072941529879373,-0.010981881384523717,-0.06240705202831087
Mexico,MEX,2011,hp,0.004285261216032232,0.0009430454738501744,-0.00010206610883400913,-0.004225643413050761,-0.005576822176386997
Mexico,MEX,1980,hamilton,,-0.018320975887860812,0.09149342303845032,0.08478785364098584,0.23675946123513292
Mexico,MEX,1981,hamilton,,-0.019201587034260777,0.09340519148678972,0.09782993864310185,0.18329110443246677
Mexico,MEX,1982,hamilton,,0.07375680289013836,0.009020281745907965,-0.0350689338883754,-0.1174118312226522
Mexico,MEX,1983,hamilton,0.08298083415210566,0.1169149680834942,-0.10879545901355492,-0.15753417086411048,-0.34081957352098513
Mexico,MEX,1984,hamilton,0.17003449287884198,0.04215057562949811,-0.06670384499818027,-0.05728431799106559,-0.23335255758176388
Mexico,MEX,1985,hamilton,0.14137367884961272,0.006337624141604679,-0.004267084749649541,0.03616350422337611,-0.026974869619969866
Mexico,MEX,1986,hamilton,-0.29688498091890647,0.013497021537169196,-0.07892758077101902,0.005709863548911898,-0.1804796904396948
Mexico,MEX,1987,hamilton,-0.1859293002865039,0.047727385253196454,-0.0859632410973159,-0.06288395330768104,-0.19002163776690395
Mexico,MEX,1988,hamilton,-0.12987158830133794,0.005369149143013171,-0.040345284214318156,-0.047781542769554264,0.0858226464547922
Mexico,MEX,1989,hamilton,-0.16605677027707877,-0.024408965213134612,-0.01886131893327736,0.02240285448782231,0.12033449276613162
Mexico,MEX,1990,hamilton,0.09760104886781562,-0.0009829012497080108,0.018407561717859622,0.0529666147697494,0.0498270329056556
Mexico,MEX,1991,hamilton,0.04753253460622364,-0.020556900495614795,0.02142834895387935,0.05674040569144445,0.03667838360272491
Mexico,MEX,1992,hamilton,-0.038023766110439006,-0.03803050504405647,0.01183863484091141,0.057182993465675125,0.021114724712914423
Mexico,MEX,1993,hamilton,0.002699389768053173,-0.018523095375495888,-0.006563552067463618,0.028025277350886668,-0.10685421335819889
Mexico,MEX,1994,hamilton,-0.013294172998341125,-0.01883624669522389,0.004246092289518444,0.015708559268377442,-0.0535399417988085
Mexico,MEX,1995,hamilton,-0.05678446939739512,0.0387789128597405,-0.07806128865056472,-0.1360688408754509,-0.15727129968331965
Mexico,MEX,1996,hamilton,-0.004884954942853348,0.042346438127608875,-0.06878753383392322,-0.14607742879202057,-0.008159093631205039
Mexico,MEX,1997,hamilton,0.02691916191144106,-0.023284389344927388,0.05533117265591159,-0.0007563598598814281,0.2655022240837912
Mexico,MEX,1998,hamilton,-0.03021318580507515,-0.02269849402398126,0.054722931817888565,0.09165549292159803,0.12279968135257135
Mexico,MEX,1999,hamilton,-0.024435604445215198,-0.007010513361927361,0.033323595722725585,0.08097377239731429,-0.01977865277429025
Mexico,MEX,2000,hamilton,0.04690711983929319,-0.0039954541272072715,0.05484692580413153,0.06451322252306824,0.04715352095019654
Mexico,MEX,2001,hamilton,0.012879339978542959,-0.013290137526367075,0.019786315862239334,0.06542586633634073,-0.09239272469657855
Mexico,MEX,2002,hamilton,-0.013504954202414154,-0.005229961991063034,-0.02944907156381049,0.013618491432309199,-0.1486215254557095
Mexico,MEX,2003,hamilton,0.014193907572573217,-0.0016609551711674712,-0.013197908725132379,-0.042133265537051656,0.05271191607175929
Mexico,MEX,2004,hamilton,0.038508154864800304,-0.00811448106789916,0.018164049299983276,-0.012990489585748222,0.1816705812827788
Mexico,MEX,2005,hamilton,0.05151335321801209,-0.006418570734962206,0.036200780157356505,0.041356564932792494,0.09141520341514386
Mexico,MEX,2006,hamilton,0.03922110050081962,-0.001778156279462163,0.04859227592993243,0.030944972506741664,0.14539902456891696
Mexico,MEX,2007,hamilton,0.037854097112444585,-0.0082665475663773,0.05099302701969677,0.041151137431272744,0.14096510912624005
Mexico,MEX,2008,hamilton,0.043016518160158945,-0.0155354124365596,0.016046512111591582,0.018657808278812027,0.09967481488838281
Mexico,MEX,2009,hamilton,0.005287878221432507,-0.003487472756297492,-0.07475302029506814,-0.06521452038352571,-0.10789998631350706
Mexico,MEX,2010,hamilton,0.029383353670024093,0.001829709484561898,-0.03188560875678803,-0.01818005028113312,-0.09404764649730701
Mexico,MEX,2011,hamilton,0.07197778351341011,-0.007078150125581602,0.06225427611439471,0.037567863331760876,0.10711700222802989
Morocco,MAR,1980,quadratic,0.04235510305701684,-0.036005680726496916,0.07583872407194825,0.04688305644631541,0.2176431954185043
Morocco,MAR,1981,quadratic,-0.005303282836652379,-0.06517456397326107,0.0014667761015711989,-0.004355573966160264,0.19505040211658908
Morocco,MAR,1982,quadratic,0.04371171572673571,-0.06560974613334722,0.04666743469397794,0.021258266625785893,0.2943818898425814
Morocco,MAR,1983,quadratic,-0.0572090678646191,-0.009587545044743725,-0.00537893985889859,-0.010605441885402911,0.057642613456033054
Morocco,MAR,1984,quadratic,-0.05918574333409676,-0.02687252745030838,-0.00861328030406483,0.018879445807430173,0.08545909321450473
Morocco,MAR,1985,quadratic,-0.07031658111693506,-0.009689797828271882,0.008198837670510883,0.015291561474134241,0.07215205374965006
Morocco,MAR,1986,quadratic,-0.01976537322079519,0.011586620631241093,0.04466280194688821,0.06539248106667728,-0.004936091508211504
Morocco,MAR,1987,quadratic,-0.027724823350818717,0.03938025888125795,-0.023221778796369108,-0.011446784313887903,-0.16943744007894868
Morocco,MAR,1988,quadratic,0.08746333295895159,0.0708722979505054,0.03484365940611056,0.01011202053994964,-0.1317100743286268
Morocco,MAR,1989,quadratic,0.0459591227602818,0.0357873615648545,0.018219926875724823,0.008206993632393633,-0.04617822984722686
Morocco,MAR,1990,quadratic,-0.008554270731619518,0.01958401864401979,0.018662627467637805,0.018049068261454693,0.004034149240144558
Morocco,MAR,1991,quadratic,0.029151154651365196,0.028645155118569486,0.04715975971471131,0.07749184525310326,-0.09398513586742663
Morocco,MAR,1992,quadratic,0.05671322170085791,0.01331097983121382,-0.03129394666190777,0.006870153403118806,-0.1608085439726823
Morocco,MAR,1993,quadratic,0.004222765691443975,0.022551413107449403,-0.07796381759171211,-0.05193659307921017,-0.2532261821931261
Morocco,MAR,1994,quadratic,-0.10835848405335469,0.01822008563545848,-0.015188288353428447,0.04926139894442727,-0.25343373482748444
Morocco,MAR,1995,quadratic,-0.009522955243329356,0.01726533740605951,-0.11840276546538675,-0.031939636710019315,-0.39704555074481895
Morocco,MAR,1996,quadratic,0.003932598541370069,0.038289408181478454,-0.03771451775151213,0.03945253556563166,-0.3834521843719143
Morocco,MAR,1997,quadratic,0.023378233310893393,0.041451585773355115,-0.09426326956703868,-0.04437555459242759,-0.39375147342736483
Morocco,MAR,1998,quadratic,0.11732404479599623,0.04051228888290778,-0.05398718772089772,-0.06692050393445825,-0.13396621206271675
Morocco,MAR,1999,quadratic,0.08005285673135543,0.044600545315061135,-0.08170314005914925,-0.09632175827075962,-0.21613515318462717
Morocco,MAR,2000,quadratic,0.02232461791093865,0.026072687070586346,-0.09842982282653345,-0.09259126931296002,-0.21034457431056985
Morocco,MAR,2001,quadratic,-0.030426631172848495,0.05030749942277002,-0.057721645774869046,-0.10830520900088736,-0.15141398011319573
Morocco,MAR,2002,quadratic,-0.011208750861887218,0.053638864487819356,-0.056809409660132815,-0.09925819575380324,-0.16345871667270373
Morocco,MAR,2003,quadratic,0.008419625037778822,0.045298428285407574,-0.02692582161251522,-0.07396334872099608,-0.08370847913282198
Morocco,MAR,2004,quadratic,-0.023798967181491548,0.023011952282511745,-0.011105453106946328,-0.05636428128423532,-0.007680457183083078
Morocco,MAR,2005,quadratic,-0.10226757979619538,0.015761102880219223,-0.012592077526552004,-0.04726032389870838,-0.022430671368336874
Morocco,MAR,2006,quadratic,-0.12117453438332682,0.013518870010110151,0.031539906981112864,0.00293586051025585,0.04255108724925982
Morocco,MAR,2007,quadratic,-0.17059552429087166,-0.02480047082401861,0.027838344454224284,0.02016124564135957,0.13775796709607135
Morocco,MAR,2008,quadratic,0.08762786590952132,-0.07334013275191914,0.05192355780097735,0.04431500093964935,0.3227526918612096
Morocco,MAR,2009,quadratic,0.08721616773878793,-0.05124281161343451,0.0681497516327969,0.04834323595400036,0.27389934462192755
Morocco,MAR,2010,quadratic,0.032063705544892684,-0.04179378006696516,0.07396697971398325,0.061578580509875636,0.26785406118596455
Morocco,MAR,2011,quadratic,0.05349643737059928,-0.08301780864156193,0.08808155195962541,0.17745370630972168,0.27914785914559204
Morocco,MAR,1980,hp,0.05174750793502625,0.02239981575668168,0.02437752208644106,0.016118214602890646,-0.04395864891723367
Morocco,MAR,1981,hp,0.003195612297153261,-0.013302467281128091,-0.04503427752355549,-0.03374252801709865,-0.036264243942435215
Morocco,MAR,1982,hp,0.05221539807294473,-0.0224290823265563,0.005891415464590821,-0.006588340491171962,0.0997765371099053
Morocco,MAR,1983,hp,-0.04835173255172265,0.023356027621304093,-0.04013622558001373,-0.03701342874491331,-0.09533723814237494
Morocco,MAR,1984,hp,-0.05069747448327888,-0.004875038518243668,-0.037588234481860994,-0.006389949884290758,-0.023482702054535842
Morocco,MAR,1985,hp,-0.06350816601450049,0.001255720162517751,-0.015358925750595276,-0.00896744026514007,0.008110589773679955
Morocco,MAR,1986,hp,-0.016028692265750877,0.012026136244594116,0.026404232018975904,0.04225140743767497,-0.024530402438259102
Morocco,MAR,1987,hp,-0.027897768394738343,0.030499039250518133,-0.03589841971393781,-0.03303698989898152,-0.14643433531881822
Morocco,MAR,1988,hp,0.08325714553459207,0.05437464741607581,0.02816837347648793,-0.009591485366154728,-0.06911054631826286
Morocco,MAR,1989,hp,0.038589329728043964,0.013591631281692364,0.018461096569238222,-0.009040719359216354,0.05332981724240238
Morocco,MAR,1990,hp,-0.018057350900475555,-0.006721139892524208,0.026949344342293458,0.00415541787393181,0.1387670049702372
Morocco,MAR,1991,hp,0.018319894218560506,-0.0006463961484291861,0.0646504952856457,0.0682701108069299,0.07475971362406231
Morocco,MAR,1992,hp,0.045314249787193006,-0.01824233321681064,-0.0036808343658556453,0.004016217704503333,0.03981870991118175
Morocco,MAR,1993,hp,-0.007211285951764346,-0.010930971384185924,-0.04019658898084444,-0.047031518863185795,-0.024510484912116937
Morocco,MAR,1994,hp,-0.1199759632044266,-0.017068197242218676,0.031914986066457374,0.06297186042599812,-0.002486113869871076
Morocco,MAR,1995,hp,-0.022081076350713325,-0.019805878366094376,-0.0632293599479663,-0.008251929239547096,-0.13153997970734377
Morocco,MAR,1996,hp,-0.009732486008848795,-0.0004713005871689324,0.023496110085607924,0.07378511051655678,-0.11285522958882055
Morocco,MAR,1997,hp,0.009251567556746387,0.0013633570962766142,-0.029183028654943044,0.000847791391080932,-0.1280068941733319
Morocco,MAR,1998,hp,0.10429020866234939,-0.0002682404185885001,0.012425395453712795,-0.011720052410833404,0.11763359174302757
Morocco,MAR,1999,hp,0.07048277395258751,0.004022547298148407,-0.01657331671568052,-0.033225913657982886,0.013958903550786772
Morocco,MAR,2000,hp,0.018362823044760113,-0.013145652723567491,-0.03739994664359614,-0.024732590496384432,-0.008362143887778117
Morocco,MAR,2001,hp,-0.0275668204849282,0.013828014345742896,-0.003645256150422327,-0.0395348421636772,0.016466448098928055
Morocco,MAR,2002,hp,-0.0014288621250031497,0.02163095670571495,-0.012202398594270747,-0.03389854847196361,-0.03497154178616668
Morocco,MAR,2003,hp,0.0243788873766988,0.019710066315992623,0.006070018854035908,-0.0164127415417461,0.0006286516153455324
Morocco,MAR,2004,hp,-0.00322592400800481,0.00579004101646656,0.008633548664882085,-0.01075796224128922,0.028634014333940527
Morocco,MAR,2005,hp,-0.07971502574992595,0.008654382917977689,-0.0073201587880813435,-0.01730634109683926,-0.03713358497137875
Morocco,MAR,2006,hp,-0.10031315738028912,0.018020017251695067,0.021483586617728534,0.014064238517621064,-0.02557238830225117
Morocco,MAR,2007,hp,-0.15533527994381657,-0.0075413890081752755,0.0020149187784976874,0.009998593263111033,0.014773637677917506
Morocco,MAR,2008,hp,0.09414088586491864,-0.04269585769349328,0.01010161459426584,0.010963093161826976,0.14468582545149644
Morocco,MAR,2009,hp,0.0841530882433581,-0.007033479456128089,0.010285183480512217,-0.009628937592838227,0.04159913051221764
Morocco,MAR,2010,hp,0.01997145935732547,0.01614003681042865,0.00010196785964922128,-0.02208728546252381,-0.01820629717022193
Morocco,MAR,2011,hp,0.033456234185004874,-0.011150180863403664,-0.0017582855299309585,0.06747459434403247,-0.06099141714671852
Morocco,MAR,1980,hamilton,,-0.004927368713252708,-0.017638654103400597,-0.012170249728404414,-0.1104824415736223
Morocco,MAR,1981,hamilton,,-0.024724742005530945,-0.08839492448525732,-0.06259147733900328,-0.06722271604947849
Morocco,MAR,1982,hamilton,,-0.05582675528093685,-0.03574014768202716,-0.031910341005129794,0.07757839825499957
Morocco,MAR,1983,hamilton,-0.10753059624550243,0.03248290430279227,-0.0269309960969224,-0.020355927630477666,-0.13621613712171676
Morocco,MAR,1984,hamilton,-0.13424810519741648,0.00845835236596236,-0.04984622290365692,-0.0014396920068868724,-0.1958951491398162
Morocco,MAR,1985,hamilton,-0.07365595907506339,-0.01971847876702211,-0.001902281386595206,0.015351633267894016,0.0021174844479618926
Morocco,MAR,1986,hamilton,0.004180167080585662,0.027963822057348445,0.04831771446191979,0.04751275224756668,-0.09221831895445831
Morocco,MAR,1987,hamilton,0.00859355440140952,0.03774842247234727,-0.032326047844685846,-0.033144758810575325,-0.24451149771228486
Morocco,MAR,1988,hamilton,0.08960829902334666,0.05590335904500544,-0.006941717228741595,-0.05264578769811834,-0.13610483499350945
Morocco,MAR,1989,hamilton,0.04621284932358094,0.0032385091036288005,0.02200178095991312,-0.002292634261975124,0.10047648390298392
Morocco,MAR,1990,hamilton,-0.09411646546000974,-0.03197164570717875,-0.008829433178048518,0.0058251702713292275,0.1222172948053899
Morocco,MAR,1991,hamilton,-0.04635695194252776,0.012342857703428703,0.019970714253730648,0.06175559590525559,-0.05305616212740727
Morocco,MAR,1992,hamilton,0.03649631431383682,0.0018861033559255808,-0.05537070786291132,-0.017037319540037288,-0.1667778321734774
Morocco,MAR,1993,hamilton,-0.03043629014023086,0.00012736810181194352,-0.124845943443054,-0.12752252665021757,-0.1718157438237622
Morocco,MAR,1994,hamilton,-0.17009021855889017,0.010193649501190748,-0.0064037896302178154,0.018775700241995708,-0.10858779550320374
Morocco,MAR,1995,hamilton,-0.0330335652022562,-0.001620766152157213,-0.05573926929436723,0.0008951844148796795,-0.1666878642546994
Morocco,MAR,1996,hamilton,0.08383544720532843,0.02510569466193449,-0.014683430470713077,0.000875882526250038,-0.1498781181895401
Morocco,MAR,1997,hamilton,0.05360899692098808,0.028190154993737747,-0.0034649655645218047,-0.038102364538504574,-0.03062731851889655
Morocco,MAR,1998,hamilton,0.11787193064701196,0.010371408181025818,-0.004643492060012022,-0.10262115715594611,0.22127091544182242
Morocco,MAR,1999,hamilton,0.06526031336805804,0.016985492735186517,-0.005416245191460334,-0.0785940450801732,0.14820180563284335
Morocco,MAR,2000,hamilton,-0.06783262658944622,0.00021315906214454394,-0.0418214954048981,-0.03867070662515104,-0.07926508073953897
Morocco,MAR,2001,hamilton,-0.10927235770729293,0.021273727832146493,0.01184729320032396,-0.025714861488040697,0.046331645639799746
Morocco,MAR,2002,hamilton,-0.03333209566632611,0.0407562413286882,0.03187407285271604,-0.01389695318395745,0.03141586033590826
Morocco,MAR,2003,hamilton,0.043654121674585156,0.00913816783256963,0.03304167490692578,0.02310218139189857,0.05793977026228703
Morocco,MAR,2004,hamilton,0.010988694488023754,-0.009811811909341016,0.03908323039975059,0.036130509046799375,0.14302230858131004
Morocco,MAR,2005,hamilton,-0.08434456775790355,-0.009126100622363742,0.013591129024057125,0.02191098166533223,0.05668629542940273
Morocco,MAR,2006,hamilton,-0.07939275550389713,0.005110380236259364,0.038515461925754835,0.0516435273357807,0.05077128332771075
Morocco,MAR,2007,hamilton,-0.05696412632465098,-0.03194238381711491,0.03236676952837847,0.057076971855451575,0.15678257295094689
Morocco,MAR,2008,hamilton,0.23652029344435999,-0.07973736228893585,0.021699629819247335,0.03731594294001361,0.2833523932051758
Morocco,MAR,2009,hamilton,0.2820775773339834,-0.026783719286622154,0.031048531149366454,0.015824876897880813,0.14656520125676664
Morocco,MAR,2010,hamilton,0.03741930694216222,0.01347522995098055,0.018453863734100295,0.004908468352210704,-0.029106686362162293
Morocco,MAR,2011,hamilton,0.004278815204168396,-0.05586694827649619,0.01430551403306346,0.1117655917688456,0.020324860071042394
Mozambique,MOZ,1980,quadratic,-0.1559116649574781,-0.028700142798428835,0.14313558441569718,0.18956106630252734,0.1725915893242762
Mozambique,MOZ,1981,quadratic,-0.033343870727978064,-0.018207929836508707,0.18064452651794838,0.17695627293880634,0.3296091049101939
Mozambique,MOZ,1982,quadratic,-0.10255564626630953,-0.017229729137414745,0.09613338462764531,0.0914059813426924,0.3255791170892657
Mozambique,MOZ,1983,quadratic,-0.03158901147106352,0.035320341466415744,-0.0878261467032484,-0.18596731108694087,0.06780652851053492
Mozambique,MOZ,1984,quadratic,0.0036828319118118458,0.07462250614119574,-0.16642450906556938,-0.22900230233963814,-0.09135419796815913
Mozambique,MOZ,1985,quadratic,0.03550602965435701,0.12843387390939665,-0.1651556023633196,-0.17504943516942006,-1.3906110520653865
Mozambique,MOZ,1986,quadratic,0.11427103606088895,0.1287496558624686,-0.19339196107871093,-0.23634212506533547,-0.7875039421468655
Mozambique,MOZ,1987,quadratic,0.14402667219338028,-0.02132997640168699,-0.05888857188113228,-0.02172156793406721,0.15840381031272077
Mozambique,MOZ,1988,quadratic,0.09337923943074955,-0.08064509111545481,0.015195671952453083,0.04567225175865808,0.39494958113987444
Mozambique,MOZ,1989,quadratic,0.07776243137508843,-0.1053194646176763,0.06532174599547425,0.10144555217290474,0.36202567377871553
Mozambique,MOZ,1990,quadratic,0.0755252858712323,-0.0712110559303244,0.05019189339486907,0.045599569257298356,0.3379087433826564
Mozambique,MOZ,1991,quadratic,0.13567905886211484,-0.03857411511112441,0.05931389359497352,0.12683124684783031,-0.016777900187262773
Mozambique,MOZ,1992,quadratic,-0.053380712231613,-0.07079286158483919,-0.04322812487340144,0.03056904707074004,0.03256668463110923
Mozambique,MOZ,1993,quadratic,-0.0605110950848875,-0.11172678258213822,-0.017977512833324383,0.09058558415058471,0.04718298359631046
Mozambique,MOZ,1994,quadratic,0.15941311023018923,-0.10999296754973936,-0.012970062842738272,0.06132548317877884,0.10282716811567827
Mozambique,MOZ,1995,quadratic,0.12297099782218623,-0.0191668355201029,-0.04636965402390736,-0.05489016722997775,0.22396175481590408
Mozambique,MOZ,1996,quadratic,-0.11595236194569569,0.08004700662288555,-0.03404614238913872,-0.06227135742769008,-0.0807572224597326
Mozambique,MOZ,1997,quadratic,-0.07957240074481042,0.10602586772753701,0.004176826004879786,-0.06769845386141782,-0.04882016368705688
Mozambique,MOZ,1998,quadratic,-0.04419517323916633,0.08669985878101594,0.04615940550364783,0.009269776124492424,-0.14172438573288648
Mozambique,MOZ,1999,quadratic,-0.009151436116298761,-0.007127545867985613,0.06119595717254889,0.09553905880840219,-0.054572990116202647
Mozambique,MOZ,2000,quadratic,-0.14816144942744813,0.0002071785524641323,0.005503863026964595,-0.0863164708204831,0.3174749113016544
Mozambique,MOZ,2001,quadratic,-0.14976017666051256,0.042181879942964046,0.04782404081971414,0.02969237570470007,-0.08275847887998378
Mozambique,MOZ,2002,quadratic,-0.18863783044332028,-0.034180413263451837,0.059164685918092985,0.0028524616746086195,0.3344816321199531
Mozambique,MOZ,2003,quadratic,-0.13950048312501728,-0.008570502658174883,0.041757244041695785,0.043457901748848116,0.026102187053636428
Mozambique,MOZ,2004,quadratic,-0.048557730533887344,0.06521939838653656,0.03941211929127597,-0.007096401160683996,-0.14372447650830278
Mozambique,MOZ,2005,quadratic,0.004662603321671455,0.04140807676221275,0.05046870816218885,0.034943530049707405,-0.11519129705610531
Mozambique,MOZ,2006,quadratic,0.15848211576540283,0.06904274138051322,0.029418583532031306,-0.008017086146962171,-0.1735514138100669
Mozambique,MOZ,2007,quadratic,0.12244526414498669,0.05049565116720249,0.015173931613023939,0.0057032228375692995,-0.2528102955561069
Mozambique,MOZ,2008,quadratic,0.06048949067424214,-0.0011800285723826687,-0.00559603440405354,0.049699084269787974,-0.27390586261012295
Mozambique,MOZ,2009,quadratic,-0.05968318408668605,-0.052047036510835115,-0.03345405648063249,0.012305943121985408,0.013043753570817884
Mozambique,MOZ,2010,quadratic,0.07035108776787435,-0.061890663592273965,-0.05951388919252132,-0.039002533220431346,0.20111630364116007
Mozambique,MOZ,2011,quadratic,0.04181697197612788,-0.05056089405224071,-0.0853497974535582,-0.0700401978980345,0.20643215148931304
Mozambique,MOZ,1980,hp,-0.04462807769118893,-0.03473887595508168,0.08579158564249312,0.14112800629479416,0.045657496529607045
Mozambique,MOZ,1981,hp,0.04266787585947984,-0.029333542102068205,0.14279891349580787,0.15090220620280803,0.26396574686233976
Mozambique,MOZ,1982,hp,-0.059244283723299596,-0.03233308297987414,0.07974352070261226,0.08860176761009164,0.3186906351931933
Mozambique,MOZ,1983,hp,-0.018386974319801297,0.017989107759634942,-0.08308880317652623,-0.1675711142094638,0.1140408317372863
Mozambique,MOZ,1984,hp,-0.010021352820430707,0.05777730929304235,-0.1439718399308596,-0.19526145704649078,-0.003912339433397527
Mozambique,MOZ,1985,hp,-0.0011053588544021054,0.11557279457559357,-0.13065194163103566,-0.13395031231399557,-1.2813004151406542
Mozambique,MOZ,1986,hp,0.05964759000954878,0.12357716553858245,-0.15331437652661517,-0.19604908958956013,-0.6830477274590976
Mozambique,MOZ,1987,hp,0.0771934965488823,-0.016058743326001768,-0.019220345638027325,0.010762524254742445,0.23671098257909406
Mozambique,MOZ,1988,hp,0.020449367957905196,-0.06436010901184164,0.0504981871719945,0.06646654468367963,0.4380721485175174
Mozambique,MOZ,1989,hp,0.0043876686886124006,-0.07947522918581662,0.09452133034747945,0.1096835645452785,0.3708200216916051
Mozambique,MOZ,1990,hp,0.0066917137561626205,-0.03864298310781933,0.07326547803426031,0.04276452902928263,0.3187424836609045
Mozambique,MOZ,1991,hp,0.0756631595869246,-0.0027037887816362405,0.07700734737208137,0.11565925556733703,-0.05573412952432921
Mozambique,MOZ,1992,hp,-0.10107897305258096,-0.035241603747013184,-0.03013265019319178,0.014621434591049365,-0.01939327494933707
Mozambique,MOZ,1993,hp,-0.0939249000872886,-0.08028861546178617,-0.009431656043282999,0.0730923160746606,-0.011821524207737966
Mozambique,MOZ,1994,hp,0.1417282198912302,-0.08628219756236954,-0.009357926792862514,0.045038946513365374,0.042104169505144284
Mozambique,MOZ,1995,hp,0.12287637147294372,-0.005815167116302117,-0.0484134890604917,-0.06842608723510146,0.16633141345541969
Mozambique,MOZ,1996,hp,-0.09759576669646286,0.08225329293307562,-0.04271276708684191,-0.07317166674484277,-0.1314197095692693
Mozambique,MOZ,1997,hp,-0.04413278172058632,0.09820406704578276,-0.011839840266359758,-0.07705278881266686,-0.09123886473493581
Mozambique,MOZ,1998,hp,0.005706073971290415,0.07104830889136099,0.02273214007956703,0.0001288655347835288,-0.1759084370028905
Mozambique,MOZ,1999,hp,0.051778173743562306,-0.0283115051695782,0.031082627752100578,0.08580663678170275,-0.08090420733925718
Mozambique,MOZ,2000,hp,-0.08050567314279533,-0.024823331442097224,-0.030013223898395225,-0.09691901453222407,0.3000011173175121
Mozambique,MOZ,2001,hp,-0.08106714260090175,0.014662311949104528,0.008432447938357512,0.01760935924252749,-0.0881748134369742
Mozambique,MOZ,2002,hp,-0.1251781029523764,-0.0629116792738163,0.01797491592609468,-0.010683929275399962,0.3435182290014538
Mozambique,MOZ,2003,hp,-0.0873156108141373,-0.037462862532619656,0.0013083786014771448,0.028956590309169528,0.05206437134244535
Mozambique,MOZ,2004,hp,-0.012208465252720124,0.03761890976280574,0.0025262437230608725,-0.02150598406354831,-0.1017220471759046
Mozambique,MOZ,2005,hp,0.02296946259336341,0.01732941409168587,0.02023782765798643,0.02196095383536978,-0.061912607089800176
Mozambique,MOZ,2006,hp,0.15901580757027123,0.051116659855748314,0.00917936071840586,-0.017743688555201587,-0.11662186919374307
Mozambique,MOZ,2007,hp,0.10772136992216197,0.041580412329908376,0.008305308274509926,0.0013356407805105164,-0.20209759777695968
Mozambique,MOZ,2008,hp,0.03367977668363764,0.0014901765700963687,0.004235369067872696,0.05324508542205386,-0.2403537899667123
Mozambique,MOZ,2009,hp,-0.09582798046360708,-0.035916250468986305,-0.0037257663948899733,0.026758250246974313,0.01943632194632805
Mozambique,MOZ,2010,hp,0.026864119740815262,-0.031138525869864986,-0.006866773912227231,-0.010745488308300466,0.17369892568266643
Mozambique,MOZ,2011,hp,-0.0068188038055376765,-0.004381837501797964,-0.0068995819566701755,-0.02544185683577993,0.14170845897731255
Mozambique,MOZ,1980,hamilton,,,,,
Mozambique,MOZ,1981,hamilton,,,,,
Mozambique,MOZ,1982,hamilton,,,,,
Mozambique,MOZ,1983,hamilton,0.05231304751500154,0.0366209839275235,-0.33546561537373343,-0.40573463707252166,-0.367810296660954
Mozambique,MOZ,1984,hamilton,0.06837743218139014,0.07455277264996187,-0.24365407673953143,-0.34882239190544784,-0.5146408768042985
Mozambique,MOZ,1985,hamilton,0.09004770593945288,0.08764885792308806,0.01261302768031225,0.011676841961311801,-1.633830932098845
Mozambique,MOZ,1986,hamilton,0.12146427095653056,0.07788618718481272,-0.0037372896845795367,-0.05429324259438939,-0.8912133290441817
Mozambique,MOZ,1987,hamilton,0.11958047483963696,-0.09722727792225674,0.0796470945195189,0.09292088421971734,0.8837696499407057
Mozambique,MOZ,1988,hamilton,0.017059585539734634,-0.13779370358273452,0.2055875150819766,0.24670703674085903,0.8757747997237759
Mozambique,MOZ,1989,hamilton,-0.045405631469090046,-0.05970886815940679,0.01534029314431784,0.045683475579570754,0.23429406285586651
Mozambique,MOZ,1990,hamilton,-0.037770225086054765,-0.04650870683855052,-0.02982962385537924,-0.038532273021624874,0.007719501906669812
Mozambique,MOZ,1991,hamilton,0.04729918259590438,-0.021767399752550376,-0.051192932638834066,-0.003085298974424333,-0.32782648566539585
Mozambique,MOZ,1992,hamilton,-0.13629887062834367,-0.08842085985610057,-0.09106804132959212,-0.018377753918333184,-0.2436353084782814
Mozambique,MOZ,1993,hamilton,-0.17190276418238248,-0.13846755927117105,-0.08754379531742984,-0.05926873736808247,0.006909004553973475
Mozambique,MOZ,1994,hamilton,0.11192181462349104,-0.100584231707809,0.09892537636216048,0.044780921575995336,0.07709344061900758
Mozambique,MOZ,1995,hamilton,0.15115928419836155,0.006807989365935935,-0.041871305437277684,-0.15606612363348837,0.20080449392685384
Mozambique,MOZ,1996,hamilton,-0.18787625854311152,0.08978785882939797,-0.017315467047438915,-0.111835671400625,-0.12429899904825703
Mozambique,MOZ,1997,hamilton,-0.21950538203119496,0.05505808242551803,0.08384047032175701,0.016243635655381894,-0.1567985096028668
Mozambique,MOZ,1998,hamilton,-0.05841900707107417,0.005705261709298887,0.0864364534770381,0.08269052061194948,-0.059281635213638495
Mozambique,MOZ,1999,hamilton,0.05253961941782137,-0.06304693073452913,0.049404014120545625,0.17920046087828467,0.045847729500897216
Mozambique,MOZ,2000,hamilton,-0.11611598168523951,-0.028038778723731922,-0.04727990010876937,-0.08716169564982756,0.4845270320449462
Mozambique,MOZ,2001,hamilton,-0.14650380269005225,0.07589706448279787,0.0016699224185128259,-0.04895619146278207,0.05009715196850539
Mozambique,MOZ,2002,hamilton,-0.13260050354292474,-0.03876544229018539,0.11994872974993953,0.15853927058628514,0.2435166195636418
Mozambique,MOZ,2003,hamilton,-0.0271848583726797,-0.03424052007471676,-0.0020593560672672595,0.032741309689969356,0.16061641862494014
Mozambique,MOZ,2004,hamilton,0.08464790840064396,0.11569222199725507,0.008613570782069147,0.043766482426821796,-0.22266579344703175
Mozambique,MOZ,2005,hamilton,0.13244741265189663,0.04948066121249689,0.06001568886059694,0.03946057524619029,-0.029823790313335152
Mozambique,MOZ,2006,hamilton,0.22767646079379045,0.04279624505061588,0.034798307408323126,0.06988447344441084,0.049174991701489645
Mozambique,MOZ,2007,hamilton,0.1347973179148374,0.07814026776177475,0.004050996509933569,0.030857136325135315,-0.02600900249779947
Mozambique,MOZ,2008,hamilton,-0.016005843680940046,0.005499305707430624,0.02950872972093954,0.14000448832062062,-0.006458420373471441
Mozambique,MOZ,2009,hamilton,-0.17507749034135056,-0.012733614575047653,0.014933688549049862,0.08445657589313882,0.34030622085773565
Mozambique,MOZ,2010,hamilton,0.0017884355163095833,0.015079813632469463,0.017638326820067718,-0.00796846247346572,0.5536240491625728
Mozambique,MOZ,2011,hamilton,0.05754666623962823,0.05065031962841374,0.02804519807259176,0.02048839031922256,0.3902182122968991
Namibia,NAM,1980,quadratic,0.08783151114385479,0.16903297470864243,0.014716044333029643,-0.28081295807964857,0.4217545554562392
Namibia,NAM,1981,quadratic,-0.04776123103137131,-0.14718437029682363,0.026561569923401862,0.16671351543302215,0.38060700853623075
Namibia,NAM,1982,quadratic,-0.08556410902930267,-0.10633780478143787,0.02348026359229216,0.19175211207317133,0.0827457781768377
Namibia,NAM,1983,quadratic,-0.08913256783130397,-0.08010723669056023,0.0019955101972612965,0.1429766956281746,0.004582370919740342
Namibia,NAM,1984,quadratic,-0.041781668120287385,-0.0608298173370702,-0.010404083880061421,0.14273075499588295,-0.16404181848029342
Namibia,NAM,1985,quadratic,0.14381398190852224,0.16535007112894365,-0.022374720165549533,-0.13689513613754833,-0.6076049238281076
Namibia,NAM,1986,quadratic,0.05444718064068432,0.1437231763998284,-0.0015495162655003725,-0.0587467889330302,-0.8078315892028645
Namibia,NAM,1987,quadratic,-0.006398511242776017,-0.04658158259537132,0.0014555941522953475,0.11221756419818263,-0.22742454515620825
Namibia,NAM,1988,quadratic,0.13811901757272782,0.04141836160632878,-0.025074733361968526,-0.06466828327284446,-0.08467398966990558
Namibia,NAM,1989,quadratic,0.1515901527410426,0.059755512734263085,-0.04251984497195416,-0.07343746654946237,-0.12798260175841047
Namibia,NAM,1990,quadratic,0.04647955779363322,-0.05998099364806217,-0.05213031743758734,-0.2038405087650741,0.5502902499173494
Namibia,NAM,1991,quadratic,-0.1496885939286967,-0.06062066266239066,-0.005967424117569564,0.042139570754256894,0.0103859260412964
Namibia,NAM,1992,quadratic,-0.16587526889073256,-0.0680796686691108,0.03209952300667673,-0.00279159856823874,0.19964399043458414
Namibia,NAM,1993,quadratic,-0.11107394519986702,0.03547199335129597,-0.01960276263870675,-0.06519036427595282,-0.14016934914155943
Namibia,NAM,1994,quadratic,-0.006462415989274106,0.05158941812530918,0.01810677533947569,-0.09752250613929547,0.16822492528553568
Namibia,NAM,1995,quadratic,-0.08077841867883606,0.015041729606259352,0.023148618760806983,-0.06428077535813692,0.16449276907029997
Namibia,NAM,1996,quadratic,0.00018143274875459525,-0.005577655774662363,0.016735394788327085,-0.06292409346754724,0.2113034928102131
Namibia,NAM,1997,quadratic,0.005560022528813491,-0.028582594441164524,0.01813382019591714,0.028759447123889004,0.06477285133587074
Namibia,NAM,1998,quadratic,0.02892720020224626,-0.050970007675437065,0.009403572375042302,-0.027569431064273786,0.2861889387432637
Namibia,NAM,1999,quadratic,0.0009899819623351291,-0.04004892410761038,0.0012786576325058974,-0.02538194074396216,0.16164907391332584
Namibia,NAM,2000,quadratic,0.04148203582518484,0.028021209413483142,-0.005283115534247429,0.0690087159790469,-0.17154239174009867
Namibia,NAM,2001,quadratic,0.027900513737041166,-0.001684297432340734,-0.0338204149798873,0.01585533098021763,0.04678221522609327
Namibia,NAM,2002,quadratic,0.0024110052621715283,0.03745398613874493,-0.027264106866599747,0.03697571498167562,-0.15463754330490254
Namibia,NAM,2003,quadratic,-0.047335514556604785,-0.03455832483439723,-0.026733096172415927,0.12489701097941719,-0.13261497762879593
Namibia,NAM,2004,quadratic,-0.05240700750407168,0.026194683349496015,0.0461340633174121,0.12945965182034236,-0.10074935907944038
Namibia,NAM,2005,quadratic,-0.034546420964861824,0.04722187591711649,0.025564058971211168,0.08117082175632184,-0.11639458972558536
Namibia,NAM,2006,quadratic,0.15709210846832278,0.023555385310254574,0.04552134722585599,0.08960364878424087,-0.0026632932115298047
Namibia,NAM,2007,quadratic,0.18050740761889816,0.02315141525640484,0.04689639150294056,0.04310122945918593,0.031342699025673326
Namibia,NAM,2008,quadratic,0.05447984869054778,-0.03753459493338562,0.0267879683950909,0.036963045506112735,0.16318077539046527
Namibia,NAM,2009,quadratic,0.02947902739512287,-0.1053847671006227,-0.032759001623084316,0.035457355001000224,0.05109877063564383
Namibia,NAM,2010,quadratic,-0.07486314685102435,0.0338956498380884,-0.025679037312968944,-0.16653633952940083,-0.06728651188000612
Namibia,NAM,2011,quadratic,-0.15762316642082563,0.0331858600959914,-0.0468569983815339,-0.15918399456981547,-0.09342890711103102
Namibia,NAM,1980,hp,0.10931261180293816,0.17716885909651975,0.014728684652693502,-0.28673146941079963,0.2608728374173026
Namibia,NAM,1981,hp,-0.03607875738362587,-0.13920696179174705,0.02393759250888472,0.14825049291917658,0.28549995016916796
Namibia,NAM,1982,hp,-0.08247864365847946,-0.10009169297147742,0.020241146879468985,0.16557609981944843,0.054870335133450965
Namibia,NAM,1983,hp,-0.09417483054718545,-0.07754486136107892,-0.0002239301496160806,0.11530402484230073,0.03993177097597034
Namibia,NAM,1984,hp,-0.054389930840264,-0.06328232031676388,-0.010558106437152048,0.11950680565230165,-0.07548677877569698
Namibia,NAM,1985,hp,0.12523564346491778,0.157948294581657,-0.020004418447925332,-0.15114897554609819,-0.48227519686334475
Namibia,NAM,1986,hp,0.03307278626018295,0.13346730079997643,0.003322762337214513,-0.06212818945203935,-0.667815008515336
Namibia,NAM,1987,hp,-0.027069202701832218,-0.057146295905131914,0.008526292560404158,0.12050336174044851,-0.09564307346388645
Namibia,NAM,1988,hp,0.12164679910246345,0.032205485748945537,-0.016423609541611484,-0.044406816385832215,0.02179443121381741
Namibia,NAM,1989,hp,0.1430768805629441,0.05324202627022385,-0.033305990371545136,-0.04258318053989818,-0.057104721857467844
Namibia,NAM,1990,hp,0.04873494045608062,-0.06308271685659964,-0.04360689083295277,-0.16502350719695968,0.5818826059884135
Namibia,NAM,1991,hp,-0.1362363814379579,-0.0607658470947796,0.0007100114755420606,0.0854677627805085,0.006151329981037179
Namibia,NAM,1992,hp,-0.14366693454914614,-0.06626030997764946,0.03630906924092159,0.04242507235129622,0.16437574242732644
Namibia,NAM,1993,hp,-0.08405671613569154,0.0383347868123121,-0.017956439557021753,-0.0207337901202429,-0.20040473372553347
Namibia,NAM,1994,hp,0.02134663086391342,0.05530802839936391,0.0172580153361519,-0.056924719220280195,0.08871837725681431
Namibia,NAM,1995,hp,-0.05542391361417742,0.01977868126649264,0.020215953996830294,-0.03088324306324175,0.07304453582773718
Namibia,NAM,1996,hp,0.02039228749473665,0.00013722409055196005,0.012300461691497233,-0.03974181290655032,0.11598937391108599
Namibia,NAM,1997,hp,0.01904960860951377,-0.022330924119169177,0.012746553757512658,0.039346781549495446,-0.02631547769444964
Namibia,NAM,1998,hp,0.035025466579654996,-0.04502478145276864,0.00345920153290713,-0.030924016338200744,0.2062740573361097
Namibia,NAM,1999,hp,-0.0002560511790612452,-0.03543216410709314,-0.005109760266524432,-0.04338616625970637,0.09897443488962843
Namibia,NAM,2000,hp,0.03330553990617258,0.030558941316836327,-0.012319286749674419,0.03659562286443396,-0.21385359718748553
Namibia,NAM,2001,hp,0.013576768850092513,-0.0013503736122820742,-0.04197371177489018,-0.029343502242488384,0.024024286631545877
Namibia,NAM,2002,hp,-0.017240453113605447,0.03577951436509258,-0.03714637464053361,-0.01836933223915871,-0.16044716371454193
Namibia,NAM,2003,hp,-0.07159459696116599,-0.03771208350034034,-0.03867891634304854,0.06335510951204171,-0.1261163133322114
Namibia,NAM,2004,hp,-0.08048066596531012,0.022066647560868246,0.032438837060288606,0.0671637828220284,-0.08701301672893358
Namibia,NAM,2005,hp,-0.06485270302899071,0.04297759467859942,0.01146908982921957,0.024423847811558375,-0.09966059601375399
Namibia,NAM,2006,hp,0.12772886639642245,0.020185245722224143,0.03308742692142452,0.04489677051817864,0.01452903529601457
Namibia,NAM,2007,hp,0.157505107305961,0.021348383900031572,0.03878074938100973,0.01686974705952693,0.04915136185044311
Namibia,NAM,2008,hp,0.04422134141096823,-0.03757682445335887,0.025913397153905393,0.03513739101793334,0.18431579778814644
Namibia,NAM,2009,hp,0.037737062857891246,-0.10418525799488104,-0.02359195342578957,0.06329439485614685,0.08033068997758264
Namibia,NAM,2010,hp,-0.04336813391643357,0.035480845787965454,-0.004051199231515312,-0.1048046784224912,-0.024969804084689073
Namibia,NAM,2011,hp,-0.09960042689303528,0.035005555117478826,-0.010494658548031666,-0.060983668774678534,-0.033625472115213384
Namibia,NAM,1980,hamilton,,,,,
Namibia,NAM,1981,hamilton,,,,,
Namibia,NAM,1982,hamilton,,,,,
Namibia,NAM,1983,hamilton,-0.09302366148753016,-0.09481529271190278,-0.07611725532702174,0.059964814505114816,-0.2593453476355254
Namibia,NAM,1984,hamilton,-0.03398842411255032,-0.11298205726143024,-0.07475371235636707,-0.0022938679417450203,-0.24139308478269417
Namibia,NAM,1985,hamilton,0.14785044774589284,0.11927513528086064,-0.05248554266706762,-0.2623347827212257,-0.6856889796212648
Namibia,NAM,1986,hamilton,0.020481926474448464,0.10190813939959953,-0.01860033266029326,-0.18156100546584852,-0.7894425902310775
Namibia,NAM,1987,hamilton,-0.17681005611186595,-0.07720067121198906,0.0006191051445600948,0.1326698292426336,0.06334601173584531
Namibia,NAM,1988,hamilton,0.052883576125129395,0.03856703129221528,-0.05752815177861592,-0.057446249021518625,0.2722428657262945
Namibia,NAM,1989,hamilton,0.10388623463973534,0.04832501288578333,-0.06668736671497655,-0.16286990444539384,-0.1991084402793879
Namibia,NAM,1990,hamilton,-0.11493135891559358,-0.09029561735512961,-0.03249535775062995,-0.2182674611049542,0.4710323341273437
Namibia,NAM,1991,hamilton,-0.3051070760263297,-0.07797564842603207,0.03156058754667335,0.051412713072773286,-0.014758559059545817
Namibia,NAM,1992,hamilton,-0.23794984534196661,-0.08583901503139743,0.07985086036452138,0.07701542935521566,-0.29073126866309096
Namibia,NAM,1993,hamilton,-0.041982494525664826,0.004943143099254761,-0.03989603443135792,-0.09689432486470828,-0.15173750406490338
Namibia,NAM,1994,hamilton,0.0599790298790861,0.02289004833249194,-0.03477668362719655,-0.1271753577806738,-0.04647559114450672
Namibia,NAM,1995,hamilton,-0.05208573852861509,-0.008378970352737089,0.0653609670511468,-0.05275156998482977,0.22116103818492228
Namibia,NAM,1996,hamilton,-0.038683440322346385,-0.013058334885667919,-0.014866856178390009,-0.023285172339027937,0.017798551485435965
Namibia,NAM,1997,hamilton,0.039697981122913895,-0.032548172016580224,-0.0016200954886631536,0.06024198790187185,-0.06493528905363988
Namibia,NAM,1998,hamilton,0.002270557854973987,-0.05707197561359664,0.004278985661601453,0.0064177534246727674,0.14005799051257384
Namibia,NAM,1999,hamilton,-0.01348254142119476,-0.04618890315865221,-0.005581331744066276,-0.03173807386921723,0.1407743718563932
Namibia,NAM,2000,hamilton,0.019018602962124653,0.021803525870890038,0.0041655653091368094,0.09065640068963354,-0.34606589374951113
Namibia,NAM,2001,hamilton,0.038675622609213534,-0.006456467570528757,-0.013331461876026296,0.05085253380269705,0.0129421658321629
Namibia,NAM,2002,hamilton,-0.009399300413148737,0.04053392029112242,0.0021582200591883094,0.032387628581972194,0.04386913607171827
Namibia,NAM,2003,hamilton,-0.033473511438226744,-0.01995355413827178,0.04432661476975319,0.14863886596060993,-0.10838855471605591
Namibia,NAM,2004,hamilton,-0.008402286290319694,0.04306927110077549,0.09812070678902352,0.15866382213213903,0.12192788290953516
Namibia,NAM,2005,hamilton,0.0575113302237833,0.07098575257774488,0.08211773997037142,0.07447824974259376,0.09000135257368669
Namibia,NAM,2006,hamilton,0.2619363267865058,0.04564722172800939,-0.0017236603471708634,0.0842272891615945,0.21671587188301622
Namibia,NAM,2007,hamilton,0.2860151786672853,0.05864562714204913,0.0630793739854294,0.07558343421715996,0.299567284758389
Namibia,NAM,2008,hamilton,0.03267709439326971,0.005083883595345007,0.007378998283286364,0.08398526880277757,0.38654271310075394
Namibia,NAM,2009,hamilton,0.024998751363932037,-0.06004717886619278,-0.043457660703902334,0.12051863794046014,0.3056953768263515
Namibia,NAM,2010,hamilton,0.034955048493669594,0.08283573246037981,-0.004243358555015675,-0.05806739388928328,0.1414697910642051
Namibia,NAM,2011,hamilton,-0.023517974406519926,0.07829841354358731,0.055147137271799096,-0.033029495105328266,0.25292636435261073
Pakistan,PAK,1980,quadratic,0.1390159056269642,-0.037632016006653696,-0.018807665055851075,0.049555959620834145,0.013563183045562255
Pakistan,PAK,1981,quadratic,0.007707077769683934,-0.03141333062217733,-0.0017691631545986297,0.05631786532676841,0.0428759854133407
Pakistan,PAK,1982,quadratic,-0.04821783755537812,-0.044177885728745245,0.002409307730641075,0.07161796885767835,0.06950619098922495
Pakistan,PAK,1983,quadratic,-0.001015224565094286,-0.038322445862745705,0.009107804865790214,0.06651397038205431,0.04905764995653783
Pakistan,PAK,1984,quadratic,-0.0008640460522322257,-0.043383534964399825,0.00013322352428168927,0.06656373268292626,0.008888556896462063
Pakistan,PAK,1985,quadratic,-0.06667658595934522,-0.05484097822730462,0.015630403714503416,0.09570602990342536,0.024723864139676976
Pakistan,PAK,1986,quadratic,0.17743212479546155,-0.03894784497415503,0.012204270050339971,0.06197632999731617,0.04367094778353042
Pakistan,PAK,1987,quadratic,0.06696455898748344,-0.009972851793799226,0.01854363002387238,0.018046319052668736,0.06714956332237776
Pakistan,PAK,1988,quadratic,-0.01737864011610224,-0.015903498064526123,0.037010737490723145,0.032103553725173484,0.023701476128559662
Pakistan,PAK,1989,quadratic,-0.10200712484786667,-0.014357319234248905,0.031992897644039786,-0.003155897604894875,0.06595965165508133
Pakistan,PAK,1990,quadratic,-0.14554323162480554,-0.01458271275693232,0.024001888773799607,0.012604659586905598,0.05816277651468482
Pakistan,PAK,1991,quadratic,-0.1661389657739738,0.049132261669718735,0.023756373366827788,-0.06431936466744759,0.061904803131309194
Pakistan,PAK,1992,quadratic,-0.1634591239324248,0.030352327782141683,0.05013821090951964,-0.010761770896914769,0.14941175841399357
Pakistan,PAK,1993,quadratic,-0.12304606744871727,-0.0005663930147864482,0.02085305112371394,-0.008719945543839813,0.14817180790155504
Pakistan,PAK,1994,quadratic,-0.09768903597941492,0.03318562946058137,0.011184232538644423,-0.03376647874727645,0.075440204637502
Pakistan,PAK,1995,quadratic,0.025999671975787564,0.03227111383711653,0.013140932770962621,-0.013731301169700671,0.025069891351884976
Pakistan,PAK,1996,quadratic,0.05935834338685275,0.012321572356386146,0.013673261624250088,-0.00767693104311995,0.050135017470738674
Pakistan,PAK,1997,quadratic,0.07743647247513952,0.010943474063977478,-0.02300258158770596,-0.01860647222009071,-0.04417179068253496
Pakistan,PAK,1998,quadratic,0.2487971443110455,0.04561495265866245,-0.04383722602851314,-0.07936308881300747,-0.07566101357968691
Pakistan,PAK,1999,quadratic,0.13705072509409888,0.038716825227191956,-0.052230428502621606,-0.040869963597206294,-0.21194818782582558
Pakistan,PAK,2000,quadratic,0.019210813302392715,0.04065579183085737,-0.05262086326712989,-0.0479611034430345,-0.10935984786258501
Pakistan,PAK,2001,quadratic,0.06241879833962827,0.0411068369714331,-0.0727547500137451,-0.05929122299044565,-0.14114651239987808
Pakistan,PAK,2002,quadratic,0.05845219634595811,0.04844044023173558,-0.07881404795739577,-0.08858862684249758,-0.1697750468444834
Pakistan,PAK,2003,quadratic,0.0432145670753199,0.05313250358163203,-0.06785427124262,-0.09404993427716413,-0.1459747703694827
Pakistan,PAK,2004,quadratic,0.051683954242462526,0.055843802391683836,-0.03241573756834448,-0.05849723603484769,-0.1187472577838502
Pakistan,PAK,2005,quadratic,-0.007666303488600867,0.005167005213959304,0.006003029763689938,0.011598362751760405,0.0631507038147987
Pakistan,PAK,2006,quadratic,-0.016658410808977564,-0.039786485831683295,0.030594436887477983,0.005719138141913049,0.23955144302800058
Pakistan,PAK,2007,quadratic,-0.016854098221870117,-0.034352897088420827,0.050750314081328796,0.02513995062464147,0.28169921100372264
Pakistan,PAK,2008,quadratic,-0.0759637067793042,-0.0744132025703233,0.031706770378608695,0.014231715412593715,0.24361837070537895
Pakistan,PAK,2009,quadratic,-0.12459887146260096,-0.040616972228986935,0.03245519382921813,0.06854200404658783,0.05727832121894849
Pakistan,PAK,2010,quadratic,-0.06041293471552622,-0.025211913114768114,0.033093497221676316,0.07540770749297288,-0.09543789354438736
Pakistan,PAK,2011,quadratic,0.05944785560378696,-0.01881662090327936,0.028335880286798343,0.08392992974839864,-0.269946479682595
Pakistan,PAK,1980,hp,0.05359672566121265,-0.008092098042796397,-0.0025764172125057883,0.016064582591031495,0.028969338573842762
Pakistan,PAK,1981,hp,-0.05007598901006194,0.0013097512663611532,0.010227471615426253,0.015946923611029007,0.04197849953335009
Pakistan,PAK,1982,hp,-0.08247740550384819,-0.009580766954667544,0.009233481937043209,0.02606143840343833,0.05408314520754054
Pakistan,PAK,1983,hp,-0.015899115403534836,-0.0033311520243342607,0.010308613416667,0.018037720365084553,0.021230368469590033
Pakistan,PAK,1984,hp,0.000269485186632501,-0.009552854995377003,-0.0043456310932459274,0.017744911123308782,-0.02941922486154347
Pakistan,PAK,1985,hp,-0.05193532983333782,-0.0237673166536663,0.005707109860537685,0.04925268646189629,-0.022550574902110654
Pakistan,PAK,1986,hp,0.20431727160914104,-0.012173693364216864,-0.0025932613523096393,0.02054996686403676,-0.011172005753067538
Pakistan,PAK,1987,hp,0.10599497857838536,0.01125088440833999,-0.0002800305825321203,-0.01623063591739715,0.006246043630648401
Pakistan,PAK,1988,hp,0.03322047791449734,-0.001067759656425596,0.015312895296199613,0.00635386076944755,-0.041533135770373875
Pakistan,PAK,1989,hp,-0.04205378892794176,-0.006446346792651117,0.008879461053551196,-0.01958274233982671,-0.001717513331193743
Pakistan,PAK,1990,hp,-0.08042026935792279,-0.013821782643961444,0.0010849556030692042,0.00565044302687312,-0.00949400590943128
Pakistan,PAK,1991,hp,-0.10158054180521958,0.042893828370204924,0.0027127574445984237,-0.062101151927437925,-0.002677089418194001
Pakistan,PAK,1992,hp,-0.10594477331602903,0.017779383090991453,0.03269859252153573,-0.00017781099095159902,0.09164577477360325
Pakistan,PAK,1993,hp,-0.07878489022999968,-0.01872376225572083,0.008774849438278665,0.009537607654030111,0.10167603482101129
Pakistan,PAK,1994,hp,-0.07156024946162276,0.010101363501809232,0.005924619681392684,-0.00841117976159822,0.044465768636030134
Pakistan,PAK,1995,hp,0.03123458213377539,0.0050121576051042685,0.015769085330477495,0.01816682639311118,0.012647983468987434
Pakistan,PAK,1996,hp,0.04377122566514302,-0.018366202726635417,0.024811114455246752,0.030314149977176186,0.05763223557982755
Pakistan,PAK,1997,hp,0.04362016367149302,-0.02248370504624041,-0.0033380262176763154,0.024951060965145544,-0.01717992170882532
Pakistan,PAK,1998,hp,0.20142775728422802,0.010264989773909721,-0.016482009583629775,-0.031145372428053264,-0.031966364225304744
Pakistan,PAK,1999,hp,0.08245144712716002,0.002612741299876797,-0.018840255916613202,0.010472388739929173,-0.15653822471421286
Pakistan,PAK,2000,hp,-0.03666237147017348,0.005215642174523997,-0.015506282847431052,0.004652513040703354,-0.049097970114422296
Pakistan,PAK,2001,hp,0.010035973276099952,0.007971942068198788,-0.03469275088234092,-0.007682262611124813,-0.08320666938594812
Pakistan,PAK,2002,hp,0.013498903601006695,0.019423229310545416,-0.042892997222343965,-0.040729316394461534,-0.12115075848451795
Pakistan,PAK,2003,hp,0.008704525620596648,0.030136795197576886,-0.03712698648923052,-0.05307751853702669,-0.11264706043830763
Pakistan,PAK,2004,hp,0.029570440375722207,0.040670572132895065,-0.009470556886952863,-0.027533917565030208,-0.10447314632653715
Pakistan,PAK,2005,hp,-0.01657750139970826,-0.0007869822503670798,0.019413517642624,0.029976198788382646,0.05796467108732273
Pakistan,PAK,2006,hp,-0.013004696730660292,-0.03593538247261553,0.03364809816225112,0.009756263157671086,0.21889392620222203
Pakistan,PAK,2007,hp,-0.0025502934402039656,-0.020913901694787768,0.043361334702563425,0.013602530619184705,0.2533744292526663
Pakistan,PAK,2008,hp,-0.05407200293292114,-0.05204720692398824,0.014189175067629733,-0.013690251658680097,0.21705716302658828
Pakistan,PAK,2009,hp,-0.09930332760828575,-0.010219422087899777,0.0050892327310307905,0.023713294514445593,0.04100440214196155
Pakistan,PAK,2010,hp,-0.036478757298891384,0.012607663856274536,-0.004016245845710031,0.013574769271063047,-0.095978505588306
Pakistan,PAK,2011,hp,0.07766734602438241,0.02620356754695448,-0.018639619586089395,0.005182852828818696,-0.2527955063818794
Pakistan,PAK,1980,hamilton,,-0.032587064621348874,0.008115636554629546,0.06759318992777175,0.05363996906488566
Pakistan,PAK,1981,hamilton,,-0.012651701564848308,0.05312644422824242,0.04403572944794654,0.09876655539684087
Pakistan,PAK,1982,hamilton,,-0.02078138015790755,0.011179223636952784,0.02591456890747068,0.046153006071262936
Pakistan,PAK,1983,hamilton,0.060646811868663164,-0.017767498396853862,0.005111248541291857,0.005240020568637149,0.01154603204946092
Pakistan,PAK,1984,hamilton,0.12598227573389043,-0.016558978548823516,-0.005551919697959207,-0.007831681681471636,-0.04902425658058007
Pakistan,PAK,1985,hamilton,0.014355114186929363,-0.028897925806210284,0.003367173841615667,0.02043769597902667,-0.0017161002718655283
Pakistan,PAK,1986,hamilton,0.24040061851026362,-0.010778830922015425,0.011372792404424459,-0.011873576487760218,0.05947430517334773
Pakistan,PAK,1987,hamilton,0.18341215424486101,0.025469622697213784,-0.0008712834432031968,-0.07697295145975325,0.05789303526301737
Pakistan,PAK,1988,hamilton,-0.13184300647617864,0.013130862053528064,0.024168150108630826,-0.047159394995857085,-0.000852648070260642
Pakistan,PAK,1989,hamilton,-0.1611957253237417,-0.002756509675094415,0.011723238559891769,-0.04071378418882787,0.0217174262131401
Pakistan,PAK,1990,hamilton,-0.11324101529855835,-0.003651226878651534,-0.01578618391666886,-0.022221717467209245,0.06998786920935274
Pakistan,PAK,1991,hamilton,-0.04609385617855022,0.06055732143828886,-0.0072297900258551095,-0.07783540076583506,0.01810524621208387
Pakistan,PAK,1992,hamilton,0.005565926188928927,0.04212851402745087,0.02754974995622561,-0.025345450094027555,0.12618663308867184
Pakistan,PAK,1993,hamilton,0.06645460102355649,-0.022386715798896166,-0.002528926351876848,0.027663565497517695,0.12067210129069394
Pakistan,PAK,1994,hamilton,0.08657132263856848,0.012497391814526911,-0.04170443247824274,-0.013517553630109092,-0.04721466351618453
Pakistan,PAK,1995,hamilton,0.16543156677810789,0.03140019385409729,-0.002448407687662524,-0.010853932200998173,-0.07378906196478496
Pakistan,PAK,1996,hamilton,0.16233973043944072,-0.0015404731424801046,0.00446445144435792,0.012651090460634506,0.033763111197263385
Pakistan,PAK,1997,hamilton,0.05303971116819284,-0.006887467389951961,-0.035790560673751415,-0.005470564241141673,-0.02008599091744756
Pakistan,PAK,1998,hamilton,0.16694931947619907,0.03913232338182449,-0.05676450197314331,-0.07661272231145944,-0.09012387621745788
Pakistan,PAK,1999,hamilton,0.028276305887681374,0.03646502396027397,-0.023704812868592384,-0.03208285267845845,-0.11378393601379244
Pakistan,PAK,2000,hamilton,-0.25988701614717247,0.020612380538843067,-0.006380764432867281,0.007950460913024315,0.0028420870168162082
Pakistan,PAK,2001,hamilton,-0.14228043580957905,0.020212896791493518,-0.020277665647663312,-0.013401002522309469,0.11699386976366455
Pakistan,PAK,2002,hamilton,-0.017087749441908606,0.028114367133236243,-0.027128326878781195,-0.04902822683106045,-0.0574543581391751
Pakistan,PAK,2003,hamilton,-0.055556359535482436,0.032879272610557564,0.006498024117764345,-0.0442917966261156,0.027291157553262835
Pakistan,PAK,2004,hamilton,-0.05236824274802743,0.03221223724609893,0.04562897353001638,0.015716081501009782,0.07994084387048872
Pakistan,PAK,2005,hamilton,-0.09769730170213187,-0.021432011759637402,0.07083544638007311,0.09831251170614053,0.22938709955091596
Pakistan,PAK,2006,hamilton,-0.11293738754242177,-0.0678900648069474,0.057392051870397864,0.06819814495726284,0.3818965494453348
Pakistan,PAK,2007,hamilton,-0.058183355960540695,-0.035081582434973106,0.04004597571250734,0.02626022804667194,0.22815384781570813
Pakistan,PAK,2008,hamilton,-0.09839412975213602,-0.04293774918840666,-0.0004914357865075658,-0.0012040682420320081,0.03700260539178757
Pakistan,PAK,2009,hamilton,-0.14470654789787707,-0.004737234610723964,-0.01846080421059071,0.040665824737645906,-0.15384144774794528
Pakistan,PAK,2010,hamilton,-0.022956348981877372,0.031997458160489274,0.006811459167218814,0.04957552672865084,-0.25342471504232655
Pakistan,PAK,2011,hamilton,0.15500302065085547,0.02692044140353489,-0.0018088308947703524,0.021876833961558262,-0.22834695375593483
Paraguay,PRY,1980,quadratic,0.03683838698316322,-0.10233207855224918,0.20167654411295644,0.2111187591705992,0.5035477033354017
Paraguay,PRY,1981,quadratic,0.040271168869219665,-0.08350134245380321,0.23298497985419964,0.21305957187275482,0.5177737839675451
Paraguay,PRY,1982,quadratic,0.028029801867356596,-0.022705462044549957,0.14490677315956013,0.14627470253315167,0.20956889676383028
Paraguay,PRY,1983,quadratic,-0.09046640515592408,0.06534749139776402,0.06475285228976091,0.019626568136660083,-0.06104580840968943
Paraguay,PRY,1984,quadratic,0.1715751650754651,0.0035366983789201223,0.04683504727030119,0.07575340018786925,-0.01923798478940064
Paraguay,PRY,1985,quadratic,-0.27862031745461024,0.0258787523569494,0.03912287430156347,0.05555317444290786,-0.07603789311347775
Paraguay,PRY,1986,quadratic,-0.3816001416969259,0.016526990345142836,-0.0059679342850618156,-0.014868603669697222,0.0032084916985102296
Paraguay,PRY,1987,quadratic,-0.005087733938774264,-0.012937517266337947,-0.007044178630744469,0.018795162265330845,0.0017541961460967315
Paraguay,PRY,1988,quadratic,0.09664222574799286,0.04786770666208533,0.012723866951381169,-0.022722611241299262,-0.009527744253926329
Paraguay,PRY,1989,quadratic,0.257815436442586,0.1116314583408783,0.02893532544727684,-0.0934081970983911,-0.014668028365861119
Paraguay,PRY,1990,quadratic,0.07356052614695141,0.01080499519000798,0.02092578289684255,0.057427001647573306,-0.06246862541639686
Paraguay,PRY,1991,quadratic,0.050264918238412726,-0.006012071722358611,0.008604108939524124,0.03764919495498553,0.011329350821389639
Paraguay,PRY,1992,quadratic,-0.06315872342390527,-0.030369408698480427,0.007283895248129113,0.09286213962868217,-0.06473604483515949
Paraguay,PRY,1993,quadratic,0.00838140735056303,-0.034959664265028556,0.01240763967149583,0.0998027373550574,-0.05032262428375667
Paraguay,PRY,1994,quadratic,0.1875939185736364,-0.06009520310368885,0.017456048960941217,0.03137931751206935,0.1517901897406677
Paraguay,PRY,1995,quadratic,0.11069001778853238,-0.04722841791574815,0.04067717485506783,0.05661090756027676,0.12413538495501442
Paraguay,PRY,1996,quadratic,0.09853914198979741,-0.044973929317823236,0.016499348746481957,0.028727035300114778,0.0909529256879189
Paraguay,PRY,1997,quadratic,0.08884458583344124,-0.07527753117838598,0.01943464364327596,0.046439257124541555,0.14769442034314118
Paraguay,PRY,1998,quadratic,-9.682705773794709e-05,-0.01990460525279994,0.000254682433974196,-0.002096377513256087,-0.0069257956047614755
Paraguay,PRY,1999,quadratic,-0.050646901834494606,-0.020610327310765036,-0.03811443760356781,-0.010244169032622708,-0.11428682483480124
Paraguay,PRY,2000,quadratic,-0.09338203739961504,0.0029863496069314627,-0.09412037036851295,-0.07358561445190226,-0.28099205930339544
Paraguay,PRY,2001,quadratic,-0.09128242572163181,-0.015134425808028804,-0.09423404851497885,-0.049263223072893325,-0.23548433138936176
Paraguay,PRY,2002,quadratic,-0.12473653048292732,0.029645145917826167,-0.15569395643847095,-0.1644029918013601,-0.27404878973915103
Paraguay,PRY,2003,quadratic,-0.0713599366479647,0.03526046614707508,-0.15267209669489112,-0.18226975912858734,-0.17110214899212473
Paraguay,PRY,2004,quadratic,-0.03620834619250868,0.05241609030473915,-0.13401555808079735,-0.1753130470294959,-0.17179713893807325
Paraguay,PRY,2005,quadratic,-0.09457268426243459,0.019711631057618938,-0.07795433191093082,-0.10019773752513395,-0.05277392219735688
Paraguay,PRY,2006,quadratic,-0.1015780692958943,0.0157021595931211,-0.05629886575567511,-0.08157027839575193,-0.011077410211235872
Paraguay,PRY,2007,quadratic,-0.04018928827199186,0.03442823194241908,0.01953767188624944,-0.0051650317663671785,-0.002324476964073341
Paraguay,PRY,2008,quadratic,0.047339099943930485,0.011239363196872347,0.04995615187334046,0.05382470526981287,0.0722323398514515
Paraguay,PRY,2009,quadratic,0.04464793101363096,0.02477400435383377,0.005032837453603278,-0.009686316447757193,-0.09271018974441247
Paraguay,PRY,2010,quadratic,0.06688533099276306,-0.015313721344103692,0.1303161470387444,0.12857127311687044,0.21429755229581993
Paraguay,PRY,2011,quadratic,0.11506730597964676,-0.04466901053785047,0.18993529363814154,0.20444622336658114,0.33185178874767374
Paraguay,PRY,1980,hp,0.020686221304130115,-0.09710173563152495,0.12506627236025736,0.15968674466106592,0.3182990244996695
Paraguay,PRY,1981,hp,0.04027246663484263,-0.0786783735253822,0.14789850026275708,0.15038688379057952,0.33487139464782345
Paraguay,PRY,1982,hp,0.04152138122221771,-0.020367872740850557,0.058113873635038615,0.07861464956678788,0.0431607667235383
Paraguay,PRY,1983,hp,-0.0667573129466339,0.06405846806881238,-0.018262465244218262,-0.04777219610607908,-0.20220682424879222
Paraguay,PRY,1984,hp,0.201204200712767,-0.0013797192387145357,-0.02878561106792432,0.012073776700248118,-0.13222575401446335
Paraguay,PRY,1985,hp,-0.24772613537785837,0.017834025465809096,-0.027170347701661157,-0.002262535873358118,-0.16173093757806356
Paraguay,PRY,1986,hp,-0.3564648797385601,0.006366703059270819,-0.0623973867693266,-0.06610944578063815,-0.0585507465854338
Paraguay,PRY,1987,hp,0.007372533127870007,-0.02386529245922934,-0.05419826889035306,-0.026571048629850935,-0.04029724188753292
Paraguay,PRY,1988,hp,0.09318406373146626,0.03779217262823255,-0.026244034988451403,-0.06366452547600154,-0.03637696785219724
Paraguay,PRY,1989,hp,0.23879432640204534,0.10453820403506019,-0.002894345999340686,-0.1318605363073324,-0.03069723080949771
Paraguay,PRY,1990,hp,0.041999023754851095,0.008956446957876216,-0.004509959454912504,0.01968177400499549,-0.07157283777336332
Paraguay,PRY,1991,hp,0.009464710516478014,-0.0012664817988471966,-0.010849405827528358,0.00029947895777127087,0.0060492320039848835
Paraguay,PRY,1992,hp,-0.11003680834222607,-0.01868280727064278,-0.0062213939616260205,0.05687038115417842,-0.06778310376151353
Paraguay,PRY,1993,hp,-0.04164923262413911,-0.016975071899466884,0.005302767532665342,0.06740243328938256,-0.051278286389017325
Paraguay,PRY,1994,hp,0.13820090777253746,-0.037258706209584116,0.01775219288729879,0.005506311938569652,0.15491146300270842
Paraguay,PRY,1995,hp,0.0670061748072408,-0.02161941802586552,0.049870313646183106,0.040229367426629636,0.13595911661061777
Paraguay,PRY,1996,hp,0.06553535081301831,-0.018932556026415984,0.036403319078358365,0.024774387298934997,0.11719550861336359
Paraguay,PRY,1997,hp,0.07072101403630082,-0.05118844796093697,0.051682436931882236,0.05742389401912362,0.19380352609860907
Paraguay,PRY,1998,hp,-0.0005660818178139237,-7.683905757255305e-06,0.04593441164445444,0.02565715923806522,0.06305682813867186
Paraguay,PRY,1999,hp,-0.032821021958150176,-0.006488763471932724,0.02102363767379778,0.03485886579390751,-0.019802399608677135
Paraguay,PRY,2000,hp,-0.05874782452738181,0.010406113297450947,-0.02301858581584959,-0.012060071666589067,-0.16538682904446667
Paraguay,PRY,2001,hp,-0.04312609051434979,-0.01462126427350359,-0.014394474791926015,0.02590166056194576,-0.10595054849602725
Paraguay,PRY,2002,hp,-0.06755621437647275,0.023664482788122033,-0.07184361110510729,-0.08011751070242035,-0.13993609426788645
Paraguay,PRY,2003,hp,-0.010434450948098473,0.023962547987088023,-0.07089515001855062,-0.09537701683276545,-0.04285806317251861
Paraguay,PRY,2004,hp,0.023078390068881127,0.037504634062715855,-0.06103489692500652,-0.09351979757876272,-0.0595677062301494
Paraguay,PRY,2005,hp,-0.04230937968805737,0.003177875516235329,-0.02042260823522213,-0.031450382567877355,0.034024873340158024
Paraguay,PRY,2006,hp,-0.06195442577439714,-0.0005501809711447106,-0.020188147646328147,-0.033119669210984526,0.04220050056074065
Paraguay,PRY,2007,hp,-0.018629988489695215,0.02024171737038889,0.02914012629856977,0.016748034561951286,0.01032778917743471
Paraguay,PRY,2008,hp,0.04622046423799464,0.0007892841805468495,0.02904977589004254,0.04430068254489683,0.037717684222160486
Paraguay,PRY,2009,hp,0.017235158892621172,0.019414751831329298,-0.049587645454804985,-0.05437320388114486,-0.18047283945199766
Paraguay,PRY,2010,hp,0.01009740770964207,-0.014551867901828927,0.03928107308591855,0.04572650903586961,0.06728886419303848
Paraguay,PRY,2011,hp,0.02618605137825547,-0.03727403064530964,0.06078581338631395,0.08172306645372984,0.12148677431792265
Paraguay,PRY,1980,hamilton,,-0.11279635101764661,0.12204014546012232,0.23370343630566737,0.2911225620545874
Paraguay,PRY,1981,hamilton,,-0.08686890816340308,0.09990704560605401,0.1643818372515451,0.2482922304256192
Paraguay,PRY,1982,hamilton,,0.012998794804058633,-0.08717540718725836,-0.040644903217064154,-0.2360733230635823
Paraguay,PRY,1983,hamilton,-0.21050999763990053,0.09353382471382944,-0.1665365133108292,-0.17034072813193646,-0.46262950695003013
Paraguay,PRY,1984,hamilton,0.0734799356822533,0.006591776078367528,-0.03719851710953215,-0.053577037170493114,-0.047833097846309514
Paraguay,PRY,1985,hamilton,-0.3189549487402292,-0.007311921546576131,0.025680543023918645,0.041875903548076465,0.11139538802430593
Paraguay,PRY,1986,hamilton,-0.47175702490477267,0.006570329216681728,-0.0368445631618215,-0.07919079736934975,0.04643770343990816
Paraguay,PRY,1987,hamilton,0.023100292262745903,-0.03180047774608046,-0.0367444528346077,-0.027984007938261612,0.12619827584025778
Paraguay,PRY,1988,hamilton,0.24507971884931923,0.03208428905035697,0.04509034531778333,-0.00567860209570803,-0.0008020714535081908
Paraguay,PRY,1989,hamilton,0.31294134186725486,0.1072786996307949,0.03774758679738888,-0.10715676705774335,0.02130896340348798
Paraguay,PRY,1990,hamilton,0.04531631092937527,-0.017780926874968905,-0.0008750247734781169,0.08060522648712265,-0.015903849522732827
Paraguay,PRY,1991,hamilton,-0.037180666092131,-0.060683753910635845,-0.02728091539498223,0.12482814539869658,0.057306682461380376
Paraguay,PRY,1992,hamilton,-0.10852407198547454,-0.045583807645569255,-0.008776476229130026,0.04218869937049341,0.03324333593188378
Paraguay,PRY,1993,hamilton,0.00778790858854439,-0.04267632794224642,0.009341438909046929,0.06515583812740289,-0.060659077947878615
Paraguay,PRY,1994,hamilton,0.2335871079242997,-0.05793701003024476,0.008665944281826654,-0.05444552341598197,0.2536346129341034
Paraguay,PRY,1995,hamilton,0.156596920736769,-0.042914032368483776,0.022519814323526788,-0.0369966729083,0.17785171645993358
Paraguay,PRY,1996,hamilton,0.07800751648868687,-0.030412369613030343,-0.007479538777062089,-0.0036623334646055383,-0.09654584843122294
Paraguay,PRY,1997,hamilton,0.0662892517314555,-0.0653334521286352,-0.037413654463415824,-0.009652551502263407,0.057716788566867905
Paraguay,PRY,1998,hamilton,-0.005271173234962845,-0.01059220414550846,-0.009390016230963028,-0.03421584514207865,-0.0728004884747957
Paraguay,PRY,1999,hamilton,-0.05103933114011827,0.0011960510527774249,-0.06656350810933809,-0.059652301669030905,-0.26572033765341097
Paraguay,PRY,2000,hamilton,-0.06490620416979453,0.003554902451021788,-0.09392691529261832,-0.0802810977641979,-0.23507227918313056
Paraguay,PRY,2001,hamilton,-0.03476636203451733,-0.014128706921237619,-0.04902984203243044,-0.049661799833844,-0.12224472122278485
Paraguay,PRY,2002,hamilton,-0.05022810465032368,0.021972588998542923,-0.04982263951426802,-0.10854499393261463,-0.006751846416163332
Paraguay,PRY,2003,hamilton,0.0040447231145428475,0.03538625316806597,-0.07863932200541868,-0.14976042767851894,-0.023971836360043852
Paraguay,PRY,2004,hamilton,0.04308464928832745,0.03574726513961127,0.02941742882070386,-0.03969856323840126,0.0285368021747594
Paraguay,PRY,2005,hamilton,-0.035069572419727635,0.0013847866883433604,0.045896544687241914,0.05077135046901837,0.002343158866318973
Paraguay,PRY,2006,hamilton,-0.07133977861675067,-0.008462581616236635,0.039751944294684094,0.06133313469144319,0.07106001821375152
Paraguay,PRY,2007,hamilton,-0.007126721798362823,0.024249097478486196,0.04076321379612047,0.06726762037265388,-0.07235930795557266
Paraguay,PRY,2008,hamilton,0.08050835912725063,0.004130492038843733,0.06761409471636881,0.10672310857963119,-0.016685721779623464
Paraguay,PRY,2009,hamilton,0.046084519090922704,0.011531330693708625,-0.07995455189425371,-0.028666353708231895,-0.18842280946287993
Paraguay,PRY,2010,hamilton,0.01570343115988404,-0.018121843043691355,0.0393794983114919,0.053097198926513656,0.02141614482886034
Paraguay,PRY,2011,hamilton,0.03506197058545091,-0.05121894898107909,0.18000461906349585,0.18423481627802474,0.3499367043454864
Peru,PER,1980,quadratic,0.04475302868559172,0.05989305529644934,0.13971202551856088,-0.040245360642143346,0.40695429388585147
Peru,PER,1981,quadratic,-0.06714487413649817,-0.01803079446985254,0.181441980824518,0.022867186000480544,0.6300267457680313
Peru,PER,1982,quadratic,0.007467093031306327,-0.010316824940817235,0.14798438324705643,-0.026829144449399323,0.5878325535391431
Peru,PER,1983,quadratic,0.04916460073737561,0.026103844653026932,-0.004946226752347016,-0.0885644006715216,0.12302216909307351
Peru,PER,1984,quadratic,0.13390590334244745,0.063360696791782,0.018312306010839663,-0.04832990241697921,-0.004660774032505088
Peru,PER,1985,quadratic,0.06413104810310166,0.0886618727826946,0.018340643866228135,-0.054126538209438024,-0.1088132475655339
Peru,PER,1986,quadratic,-0.15349878303262976,0.006282424508536329,0.08589219933607772,0.08128332034872443,0.11628076410122645
Peru,PER,1987,quadratic,-0.10152617377723772,0.00021995118138873684,0.1349795323911671,0.1270407627489476,0.17763971041946025
Peru,PER,1988,quadratic,0.03351236540472069,-0.019307492392966214,0.016055239246732356,-0.15523378386548092,0.5128206856847051
Peru,PER,1989,quadratic,-0.07941791564809542,0.01884011860060184,-0.1362010485052405,-0.16985291073939024,-0.11911342585795204
Peru,PER,1990,quadratic,-0.08072699387900961,0.03174494160407336,-0.21667988264731797,-0.18077717630177403,-0.4232353340837838
Peru,PER,1991,quadratic,-0.10667617050994149,-9.418629924593663e-05,-0.22274311067072894,-0.14529026309686266,-0.37845182221440155
Peru,PER,1992,quadratic,0.016782079014311613,-0.009095667383346905,-0.2543753615693163,-0.16590386862957907,-0.40694566602134596
Peru,PER,1993,quadratic,-0.017959403044691236,-0.019104766869195877,-0.2350779438053454,-0.1599188060493404,-0.27715572200739214
Peru,PER,1994,quadratic,0.07385264657720025,-0.020706020761433103,-0.1417068433597013,-0.11930549877520846,-0.042554126549135596
Peru,PER,1995,quadratic,0.13029077219675322,-0.044715505527335574,-0.0864598650395596,-0.0797603307766881,0.12070116341690174
Peru,PER,1996,quadratic,0.10969687766701597,-0.03938444527596878,-0.08903403218699246,-0.06722703047453926,0.03174327770922769
Peru,PER,1997,quadratic,0.17919388085288812,-0.037406746576043905,-0.05014412144398683,-0.04768183567979989,0.12116550946071314
Peru,PER,1998,quadratic,0.04682762390822237,-0.04923075410944214,-0.08414900858031871,-0.06196977218193922,0.0622105796690926
Peru,PER,1999,quadratic,-0.031728689124101095,-0.02400251498832216,-0.1021686514915654,-0.08719830856069777,-0.07420952553738314
Peru,PER,2000,quadratic,-0.07107394373629994,-0.024243332088365075,-0.09980929838031827,-0.06680618048581266,-0.1239478449504876
Peru,PER,2001,quadratic,-0.12931431971104246,-0.026396292408305863,-0.12398718700130829,-0.06525130446581962,-0.23395796217409082
Peru,PER,2002,quadratic,-0.11821696289805228,-0.02144521489790202,-0.10102421124864769,-0.04446042541007067,-0.20418707311284479
Peru,PER,2003,quadratic,-0.10369669180916752,-0.013990661295634187,-0.08729192604674552,-0.039199475950267626,-0.20873023305497185
Peru,PER,2004,quadratic,-0.04674511296169559,0.01775622728469692,-0.06441653552598048,-0.04499464715647328,-0.2435979066778362
Peru,PER,2005,quadratic,-0.009737284376132749,0.03825823960235139,-0.02407382905360933,-0.030313846484636642,-0.21912739163798456
Peru,PER,2006,quadratic,0.19383919929193727,0.06605811846668895,0.024776276191836644,-0.040790014618242054,-0.07023764685835587
Peru,PER,2007,quadratic,0.18625782606024988,0.046119593557554794,0.08431308178094277,0.02621976661542469,0.1027110833490843
Peru,PER,2008,quadratic,-0.0044319395052605515,-0.027718435577154404,0.1517946700859305,0.1421422362814777,0.31921513447626104
Peru,PER,2009,quadratic,-0.1141326989134237,0.007436571519266411,0.13354962800991288,0.15684922250982147,0.02374961313260826
Peru,PER,2010,quadratic,-0.006184796855205121,-0.004311914177958329,0.19050378774375964,0.17036709913866588,0.2615841308275453
Peru,PER,2011,quadratic,-0.027462190954404164,0.0081516551281266,0.22834937948186074,0.2028711191766952,0.28772359035913997
Peru,PER,1980,hp,0.06557161187641913,0.04294411494568803,0.013872186068590864,-0.10835552609576826,0.20895822171107614
Peru,PER,1981,hp,-0.058592534957838005,-0.03910994531666181,0.06807365699832779,-0.019028289648341357,0.41767045720092
Peru,PER,1982,hp,0.00808564305289039,-0.034479896187074574,0.05097325614563886,-0.04472926057380455,0.3773644930713651
Peru,PER,1983,hp,0.04611202568778605,-7.648022957814325e-05,-0.08230104495902779,-0.08517438644764663,-0.07046802819631637
Peru,PER,1984,hp,0.13129422010787017,0.03659496066430074,-0.03718339262363379,-0.026393593310976016,-0.17101592740778315
Peru,PER,1985,hp,0.0654605061131317,0.06310850823247574,-0.013366415561469225,-0.015574632112992148,-0.24210395035234367
Peru,PER,1986,hp,-0.14665264400607558,-0.016260794818257616,0.08000184163305768,0.13559719905149414,0.01946630378994385
Peru,PER,1987,hp,-0.09016712868105348,-0.01814644353411851,0.15716614596967382,0.19749580950262668,0.12061670918699363
Peru,PER,1988,hp,0.047267753344891084,-0.0327988694194432,0.06801128228623199,-0.06838152577811041,0.49861312181267525
Peru,PER,1989,hp,-0.06559386508152176,0.010634930466121703,-0.054922590662362936,-0.0684455082923936,-0.08897897950146127
Peru,PER,1990,hp,-0.06984575542900462,0.029278080383974045,-0.10934561031862522,-0.06807099146827511,-0.35371584126235955
Peru,PER,1991,hp,-0.10177707479405207,0.0035640349321757556,-0.09488998392710002,-0.02527149776611992,-0.2800979935282859
Peru,PER,1992,hp,0.013330303058249449,0.0007162285476524227,-0.11271724413176187,-0.0426078546923101,-0.2923648004948136
Peru,PER,1993,hp,-0.030442407182888154,-0.003504407628967584,-0.08655670320572817,-0.03717729042005047,-0.15821072715346585
Peru,PER,1994,hp,0.05321312714375814,-8.337552620632516e-05,0.007634821500568378,-0.0003205648452730969,0.07256012963536307
Peru,PER,1995,hp,0.10422894382385461,-0.02020267345893295,0.05942426084246044,0.03326737448984751,0.22903995972288005
Peru,PER,1996,hp,0.08227430890790988,-0.012478613628543009,0.05080297892537544,0.03864744124032882,0.13488643841897208
Peru,PER,1997,hp,0.1547572130200514,-0.009768163961488413,0.08215034394639709,0.05051536592600847,0.22292700475064908
Peru,PER,1998,hp,0.02918582798427849,-0.02255794436110563,0.03969359518556814,0.02831161667589477,0.16728966122559363
Peru,PER,1999,hp,-0.040851884616581735,6.540447860623258e-05,0.012077386357661979,-0.00529093483054055,0.03754240543449949
Peru,PER,2000,hp,-0.07233191101464431,-0.0041344344562632505,0.0030631449185882786,0.005766199829416507,-0.005184686564223107
Peru,PER,2001,hp,-0.1253290128863087,-0.01131621634746448,-0.03501846509147022,-0.0034247624120027353,-0.11123750757860407
Peru,PER,2002,hp,-0.11285559886488361,-0.012138083983207693,-0.029273067220886517,0.004701904978315241,-0.08390371585180656
Peru,PER,2003,hp,-0.10081846011693063,-0.010761760776951687,-0.036505761397421566,-0.005093011564753169,-0.09950645393478119
Peru,PER,2004,hp,-0.049072619825829555,0.015161831322356812,-0.03848356608259884,-0.028856003094464455,-0.1554452366091006
Peru,PER,2005,hp,-0.017848368076981203,0.030763317846601346,-0.026658027360831227,-0.035524346934307616,-0.16245134709616504
Peru,PER,2006,hp,0.1820021946073842,0.05510166006454159,-0.00937998346697988,-0.07091179360435973,-0.0542832775176727
Peru,PER,2007,hp,0.1755665340591257,0.03334917293695663,0.016405526386821023,-0.03220099129915255,0.07148370808661042
Peru,PER,2008,hp,-0.008111929287769826,-0.04099767530796835,0.04892604362474273,0.05291835061521688,0.23767375825599135
Peru,PER,2009,hp,-0.10569750641467479,-0.00572226726260934,-0.004684441062018152,0.035523621750444434,-0.10862504443358034
Peru,PER,2010,hp,0.01878886780777833,-0.01698707824774332,0.016816047869243178,0.016317573920373363,0.0780931499112647
Peru,PER,2011,hp,0.01884962064027107,-0.0038852840897903376,0.01948272837536713,0.015796601891814532,0.05415573291687892
Peru,PER,1980,hamilton,,0.010484351999408139,0.032643281723721884,-0.14533988808128395,0.34835168164345554
Peru,PER,1981,hamilton,,-0.08280207563419222,0.021542268827429822,-0.00600102330759178,0.4447036418733967
Peru,PER,1982,hamilton,,-0.009775724134568176,0.0002874125494614077,-0.008845485858669733,0.22497947496082205
Peru,PER,1983,hamilton,0.14321681267053865,0.043195840999665815,-0.2100164299410654,-0.13110147504251568,-0.2887238767785094
Peru,PER,1984,hamilton,0.16709726610390963,0.04981691657349504,-0.11611387109445204,-0.03846575451594525,-0.2968263735227783
Peru,PER,1985,hamilton,0.05111414879177101,0.06036135008732553,0.08600282205858534,0.005705092262466849,-0.06602066276752616
Peru,PER,1986,hamilton,-0.2345342831815982,-0.026992057483609354,0.04142554536156595,0.1007472348087699,0.06496935648340152
Peru,PER,1987,hamilton,-0.16085247447581263,-0.031656274876209985,0.10377707383933554,0.15790286264899756,0.15299436002533984
Peru,PER,1988,hamilton,0.08844512301833696,-3.998951256364153e-05,-0.11047916532629465,-0.24141204969493568,0.274051497543188
Peru,PER,1989,hamilton,-0.05900703532427709,0.013286601076764045,-0.2963210055788359,-0.2787790668063792,-0.31145463261810136
Peru,PER,1990,hamilton,-0.14997588033416243,0.035060589489630575,-0.17991150675631573,-0.03667145381455583,-0.8441141262502176
Peru,PER,1991,hamilton,-0.12323375579999407,-0.0213944504040516,-0.029287097312046484,-0.019104684188701704,-0.1764742320673509
Peru,PER,1992,hamilton,-0.001242124371450437,-0.02199165942481444,-0.024190715165680388,-0.03029341123277085,-0.22649226142666024
Peru,PER,1993,hamilton,-0.025048451545769623,-0.010003544618934563,-0.036917627845785006,-0.054969181624771934,-0.24972720404449333
Peru,PER,1994,hamilton,-0.00582209370232345,-0.016677083412269516,0.0999331957048053,0.009178157162967437,0.03135610624947471
Peru,PER,1995,hamilton,0.06629496828458326,-0.03711936048665716,0.11255250440945908,0.04261282455632731,0.09130840882153368
Peru,PER,1996,hamilton,-0.004432644444280598,-0.03268216212833926,-0.011817814940133786,0.021844038148016054,-0.1153099333782972
Peru,PER,1997,hamilton,0.03302773246587076,-0.017333857494717612,-0.0014577125396399992,0.01294311288034855,-0.045230244255792584
Peru,PER,1998,hamilton,-0.08375169912790259,-0.03824869056179893,-0.0012625859310997356,-0.006391677284234731,0.040943385980640734
Peru,PER,1999,hamilton,-0.19421463062614563,-0.010010113350552454,-0.07453235483818332,-0.04590490010223647,-0.18857556727201796
Peru,PER,2000,hamilton,-0.14998122744858566,-0.0014195016376231835,-0.001525758962257484,-0.009525803841860636,-0.14421865117192834
Peru,PER,2001,hamilton,-0.14696794536285473,-0.018030521259942218,-0.015981561852672854,0.013654024041168,-0.16057255449912322
Peru,PER,2002,hamilton,-0.09714130526998677,-0.0016617137932986616,-0.004012902853581579,0.015000206009620598,-0.13396361826964664
Peru,PER,2003,hamilton,-0.03236359632506236,0.009302394968615029,0.047349648000604816,0.022425012797171462,-0.059213803102739604
Peru,PER,2004,hamilton,0.037375535695370665,0.040431523526285575,0.026655667514935644,-0.00016970234326407763,-0.14513109743198438
Peru,PER,2005,hamilton,0.08479208528802129,0.06166230702956462,0.061320071707330115,0.01341927697706069,-0.08738591918582994
Peru,PER,2006,hamilton,0.27609401196266514,0.07902119247675762,0.08664264215391526,0.00968267237986531,0.10493715294298056
Peru,PER,2007,hamilton,0.2682631704760192,0.06291306300452998,0.10251759682823014,0.06427692455063472,0.26463868286172865
Peru,PER,2008,hamilton,-0.016267057788238226,-0.014603191803720838,0.12336051721378816,0.19202874489428545,0.3981451712099702
Peru,PER,2009,hamilton,-0.10153658899870344,0.04341582410140956,0.047699435308746985,0.14808148660956277,0.053155692392856224
Peru,PER,2010,hamilton,0.1456654220472151,0.06478662481499134,0.04151821125731203,0.06911468812236699,0.2190540197856219
Peru,PER,2011,hamilton,0.22498651732286223,0.036989038954310646,0.14293059545541453,0.10295800868643212,0.5830237896950745
Philippines,PHL,1980,quadratic,0.2848100445645443,-0.024559662033210312,0.16699623454197976,0.13535544162046875,0.35962762455129393
Philippines,PHL,1981,quadratic,-0.08027220867085116,-0.004563039012232477,0.162249884731672,0.1345249297413389,0.2975961576543096
Philippines,PHL,1982,quadratic,-0.05322978403281642,-0.03207102873257655,0.15957404521947538,0.15493992469712659,0.310558832540087
Philippines,PHL,1983,quadratic,-0.10902462257139334,-0.04036607033734127,0.14013385769929876,0.13455857512999714,0.3522795207805345
Philippines,PHL,1984,quadratic,-0.17099630058431803,0.02754758998266884,0.02632670458551445,0.08617607405103911,-0.13430005723014027
Philippines,PHL,1985,quadratic,-0.03978241338490118,0.05882076596422292,-0.08698369159680475,0.0008894971280799524,-0.5946022904336168
Philippines,PHL,1986,quadratic,0.021926288663805416,0.07645418401496012,-0.09051889118395984,-0.046057238927479816,-0.534918279239502
Philippines,PHL,1987,quadratic,0.08786652148361895,0.045094418293283374,-0.08508737714698533,-0.0316223655457577,-0.3875049724192987
Philippines,PHL,1988,quadratic,0.1947892267485285,0.0557875839047903,-0.056022582201027404,-0.044232871564268805,-0.28960212154084
Philippines,PHL,1989,quadratic,0.10228391572168061,0.021877834417280313,-0.031416204749888266,-0.01959323073931607,-0.1143813185636322
Philippines,PHL,1990,quadratic,-0.01885957417098094,-0.012191228368811376,-0.03631273395499335,-0.020302797835116237,-0.002366626927161164
Philippines,PHL,1991,quadratic,0.040794597041419856,0.016292285321045007,-0.076103878657106,-0.04436829687149846,-0.2140354702126448
Philippines,PHL,1992,quadratic,-0.12934203591464133,0.00044292391551013083,-0.1059780673409243,-0.0626830353527641,-0.1835565409932567
Philippines,PHL,1993,quadratic,-0.15227864635172583,-0.03017501846555052,-0.11769023472816365,-0.07123215329752419,-0.07149403685071576
Philippines,PHL,1994,quadratic,-0.1509233145641451,-0.01142295737985307,-0.10701665153843898,-0.10351749570843616,-0.04985426421184336
Philippines,PHL,1995,quadratic,-0.12113534781274726,-0.025754176472015625,-0.09330504367461323,-0.05809708638335742,-0.09734947635167579
Philippines,PHL,1996,quadratic,-0.10711533728775446,-0.03637337051988516,-0.06825946097021962,-0.05218367320558848,0.0038124294348342858
Philippines,PHL,1997,quadratic,-0.08715508886340118,-0.052617082957970775,-0.04917260683836666,-0.04262570211436767,0.06333991719502308
Philippines,PHL,1998,quadratic,-0.022193284557944004,-0.03798442569510182,-0.08610354628265426,-0.08181458784816797,-0.02144510833812774
Philippines,PHL,1999,quadratic,0.1492729050082131,0.009711011050909858,-0.08654268258935183,-0.08194671542197618,-0.2213706580495245
Philippines,PHL,2000,quadratic,0.1309668629649181,0.027127729321921448,-0.07377818904571853,-0.08055290565916451,-0.229255647526994
Philippines,PHL,2001,quadratic,0.13504996842582528,-0.018171134698023395,-0.07530142749200053,-0.06625710174193777,-0.03234611911513241
Philippines,PHL,2002,quadratic,0.07906265559532333,-0.038321000586957026,-0.06917085251642163,-0.060506851843735276,0.08594196882206795
Philippines,PHL,2003,quadratic,0.12835072723822627,-0.026950543572230555,-0.049807984333245514,-0.03906100296324233,0.055195203884704114
Philippines,PHL,2004,quadratic,0.11313913370730244,-0.009953358218340216,-0.013389219275186548,-0.004784878913405066,0.04348078316785298
Philippines,PHL,2005,quadratic,0.062493000453696546,-0.012611206276379093,0.005717337758893493,0.016878598328693428,0.0736049671202057
Philippines,PHL,2006,quadratic,-0.02577570528486106,0.02475175541577532,0.03014428420237003,0.0313108861692033,-0.06706459287980238
Philippines,PHL,2007,quadratic,-0.026468606032893582,0.04140781036456337,0.06831973455587637,0.049860226241728256,-0.05190660932539437
Philippines,PHL,2008,quadratic,-0.11258697259538764,0.01495900313803979,0.08366773139411876,0.07227133813706921,0.08562960820517596
Philippines,PHL,2009,quadratic,-0.01971043181983756,0.028764906628224382,0.07000419625879317,0.05838850863089817,-0.062490448119287834
Philippines,PHL,2010,quadratic,-0.03852879514138152,0.019500296407707302,0.11853143020151613,0.059357764450352235,0.21625825997783998
Philippines,PHL,2011,quadratic,-0.06542737797526055,-0.01819710074327552,0.13185637665796968,0.0975875972704987,0.30249482861748156
Philippines,PHL,1980,hp,0.22749505687343774,-0.01738473987086849,0.05466201866247822,0.05378934719580997,0.13726837672199288
Philippines,PHL,1981,hp,-0.11455850628741704,-0.001054569029315111,0.06024720322611721,0.052574294842861136,0.12259597041077086
Philippines,PHL,1982,hp,-0.0686852038988599,-0.03334918807404625,0.0734803023914079,0.07745673093902639,0.19559799245455878
Philippines,PHL,1983,hp,-0.11097634251679267,-0.047269106308929,0.07463772944554314,0.06639659752064198,0.305973085740904
Philippines,PHL,1984,hp,-0.16521401190582718,0.014796851795204275,-0.015506664627732647,0.031416313683575225,-0.10935823794489252
Philippines,PHL,1985,hp,-0.031368557420979215,0.04108761275818419,-0.10445906602844701,-0.037823784794795756,-0.5048993070108345
Philippines,PHL,1986,hp,0.03018866065205117,0.05554404725275926,-0.08515587717170803,-0.06783068423034955,-0.3949285789534063
Philippines,PHL,1987,hp,0.09582743388663495,0.02334199757485999,-0.05957583244708076,-0.03693528123252854,-0.21464136656086907
Philippines,PHL,1988,hp,0.20462989300179846,0.03550140649508398,-0.013371057216517102,-0.034258922975856976,-0.10026649962828316
Philippines,PHL,1989,hp,0.11755846396685943,0.005106835270481985,0.025643815793836566,0.004168911258650709,0.07818176532322241
Philippines,PHL,1990,hp,0.0047295999839160885,-0.02401272067421026,0.032835073672377035,0.015766450411842214,0.1843393652888281
Philippines,PHL,1991,hp,0.07373017216032363,0.010188953707132735,0.0029653456702245506,0.002502865056365877,-0.0388929405312588
Philippines,PHL,1992,hp,-0.08792454964079877,0.0004008593215093989,-0.019327809342149394,-0.0066969222237176496,-0.024149055581663248
Philippines,PHL,1993,hp,-0.10587730531697304,-0.024340146769948307,-0.026002992188001173,-0.008024850009231699,0.06993054108975016
Philippines,PHL,1994,hp,-0.10479049625106285,-0.0004269257769051321,-0.012846861595058101,-0.03512259264280537,0.07350475214582985
Philippines,PHL,1995,hp,-0.08121897773929909,-0.010600805528228306,0.0010424984475640997,0.013392245237820788,0.00932722799030472
Philippines,PHL,1996,hp,-0.07901098404477747,-0.01835025572824485,0.02433914863603981,0.020598560835887625,0.09592092748552972
Philippines,PHL,1997,hp,-0.07529377433721152,-0.03318958668266167,0.04011807110248178,0.029805630846320597,0.1436318985562437
Philippines,PHL,1998,hp,-0.029051374089886117,-0.018612174614223445,-0.0015555050978495188,-0.011426222443546408,0.04946042053797761
Philippines,PHL,1999,hp,0.12392664036513867,0.02790602181216926,-0.008448869903386225,-0.015639703331361332,-0.15917946183719245
Philippines,PHL,2000,hp,0.09036176018695308,0.0435472579374272,-0.004111528202576764,-0.02059768969872877,-0.17735921274548794
Philippines,PHL,2001,hp,0.08417420611479809,-0.0038806369734741206,-0.016211684737822196,-0.014999784752765422,0.007014371498467398
Philippines,PHL,2002,hp,0.02375963637678069,-0.026703861997009457,-0.022943521717472493,-0.02016321979483493,0.11163817068811177
Philippines,PHL,2003,hp,0.07447733570029147,-0.018703065489237558,-0.018702170128541695,-0.011566527104024615,0.0671414668659871
Philippines,PHL,2004,hp,0.06632814003690335,-0.00565677652339229,0.0005917981406824424,0.00840691642428304,0.041517769862739584
Philippines,PHL,2005,hp,0.027408287079563998,-0.012544660704412035,0.0010131243370512522,0.01491180100161138,0.0568282381939742
Philippines,PHL,2006,hp,-0.046102425092565014,0.02066778904121441,0.005631334058259441,0.013843127058475346,-0.10071975639357689
Philippines,PHL,2007,hp,-0.030911871033368676,0.03373696673836013,0.02330133872588469,0.01691356124282528,-0.10623348840678304
Philippines,PHL,2008,hp,-0.10146654932626653,0.004542349583100427,0.017817664495003882,0.0240938168892324,0.006116368126393823
Philippines,PHL,2009,hp,0.005517804113139846,0.016383573428092164,-0.016866296899580746,-0.004714961095290349,-0.17136372419088097
Philippines,PHL,2010,hp,-0.0007700657251294984,0.005830053310731467,0.010411049141906048,-0.018550826021154876,0.07413107967110832
Philippines,PHL,2011,hp,-0.016892095872290014,-0.03274968025822066,0.0023846025722953357,0.004857783360094459,0.1252133198282852
Philippines,PHL,1980,hamilton,,-0.019459058737215408,0.019064919316752693,0.058890832111444524,0.14453356682509266
Philippines,PHL,1981,hamilton,,0.0034557502656827957,-0.0036810130141073927,0.01834861835058632,0.07746259341130113
Philippines,PHL,1982,hamilton,,-0.025212817960025266,-0.014144526466116858,-0.0006131694897977269,0.13420896154409867
Philippines,PHL,1983,hamilton,0.05066758211946354,-0.041087017942429936,-0.018078302499567656,-0.002053530465923714,0.21594524110515678
Philippines,PHL,1984,hamilton,-0.14715925428202947,0.03432596248497064,-0.1302876595617164,-0.08037216949986359,-0.29165249345720134
Philippines,PHL,1985,hamilton,0.04846352810745813,0.06944549395000144,-0.2138778264114496,-0.12668850423869316,-0.7776555579680693
Philippines,PHL,1986,hamilton,0.15158844443293606,0.06412067125616563,-0.047714387327875585,-0.1125682114245734,-0.3342838117262996
Philippines,PHL,1987,hamilton,0.08949723443401236,0.017751344459459775,0.06571807989000966,0.0037801863056277085,0.05277964280616487
Philippines,PHL,1988,hamilton,0.191324555870092,0.020235217985633214,0.027676917102125387,0.02061913275636762,-0.00044035982880075153
Philippines,PHL,1989,hamilton,0.06617263414993868,-0.004497678312145877,0.041688558747155824,0.003023049887859841,0.07817887742032426
Philippines,PHL,1990,hamilton,-0.12244073530685462,-0.04066572804187009,-0.005786310317510868,0.02727932542471656,0.1515902551090722
Philippines,PHL,1991,hamilton,0.054286173757011724,-0.0016421786787895049,-0.06578294258136097,-0.038216221463025946,-0.16955347298729428
Philippines,PHL,1992,hamilton,-0.04099641705157886,-0.004235047599953634,-0.07159708941699172,-0.0442026124173065,-0.1825423810514657
Philippines,PHL,1993,hamilton,-0.1552832502755903,-0.0426554283949118,-0.022530167215778718,-0.01804309168165119,0.11783817963360654
Philippines,PHL,1994,hamilton,0.011704162690788777,-0.0203597717099986,0.010551849137225844,-0.03459754736764431,0.0670093460544603
Philippines,PHL,1995,hamilton,0.0033068853892821437,-0.02351508581688075,0.024044754813767,0.014990148695551042,-0.058794807571823426
Philippines,PHL,1996,hamilton,0.006017875098588199,-0.03871073817866271,0.024815855859044333,0.06398116956816047,0.051823381742927666
Philippines,PHL,1997,hamilton,-0.0026989486184021416,-0.05120957327295523,0.02921645761335334,-0.007017877977304465,0.1520639568973312
Philippines,PHL,1998,hamilton,0.05568338291038888,-0.03209779891366941,-0.038555812936220235,-0.03403929998422761,-0.021888134188882802
Philippines,PHL,1999,hamilton,0.2093301223211359,0.021805558624859764,-0.05300330597816405,-0.045272354397880576,-0.2447251463008815
Philippines,PHL,2000,hamilton,0.13548290367257643,0.03538468497836478,0.031421654621487605,0.017462907941469652,-0.1755004933613442
Philippines,PHL,2001,hamilton,0.006222500771072781,-0.026675288855074218,0.007088935956875986,0.01420641914165266,0.1522492058864806
Philippines,PHL,2002,hamilton,0.014796224861744811,-0.05525562932687371,-0.007143250659437328,0.017960160619557186,0.22763547774887272
Philippines,PHL,2003,hamilton,0.0456430470429785,-0.029321709284771236,0.02320640054634815,0.019369297242898043,0.042435973756866474
Philippines,PHL,2004,hamilton,0.07027087471713855,-0.0025260996815512984,0.04915660923938425,0.05188818223572689,-0.016120485344170987
Philippines,PHL,2005,hamilton,-0.052051719451778666,-0.007452572740375321,0.04158478723007697,0.045115008707451665,0.06212509866037408
Philippines,PHL,2006,hamilton,-0.12246817707409274,0.023942144136159495,0.020613405824292386,0.01962200941332526,-0.08013854276145871
Philippines,PHL,2007,hamilton,-0.09701638099921883,0.04098281816698999,0.05205934903865028,0.022398614211164514,-0.09433666390858342
Philippines,PHL,2008,hamilton,-0.13719290599926293,0.002608773149700424,0.040999515608485027,0.03379833553873901,0.1536063423365821
Philippines,PHL,2009,hamilton,-0.08720665822060969,0.009180967797244805,-0.01761247804442334,-0.0003643543003875038,-0.043257303677142644
Philippines,PHL,2010,hamilton,-0.04720875716381112,0.008495384710661025,0.03131419183378803,-0.023409108643470233,0.129581514395813
Philippines,PHL,2011,hamilton,-0.19873492790183622,-0.0316370099807618,0.0766643267700502,0.04526539824851916,0.3561389471043608
Rwanda,RWA,1980,quadratic,-0.05118653683079444,-0.050090357961712906,0.19463770098235145,0.18613591376644756,0.4547699520079984
Rwanda,RWA,1981,quadratic,-0.2577806809968215,-0.04836370280644191,0.2103559939476174,0.1421630508959293,0.25554498077435284
Rwanda,RWA,1982,quadratic,0.1313518282207431,-0.050096358606613337,0.19259875636369372,0.16400652020460882,0.5075190248947532
Rwanda,RWA,1983,quadratic,0.3496002524366473,-0.007317744646478219,0.2142635411380187,0.20789613044801314,0.23638137073197818
Rwanda,RWA,1984,quadratic,0.38444297560069085,0.02991285159442468,0.13100939750886909,0.08794823389921902,0.2895866313878326
Rwanda,RWA,1985,quadratic,0.006454319756753257,0.010083921369723303,0.12975051893255518,0.0787303818426448,0.36090131118575997
Rwanda,RWA,1986,quadratic,0.253744395234869,0.03105042422382169,0.1312267641971303,0.06853000191338232,0.25838395090486976
Rwanda,RWA,1987,quadratic,-0.44819030097530765,-0.005026804126570528,0.07466178056415984,0.04402212519525506,0.17177531411695313
Rwanda,RWA,1988,quadratic,-0.2629162514794121,0.006879076086371838,0.06835907359123716,0.04138039039233199,0.0717482049299818
Rwanda,RWA,1989,quadratic,-0.46260678948469236,0.012396092176698278,0.03609633828841474,0.03106993741727848,-0.05212766930362456
Rwanda,RWA,1990,quadratic,-0.5031186846391744,0.04645087658024413,0.00523446088935664,-0.018422525922511923,-0.010158359621243562
Rwanda,RWA,1991,quadratic,0.1689663629813456,0.026953172986056775,0.00483519363642948,-0.009546978808852913,-0.06803415700471227
Rwanda,RWA,1992,quadratic,-0.02309643265901684,-0.004237720816021667,0.1154068949966689,0.0737928961399863,0.13850170912217763
Rwanda,RWA,1993,quadratic,0.09526789776458422,-0.02724665953307165,0.09653611759144276,0.07272649942950515,0.17628354548348923
Rwanda,RWA,1994,quadratic,0.17001433282846268,-0.19133894113285554,-0.5537186755545243,-0.09266904288253741,-1.0027040485295888
Rwanda,RWA,1995,quadratic,0.3242381820270621,-0.013136668849954486,-0.2482774584660028,-0.1378304341345089,-0.4127414093690902
Rwanda,RWA,1996,quadratic,0.10193900153314583,-0.017123138214126865,-0.17994729065353887,-0.10006509327500446,-0.2849883540918068
Rwanda,RWA,1997,quadratic,0.3996353216566435,-0.0004395666293179612,-0.1427609451331353,-0.06407205827561313,-0.29664410476441283
Rwanda,RWA,1998,quadratic,0.17822270435518117,0.008467121817539586,-0.16674002194629267,-0.10941545839478373,-0.2591354908277079
Rwanda,RWA,1999,quadratic,-0.0461837673885821,0.009844659670497857,-0.19311847515720793,-0.15573976252694877,-0.4118450410646215
Rwanda,RWA,2000,quadratic,-0.03593937448041107,0.010427761722918705,-0.19074012695332598,-0.131783908332876,-0.3990795337665265
Rwanda,RWA,2001,quadratic,-0.10733599661782556,0.03257853442717795,-0.16299854461420082,-0.18908854053352897,-0.35079290625521686
Rwanda,RWA,2002,quadratic,-0.21002436715890394,0.015265940604669154,-0.0765552408735033,-0.069238589138223,-0.28824362953960403
Rwanda,RWA,2003,quadratic,-0.2411234159876985,0.035195838646469635,-0.09321384786279019,-0.1046471622447207,-0.28208615493626255
Rwanda,RWA,2004,quadratic,-0.1715541012198747,0.04665550629353449,-0.05602018422042754,-0.07740032324828938,-0.16721196703108987
Rwanda,RWA,2005,quadratic,0.08580880208930086,0.04105156215393371,-0.003976071994728159,-0.03613214907867146,-0.06933620724558587
Rwanda,RWA,2006,quadratic,0.05067357794791505,0.0333516527364473,0.038791089019792224,0.014506654828894128,-0.014701492118575743
Rwanda,RWA,2007,quadratic,-0.05148574935476802,0.029560726355181116,0.07036387854990522,0.02231469321355739,0.1354223721769987
Rwanda,RWA,2008,quadratic,0.1746183933188421,0.007117677194022398,0.132208283023159,0.05352858992196552,0.42577716323800097
Rwanda,RWA,2009,quadratic,0.06222386178352046,-0.03545405591790468,0.1480458200146657,0.12371451959014479,0.3914873526513425
Rwanda,RWA,2010,quadratic,0.03544977720844056,-0.05217401238404362,0.17307820852928124,0.1566150162681108,0.38905698271192257
Rwanda,RWA,2011,quadratic,-0.10010953747091467,-0.040134135675094273,0.2079376986292445,0.17059020584586726,0.444638273850396
Rwanda,RWA,1980,hp,-0.06034104041590371,-0.051508376292816876,0.06270556838008723,0.11897269152546208,0.1547250440860264
Rwanda,RWA,1981,hp,-0.2767704361765726,-0.04837362072103918,0.06617129132646227,0.06020669911128529,-0.057612200583280426
Rwanda,RWA,1982,hp,0.10651096392355175,-0.04976823546664988,0.04236032177625937,0.07203710972049393,0.1925978963407875
Rwanda,RWA,1983,hp,0.3262635362651398,-0.007648749148634906,0.06450624202356714,0.1114749351997606,-0.06821376598474593
Rwanda,RWA,1984,hp,0.372271669924678,0.028496123773398704,-0.011819472524456032,-0.0073026401838962585,0.006223059372770123
Rwanda,RWA,1985,hp,0.014153056710082268,0.007801935064496862,-0.00043526466285825904,-0.010781982504131093,0.10917264822746553
Rwanda,RWA,1986,hp,0.2853384600161766,0.028485743542747688,0.01878428287030154,-0.011656555082071307,0.04812908225540369
Rwanda,RWA,1987,hp,-0.39349650066969977,-0.007007535152100133,-0.015547271542898145,-0.02412439796507826,0.011176939443055645
Rwanda,RWA,1988,hp,-0.19359257005566377,0.006348161235390129,0.004075645946963746,-0.012768378029441863,-0.03314845250947407
Rwanda,RWA,1989,hp,-0.39086237844473937,0.0142501578584006,0.0007882713571856215,-0.007638616963205891,-0.09752663205207135
Rwanda,RWA,1990,hp,-0.44296606688017626,0.051630903379545345,0.0012682754692026066,-0.04063598477939401,0.005818588500673627
Rwanda,RWA,1991,hp,0.20561991695145032,0.036263456136066394,0.03388631235957362,-0.014521652310598654,0.010254423210232844
Rwanda,RWA,1992,hp,-0.015314299927722708,0.009354119532205052,0.1784469595748437,0.08689586602192101,0.27903696181112814
Rwanda,RWA,1993,hp,0.07328496569565868,-0.010237590086080633,0.1934941256922933,0.10498635544378665,0.37789728595362426
Rwanda,RWA,1994,hp,0.12200454928569293,-0.17288614082883655,-0.42574083990319167,-0.04080163192734432,-0.7450735996630016
Rwanda,RWA,1995,hp,0.25783876756765167,0.003779569827933621,-0.09693996613315115,-0.06758323692439028,-0.11182859904223008
Rwanda,RWA,1996,hp,0.02746613845227408,-0.004001686478662725,-0.013414959005862315,-0.013936299671215124,0.04625063920432382
Rwanda,RWA,1997,hp,0.32750576631178685,0.0073131443160156795,0.03126616162625773,0.03484555305454329,0.052861347445572804
Rwanda,RWA,1998,hp,0.11867912578159157,0.010001426458409401,0.007680698475356351,-0.001257033814891173,0.09701064428426953
Rwanda,RWA,1999,hp,-0.08634784514099536,0.0049620493827834955,-0.025119061385385777,-0.042692210513822104,-0.06077866449342295
Rwanda,RWA,2000,hp,-0.05456636360489853,-0.0005191294918711897,-0.035767505990794035,-0.018990025704740177,-0.06587812905262602
Rwanda,RWA,2001,hp,-0.10604076709938681,0.0164215184186223,-0.0271975778539435,-0.08205531300520263,-0.04869867194395461
Rwanda,RWA,2002,hp,-0.1936485831382404,-0.004740330637622608,0.03474751011789046,0.02635270893593855,-0.03029696811461413
Rwanda,RWA,2003,hp,-0.2166751280902135,0.013043679973004985,-0.010645598601923822,-0.025532803488566458,-0.080638686100027
Rwanda,RWA,2004,hp,-0.1462712607242933,0.024450729540369837,-0.0056799221479924,-0.01941517627282252,-0.03362355802379291
Rwanda,RWA,2005,hp,0.10662509453183144,0.02114690142172143,0.0114919739211512,-0.003290420910511571,-0.013168585984105974
Rwanda,RWA,2006,hp,0.0651217849210699,0.01811479957961551,0.017648745522265585,0.01902297436191347,-0.04338201161625044
Rwanda,RWA,2007,hp,-0.0429738529778092,0.021162860767716507,0.011664108354183966,-0.0038112643084957654,0.016732419670224985
Rwanda,RWA,2008,hp,0.17930784841307545,0.0073523196136739966,0.0356186973612882,-0.004881621410817161,0.2146163663517413
Rwanda,RWA,2009,hp,0.06731657787857248,-0.02538267321730267,0.013732037551989151,0.03209108199833466,0.08792685669805955
Rwanda,RWA,2010,hp,0.045490211073791365,-0.03172446848870847,0.001347668390822676,0.03161120049044541,-0.006445673976587685
Rwanda,RWA,2011,hp,-0.08093134035863692,-0.009173994299121663,-0.0008976599758145909,0.012479769656998485,-0.04284188078919371
Rwanda,RWA,1980,hamilton,,-0.0495523651772293,0.12484252328277101,0.1817967764604127,0.10500938198436671
Rwanda,RWA,1981,hamilton,,-0.07440124945837337,0.08673823281565873,0.0735833506467749,0.004404760130590546
Rwanda,RWA,1982,hamilton,,-0.03728559889333459,0.02375985624600041,-0.02803593635826296,0.19226368954310047
Rwanda,RWA,1983,hamilton,0.41344685565729034,0.033256106559048995,0.025358888920465006,0.06432143389050182,-0.09575633931910765
Rwanda,RWA,1984,hamilton,0.18766028483648522,0.0699979306896678,-0.05028871102767951,-0.07714621398859478,-0.09910629985197694
Rwanda,RWA,1985,hamilton,-0.40658172717731755,0.028717778517637738,-0.05742184881363954,-0.12713779258818114,0.020043280905330363
Rwanda,RWA,1986,hamilton,-0.20999058083296607,0.020141136209919225,-0.012371552351394755,-0.01765050083945674,-0.004253479468328436
Rwanda,RWA,1987,hamilton,-0.6196454428561355,-0.016155444062824292,-0.043936278711507626,-0.03588429452961073,-0.14923218181804465
Rwanda,RWA,1988,hamilton,-0.5602813219717326,-0.010578752865425742,-0.048867345639420634,-0.027550018320836145,-0.22141203803264276
Rwanda,RWA,1989,hamilton,-0.2500685690800286,0.006657891582624045,-0.04723874684835572,-0.012948081831449798,-0.25803872747603585
Rwanda,RWA,1990,hamilton,-0.3212651571957492,0.04279604778176571,-0.05726793564812738,-0.059299012102433935,-0.12787020758294254
Rwanda,RWA,1991,hamilton,0.4859369207314441,0.01685779027170052,-0.03548726924196011,-0.03904879819136653,-0.07952824382142865
Rwanda,RWA,1992,hamilton,0.3634961780999224,-0.03319547101547744,0.1035113721153671,0.09362335656635956,0.15347384964174715
Rwanda,RWA,1993,hamilton,-0.01680696978842544,-0.055748828979519424,0.09530794232557227,0.08370312403322622,0.20644282118173152
Rwanda,RWA,1994,hamilton,0.11725684001309311,-0.20062407404799892,-0.6159404856058064,-0.16114402528488725,-1.060312314225575
Rwanda,RWA,1995,hamilton,0.21929210563861812,-0.004360866995151119,-0.32730752789415263,-0.20095817514133607,-0.5709426851864681
Rwanda,RWA,1996,hamilton,-0.06669813360490107,0.07687819448852518,0.12042688321033879,-0.00048200809015419566,0.17547249708077395
Rwanda,RWA,1997,hamilton,0.1131258048559749,0.045345216685051676,0.16051108103828682,0.07552781793623886,0.3084928709233399
Rwanda,RWA,1998,hamilton,0.050761750372403824,0.012114127415038811,0.01742360243251362,-0.006566277344081328,0.04706286476293542
Rwanda,RWA,1999,hamilton,-0.3574878759072666,0.005529219230094196,-0.046254319728319615,-0.08510377985244233,-0.1490217546242274
Rwanda,RWA,2000,hamilton,-0.20915657942007915,-0.0030533220023140906,-0.037732079381235906,-0.014116247090717238,-0.15154590277415814
Rwanda,RWA,2001,hamilton,-0.06430782238194688,0.01552334811536607,0.014068579583303986,-0.026142698605575276,-0.03567773316867395
Rwanda,RWA,2002,hamilton,-0.12961491948112336,-0.0031326270318903227,0.10881218283801708,0.07047184281307572,0.07995893111135821
Rwanda,RWA,2003,hamilton,-0.09470176416252674,0.005087880142498835,0.0782349339611379,0.09341982361851109,0.055389767687819
Rwanda,RWA,2004,hamilton,0.07701572114983968,0.018945826221911904,0.0611309266425657,0.0036384803669591292,0.1179556170953937
Rwanda,RWA,2005,hamilton,0.3865886888491472,0.00709351016599874,0.10208690062733261,0.08518966362188429,0.18818963095980834
Rwanda,RWA,2006,hamilton,0.31649217136902585,-0.011747339795334183,0.13080466711287286,0.10984588885775182,0.1788299289351638
Rwanda,RWA,2007,hamilton,0.02128186506712737,-0.01624639010651041,0.1253567332640131,0.080133169008068,0.23153901154428347
Rwanda,RWA,2008,hamilton,0.2511761786835329,-0.034210918084920966,0.15153160369178664,0.06518709582114468,0.4543094474723066
Rwanda,RWA,2009,hamilton,0.23675138423022268,-0.07369942978605581,0.14065429558921316,0.13129977375091073,0.3180420447004195
Rwanda,RWA,2010,hamilton,0.06675297933591828,-0.07913453302040618,0.12471807128096479,0.13589691374787627,0.10096811542687156
Rwanda,RWA,2011,hamilton,-0.00042886502986050345,-0.04139936852713699,0.1368172230136775,0.08439153468056482,0.06134060728046897
Senegal,SEN,1980,quadratic,-0.057500071357805105,-0.07438571812090629,-0.005811891914486722,-0.042014249339542786,0.24502268413486128
Senegal,SEN,1981,quadratic,-0.009164995464105097,-0.1298270245700358,0.022963841243889505,-0.028906361595856467,0.6492639996059371
Senegal,SEN,1982,quadratic,-0.1448818137033525,-0.07786942556205198,0.07613416732340994,0.06329919667449602,0.4493520897465064
Senegal,SEN,1983,quadratic,-0.16707659595517743,-0.08635759474827688,-0.002436584095665495,0.030057755157828936,0.3441356917729852
Senegal,SEN,1984,quadratic,-0.012718503666468095,-0.07100567756824565,0.009267008121822684,0.04405761889411508,0.2998280142615535
Senegal,SEN,1985,quadratic,0.0071707587203668766,-0.029992334804846366,0.015483467558393471,0.03794400475419657,0.1590012177059581
Senegal,SEN,1986,quadratic,0.06876922025158017,0.006565751422941135,0.019090446288995366,0.06831180445563945,-0.24801346606842856
Senegal,SEN,1987,quadratic,0.05929139753442847,0.011243912492907446,0.05026727716184176,0.05693599122900217,-0.016847547408485042
Senegal,SEN,1988,quadratic,0.059354065392009936,0.021382938680687483,0.015555284578162798,0.05766352585593992,-0.37103825991485806
Senegal,SEN,1989,quadratic,0.10381804370915049,0.032713843564074946,0.025158554709097558,0.0801518283804139,-0.5410840080783981
Senegal,SEN,1990,quadratic,0.12073565935711983,0.035074357985133545,-0.011522985933595464,0.04049095799926228,-0.6230724415777047
Senegal,SEN,1991,quadratic,0.13222329686094803,0.028335203070985887,-0.01671340636278451,0.04067982243685542,-0.49048949665889907
Senegal,SEN,1992,quadratic,0.15415595786913894,0.027501493104679767,-0.03524307863343701,0.027236969075568496,-0.527922463349654
Senegal,SEN,1993,quadratic,0.13988698208643413,0.025399684582530183,-0.05333898126649039,0.03875231027168269,-0.6375431010990749
Senegal,SEN,1994,quadratic,-0.06576322817534574,0.04775559400398392,-0.08431285850454628,-0.009802065935774706,-0.5832893842563571
Senegal,SEN,1995,quadratic,0.11601155044637412,0.057493771431334106,-0.06246636284751794,-0.018670687919051687,-0.3784926529995989
Senegal,SEN,1996,quadratic,0.1966132680384236,0.06763990078226481,-0.07246807534531641,-0.023708951937081224,-0.5558829613935075
Senegal,SEN,1997,quadratic,-0.05116908417520083,0.0665361771353353,-0.07137224369430051,-0.05431026922363813,-0.34085896631781054
Senegal,SEN,1998,quadratic,0.00547573659409295,0.06497829901574444,-0.04393280927417642,-0.028353179267575968,-0.2823281519789873
Senegal,SEN,1999,quadratic,-0.09599411685800163,0.06194030125824826,-0.01305764289723399,-0.03505669732258099,-0.12485227601395721
Senegal,SEN,2000,quadratic,-0.20749302128891323,0.042520390557270235,-0.01340152503590808,-0.037343929797108544,-0.0062868343934638915
Senegal,SEN,2001,quadratic,-0.19068199506254224,0.04715806918605482,-0.001689447263377275,-0.005568640548721859,-0.1157054009779408
Senegal,SEN,2002,quadratic,-0.1776753979888479,0.03941306134422255,-0.02933609695080186,-0.0151475811272892,-0.22523389436103436
Senegal,SEN,2003,quadratic,-0.1423114947859503,0.022582122848558553,3.163537860473298e-05,-0.018872263498085573,-0.013311166965259247
Senegal,SEN,2004,quadratic,-0.11537007587511905,0.014791363303610361,0.021509475735372874,0.0011447500241672515,-0.005282163130269524
Senegal,SEN,2005,quadratic,-0.09152276939369575,-0.011867352336451364,0.03982256670501094,-0.015457260149572605,0.35334041251305237
Senegal,SEN,2006,quadratic,-0.03218856967579775,-0.02621809910162018,0.02780870333820218,0.006862490010835387,0.2811603628883148
Senegal,SEN,2007,quadratic,-0.013507481380361952,-0.07557830537066862,0.0376783875447515,0.031604840543431933,0.372794377218284
Senegal,SEN,2008,quadratic,0.022240061504599673,-0.11310992788742694,0.035951100289684845,0.08004180605761135,0.33927082887758253
Senegal,SEN,2009,quadratic,0.04952010388953543,-0.027088687338510165,0.018016690389920598,0.0008511284255696694,0.23402705613500707
Senegal,SEN,2010,quadratic,0.11837736927424913,-0.020052756911898506,0.01938617353357941,-0.026195955541883365,0.2667594274219578
Senegal,SEN,2011,quadratic,0.2213757432781449,-0.029549932494675857,0.005742789584365582,-0.052903582097092894,0.301370641814664
Senegal,SEN,1980,hp,0.026457718960308796,-0.024473566255110657,-0.03466069699130614,-0.040161019286772515,-0.09729043225353173
Senegal,SEN,1981,hp,0.059800488104304605,-0.07759496656790067,-0.005697628747061145,-0.03782595719175319,0.3457305132005857
Senegal,SEN,1982,hp,-0.09238034590850042,-0.026526149674944238,0.04840467587186126,0.043960693022699004,0.19768560107384126
Senegal,SEN,1983,hp,-0.13337343502838284,-0.0391308843561842,-0.02825276325099857,0.001423274857314638,0.15833058924424215
Senegal,SEN,1984,hp,-8.6719313795669e-05,-0.03087714968302685,-0.013901881435907981,0.007579500236262859,0.1928088509388175
Senegal,SEN,1985,hp,-0.002146947468425253,0.0006938687733304139,-0.004268983923278569,-0.004610239834001106,0.14103940540972637
Senegal,SEN,1986,hp,0.03801973248583934,0.026411735602428696,0.003697771353268209,0.021688325497345673,-0.17122774526864326
Senegal,SEN,1987,hp,0.009045129562794685,0.01979109020284625,0.04039459707260917,0.008535650992458343,0.1543842647517497
Senegal,SEN,1988,hp,-0.007416886332784145,0.018847913514981343,0.012542719753115605,0.009847295709620951,-0.10994114448212855
Senegal,SEN,1989,hp,0.024441148469983354,0.019790498879362572,0.030122181712314955,0.03526392145947632,-0.2005255664610459
Senegal,SEN,1990,hp,0.03369237349174714,0.012745377765638874,0.0021834384108387894,0.0007603562484774784,-0.218180428418691
Senegal,SEN,1991,hp,0.04322957442221664,-0.0023258330602757005,0.0058517279675633915,0.007867637396003602,-0.03911018849166403
Senegal,SEN,1992,hp,0.06936723033965642,-0.010454577454198213,-0.004375848924828674,0.002628838316971027,-0.04843885431393069
Senegal,SEN,1993,hp,0.06546586263434229,-0.018827698728075826,-0.015457315319306275,0.023079721026226352,-0.1484838010559706
Senegal,SEN,1994,hp,-0.12434061699976429,-0.0016281344161819117,-0.04139170150125615,-0.016388065161802245,-0.10284423024521416
Senegal,SEN,1995,hp,0.07741286555570781,0.004348188497337299,-0.01701337286019644,-0.016830284554245623,0.07697212877256021
Senegal,SEN,1996,hp,0.18203051731338604,0.01242275822788836,-0.02710970632062093,-0.01474968869329274,-0.1389127249325952
Senegal,SEN,1997,hp,-0.038570542232493565,0.011190092266779757,-0.028683611724890312,-0.04001874125044047,0.026184883606628517
Senegal,SEN,1998,hp,0.0457287528037682,0.011573983969680582,-0.006166595535491481,-0.01084753726532206,0.02682892928010361
Senegal,SEN,1999,hp,-0.02991991626270263,0.012564662079149386,0.018142742469745343,-0.01638646012990108,0.12166726471120626
Senegal,SEN,2000,hp,-0.12019468519794341,-0.0008392126422845925,0.01026055880820742,-0.019381509018268517,0.17578571489668526
Senegal,SEN,2001,hp,-0.0892211322118337,0.01157666952593732,0.013951371471831564,0.010154524047683466,0.0018353542964870684
Senegal,SEN,2002,hp,-0.07037623010833549,0.013155232357172683,-0.02181260293349574,-0.002660325556060883,-0.17234294451161958
Senegal,SEN,2003,hp,-0.03786864527744349,0.006860664546684284,-0.0004108646686837858,-0.01018432810940162,-0.02523959632170225
Senegal,SEN,2004,hp,-0.022144807511222275,0.010354956253925574,0.013717828568465151,0.00592979901388091,-0.08052767839984121
Senegal,SEN,2005,hp,-0.017164297865033262,-0.004802753657493941,0.025768244301806575,-0.014116975553207567,0.21820436765987772
Senegal,SEN,2006,hp,0.016587384484096468,-0.008072815870668104,0.008910624234699682,0.005718522451379826,0.09228988460185938
Senegal,SEN,2007,hp,0.004075373012968342,-0.04736090688089484,0.015430234486602856,0.02958069305313238,0.13689305779307226
Senegal,SEN,2008,hp,0.003958498024473123,-0.07633650338982331,0.011832213989860563,0.07932792562437818,0.06266685790631854
Senegal,SEN,2009,hp,-0.008398685010171825,0.016690763026921573,-0.0066622328161667355,0.003928529869712705,-0.0786957100693435
Senegal,SEN,2010,hp,0.01790747298935802,0.029912173326248098,-0.004829056760813799,-0.01734896882389414,-0.07986927956132917
Senegal,SEN,2011,hp,0.07638377007309138,0.0263424781356916,-0.017205362169670835,-0.03685070343132857,-0.07853519625152927
Senegal,SEN,1980,hamilton,,-0.034902505527727654,-0.027011917871487157,-0.04949104237248214,0.0009527659560646384
Senegal,SEN,1981,hamilton,,-0.11070799247406708,-0.02350847190560934,-0.06233333958664744,0.5032276298408291
Senegal,SEN,1982,hamilton,,-0.015089044569300047,0.057071333773539124,0.07185652446625035,0.19987839672232077
Senegal,SEN,1983,hamilton,-0.10405609114040537,0.021635990912195535,-0.03253283635618054,0.0257576961954058,-0.23467636982326034
Senegal,SEN,1984,hamilton,0.10779314998882672,-0.00031135179889726916,-0.060042773580757824,-0.033859273292902614,-0.11708911832449864
Senegal,SEN,1985,hamilton,0.18584965747744953,0.043745402905916234,-0.009054718494757807,-0.008349857553888285,-0.16522938595512215
Senegal,SEN,1986,hamilton,0.16331238784406654,0.06844088228029255,-0.0008915049975879441,0.009989791217417832,-0.5308100549412025
Senegal,SEN,1987,hamilton,0.08359489584956847,0.04027676179917612,0.025155366983669936,0.005250714287514668,-0.17999708417453064
Senegal,SEN,1988,hamilton,0.0375938833569629,0.01956293183994648,-0.012017987129587127,-0.017530575169256934,-0.1951108075170893
Senegal,SEN,1989,hamilton,0.06181490859408445,0.02471013643292337,-0.022681051115148065,0.017101720498306605,-0.5453204667520186
Senegal,SEN,1990,hamilton,0.07842017383204336,0.018474308776537274,-0.03985537472323486,-0.021848621849885674,-0.33674622397954757
Senegal,SEN,1991,hamilton,0.06056642903097664,0.0019236519263826635,-0.045038652451220074,-0.03772769285896693,-0.05636488895092029
Senegal,SEN,1992,hamilton,0.05298707479704046,-0.001915186459521434,-0.0393031129654382,-0.015768200785730713,-0.02074257283006098
Senegal,SEN,1993,hamilton,0.02212878681262076,0.0004473589977780218,-0.04703670135424254,-0.0036377722538603052,-0.23437807031788438
Senegal,SEN,1994,hamilton,-0.20424801570736228,0.02324995519708216,-0.06336188924167274,-0.03848765995346426,-0.14784260733338783
Senegal,SEN,1995,hamilton,-0.02621408606062925,0.03407939167660093,-0.025049636724785884,-0.05418941104499986,0.1507266301726986
Senegal,SEN,1996,hamilton,0.17357897315269089,0.026652859853235948,-0.009978812613047339,-0.01612490772746078,-0.066189759808017
Senegal,SEN,1997,hamilton,-0.10917570797507015,0.01628539283436977,-0.016856857088553667,-0.038183234954242806,-0.016353081797236158
Senegal,SEN,1998,hamilton,-0.16839067108667383,0.005852610599073715,0.016011042502713124,-0.004712360771296886,0.1880298131427125
Senegal,SEN,1999,hamilton,-0.1607183866518458,0.0025357259928462383,0.049806327349978474,0.017184037097504046,0.17511078634111144
Senegal,SEN,2000,hamilton,-0.22037873428977584,-0.01618976231321778,0.03335004654812934,-0.0031219551423866676,0.2460217325565548
Senegal,SEN,2001,hamilton,-0.1701084594618152,-0.009697672393261247,0.022861144686970647,0.03986431657022571,0.010026290128147153
Senegal,SEN,2002,hamilton,-0.06123996186634084,-0.0029561529169985085,-0.0066449293919284,0.03668963230581568,-0.1955996783650935
Senegal,SEN,2003,hamilton,-0.0002631320887660493,-0.02281905142212004,0.017624730480667594,0.012298619881878636,0.10754955889691509
Senegal,SEN,2004,hamilton,0.008372465485624758,-0.02549069446981808,0.0584681611031268,0.04687698985494393,0.2100428459429846
Senegal,SEN,2005,hamilton,0.0023451124716915572,-0.03938192887514565,0.06425978321247072,0.0384705485890251,0.39971040105831257
Senegal,SEN,2006,hamilton,0.028546921072585718,-0.047384915672716965,0.0365890668366422,0.050321220980169556,0.3211432765318296
Senegal,SEN,2007,hamilton,0.018815525024051816,-0.076444820218628,0.034197252412043966,0.09552430788654753,0.12192878589324252
Senegal,SEN,2008,hamilton,0.006778651037151029,-0.10205610666625567,0.04094080933681887,0.13155060114736195,0.14564645111955166
Senegal,SEN,2009,hamilton,-0.0031635148773911936,0.022021456731763533,0.02157829064102934,0.040022764201200545,-0.03061297102827254
Senegal,SEN,2010,hamilton,0.03316237406257461,0.05999693389584668,0.02608012344930799,-0.01814480218297021,0.03135035795354746
Senegal,SEN,2011,hamilton,0.10229539131605847,-0.013861148901541137,0.028179346802360783,0.028498894533131036,0.15567578920540903
South Africa,ZAF,1980,quadratic,0.0821463301537273,0.051390879581343564,0.10478406874405799,-0.06436689478982416,0.38217025813652405
South Africa,ZAF,1981,quadratic,-0.02944187317497171,-0.060552034170170285,0.12590115180395856,0.07486009437987029,0.5223880852959812
South Africa,ZAF,1982,quadratic,-0.1365886582946585,-0.04215754743412753,0.09052848952360648,0.13267830260186741,0.2077500219856443
South Africa,ZAF,1983,quadratic,-0.10859727617289483,0.0014163882754387735,0.04011879485113923,0.015424618975359294,0.15401097791978913
South Africa,ZAF,1984,quadratic,-0.03441938611203543,-0.01774588747589326,0.05808839184722636,0.04241742663606729,0.1896477415772324
South Africa,ZAF,1985,quadratic,-0.001118970752262527,0.0532266745098175,0.014441179602897591,-0.0607401411731221,-0.040190787935470595
South Africa,ZAF,1986,quadratic,0.03487873704028921,0.05067960022272591,-0.01619689980628003,-0.07415126442491093,-0.13791399607483257
South Africa,ZAF,1987,quadratic,0.07487173169175776,0.06145086744889756,-0.025207261135111736,-0.05112236104148771,-0.32720644135327426
South Africa,ZAF,1988,quadratic,0.0774827597588299,0.029642018555624462,-0.012447574368872338,-0.03962236029380506,-0.07564643149190253
South Africa,ZAF,1989,quadratic,0.03428099657434114,0.018746976520773485,-0.015315922822670913,-0.05253838061427274,-0.02092333451091477
South Africa,ZAF,1990,quadratic,0.027024282341531425,0.01995752932114861,-0.04272724826061847,-0.037851876488094405,-0.20167505559304466
South Africa,ZAF,1991,quadratic,0.03958826402872084,0.008197370152246385,-0.07711848619377903,-0.05033670428469783,-0.24565325646070235
South Africa,ZAF,1992,quadratic,0.01491828671697526,0.005621514777279242,-0.122804034704318,-0.058186876079464156,-0.4469335107519825
South Africa,ZAF,1993,quadratic,0.02477993558345215,0.011990866482500976,-0.13455437060323305,-0.0742031975566757,-0.4785393298200393
South Africa,ZAF,1994,quadratic,0.05708745311271457,-0.0075335729630243604,-0.126663861062978,-0.07151492743622434,-0.296157980320217
South Africa,ZAF,1995,quadratic,0.041443173513071585,-0.019694998582452997,-0.119848473948716,-0.03742019310632827,-0.20462454337482505
South Africa,ZAF,1996,quadratic,0.049062591117599474,-0.010183999418553845,-0.10185408096118564,-0.036175186323609054,-0.22575131736081921
South Africa,ZAF,1997,quadratic,0.033162783078055647,-0.011760206920653198,-0.10020656614104873,-0.02540119708204358,-0.25207693784240703
South Africa,ZAF,1998,quadratic,-0.0007775688643691936,-0.010195606831342373,-0.11982693590197258,-0.04876826929603162,-0.23921131991049727
South Africa,ZAF,1999,quadratic,-0.03164029183282757,0.00465848036033625,-0.12160519050162044,-0.06428520945091343,-0.26713632948771604
South Africa,ZAF,2000,quadratic,-0.0651548181626449,0.01039117862028966,-0.1062898883483232,-0.04920730187320821,-0.2695195698937738
South Africa,ZAF,2001,quadratic,-0.06803502866091371,0.022690786815710785,-0.10006357094746221,-0.059174971187006875,-0.29164904082917076
South Africa,ZAF,2002,quadratic,-0.0619378975773186,0.02389248399272901,-0.07780163998420875,-0.058111777041933266,-0.22050642927454156
South Africa,ZAF,2003,quadratic,-0.04650797530434403,0.012854127927906977,-0.06111026082817439,-0.044750440192927954,-0.14398990975931447
South Africa,ZAF,2004,quadratic,-0.05649442239139013,-0.009476076317108418,-0.027711609193463715,-0.002349595209834021,-0.01658114316822079
South Africa,ZAF,2005,quadratic,-0.10810920038341365,-0.008657493391634203,0.013345887309142768,0.03326439941797865,0.030203135446345897
South Africa,ZAF,2006,quadratic,-0.03300490935688227,-0.02703617826472677,0.0579790750341278,0.06931310555421355,0.17931960438295924
South Africa,ZAF,2007,quadratic,-0.03347372101534507,-0.03071645548372848,0.10265866556177805,0.09788222475564368,0.3139441230584623
South Africa,ZAF,2008,quadratic,0.02552616299355215,-0.02983824842641135,0.12914218701704883,0.09700080202764383,0.3943953498069437
South Africa,ZAF,2009,quadratic,0.051175450373249554,-0.0016270863013267672,0.10520681710897328,0.04225350915739945,0.2558055778777195
South Africa,ZAF,2010,quadratic,0.049655520319407565,0.008918521413258489,0.12280440225250011,0.03477391150584097,0.2745978245599936
South Africa,ZAF,2011,quadratic,0.0982175396589442,0.007475879776314845,0.14466524368247669,0.04535724588725287,0.33323658089279107
South Africa,ZAF,1980,hp,0.128274682922906,0.04805175644010881,0.022229846153635435,-0.08482483452583978,0.12982965549695358
South Africa,ZAF,1981,hp,0.007227013435552543,-0.06679871331298753,0.0512174470060085,0.06084160259333338,0.29921631934657533
South Africa,ZAF,1982,hp,-0.1088064579225394,-0.05146813215372302,0.02615508932206545,0.12536269241101827,0.0239957402448141
South Africa,ZAF,1983,hp,-0.09048399908251703,-0.011351919947870943,-0.01171963163757539,0.016024752536715425,0.017859694890523414
South Africa,ZAF,1984,hp,-0.02702422173110186,-0.03408852416005624,0.02053293960699598,0.05184196769232763,0.10698188134464282
South Africa,ZAF,1985,hp,-0.004853220902010236,0.03358383657693784,-0.0074427701175689975,-0.04204697481843844,-0.06597048865306121
South Africa,ZAF,1986,hp,0.020511900362393476,0.028742305664142362,-0.021585620396157523,-0.046728120584390354,-0.10695830673933493
South Africa,ZAF,1987,hp,0.051325798521037136,0.03862063993272976,-0.013767399942858916,-0.016070283395640317,-0.24255793272030246
South Africa,ZAF,1988,hp,0.04696276315977066,0.007428737738457522,0.015879703501745723,0.0018624928147854547,0.057830107456622315
South Africa,ZAF,1989,hp,-0.0007697453446162683,-0.0016173283516694031,0.02982076286664892,-0.0057513222136460485,0.15711980687214044
South Africa,ZAF,1990,hp,-0.01034522937652671,0.0023220918509065033,0.0188451955968425,0.013153780277589178,0.016698320369842534
South Africa,ZAF,1991,hp,0.0018883128981590502,-0.00616527296304796,-7.778223831600428e-05,0.003908420384934885,0.0072678481849202115
South Africa,ZAF,1992,hp,-0.021243966279931747,-0.005283592453559249,-0.032044869096520046,-0.0017084753038982825,-0.1669603045668122
South Africa,ZAF,1993,hp,-0.008115557703057164,0.0044305039720181,-0.03260806434192176,-0.016563858013945776,-0.1807954489664514
South Africa,ZAF,1994,hp,0.029261144806724815,-0.012106678686324628,-0.016522809009160255,-0.013836047252812733,0.009958951648386005
South Africa,ZAF,1995,hp,0.0206429947281368,-0.021927337260536653,-0.004640064182177994,0.019293407383694117,0.10215957396277808
South Africa,ZAF,1996,hp,0.03710739421659781,-0.01088999581531661,0.01532453330960415,0.018823252403896262,0.07558628789066901
South Africa,ZAF,1997,hp,0.031526898298928074,-0.011702947449315177,0.015921734938658005,0.02719420200492273,0.03827103041912139
South Africa,ZAF,1998,hp,0.008664592649217262,-0.009977939596294876,-0.007846075528641805,0.0006099839394373419,0.03441859612957998
South Africa,ZAF,1999,hp,-0.011392214905778353,0.0047109750380238125,-0.017104725519308417,-0.019336378630882223,-0.016520881532414933
South Africa,ZAF,2000,hp,-0.035490467677969484,0.01032996759883277,-0.012760139855737762,-0.010304440224944145,-0.04912719247970365
South Africa,ZAF,2001,hp,-0.03134763530197304,0.02289727438222958,-0.02098117920217213,-0.02814553187291402,-0.10943531419059305
South Africa,ZAF,2002,hp,-0.021269376178220334,0.024974712187259912,-0.01650196300410478,-0.03689107522823676,-0.08468263949872679
South Africa,ZAF,2003,hp,-0.005235448496918593,0.015417803799580453,-0.020577562599434884,-0.03510019773094797,-0.06192869564463166
South Africa,ZAF,2004,hp,-0.018117526843406395,-0.005077327831940495,-0.01041404004052282,-0.005489029883699814,0.006030330170849751
South Africa,ZAF,2005,hp,-0.07619773231361648,-0.0024763075073943284,0.005662066349605865,0.01700957586864682,-0.010017536464330234
South Africa,ZAF,2006,hp,-0.01101764926655413,-0.01948067706829244,0.02439363261360228,0.040565577733143954,0.0751288400870429
South Africa,ZAF,2007,hp,-0.02399645636517267,-0.022525484859358222,0.04302077935642146,0.05804297785122969,0.14698995194509124
South Africa,ZAF,2008,hp,0.02089081427614481,-0.02188657128506178,0.04382650740155292,0.047843466035619286,0.1674778017463172
South Africa,ZAF,2009,hp,0.032048004457751134,0.005299872267940925,-0.0053167406370011605,-0.01465607089768639,-0.028151872477002016
South Africa,ZAF,2010,hp,0.016670719329451522,0.01434353985612923,-0.012800118513338177,-0.02900828721928761,-0.06502738667016672
South Africa,ZAF,2011,hp,0.052703871627737264,0.01117694135054023,-0.016183157755291333,-0.024957605037464248,-0.061954064303881395
South Africa,ZAF,1980,hamilton,,0.05328996810685836,0.045792544739253316,-0.07828707142509117,0.2745385451865303
South Africa,ZAF,1981,hamilton,,-0.06792508399300619,0.05694751077825799,0.11093838324873495,0.3672807804485565
South Africa,ZAF,1982,hamilton,,-0.039144845911839594,-0.021944968532297437,0.1614640962627032,-0.07912216866750832
South Africa,ZAF,1983,hamilton,-0.0818713504534676,0.04897602528559132,-0.08062394676877815,-0.07135069464549737,-0.23036989266116237
South Africa,ZAF,1984,hamilton,0.10879535421751374,0.0015225410122955071,0.0037670929252549,-0.07627338973991726,0.05745846316442105
South Africa,ZAF,1985,hamilton,0.05514935752333816,0.057136947872655025,0.011784913520184404,-0.07249251406892654,-0.15461199642938617
South Africa,ZAF,1986,hamilton,-0.004920939343268316,0.07004303298759865,-0.07742391496828915,-0.11989947839124149,-0.28544052480447135
South Africa,ZAF,1987,hamilton,0.021895653537550075,0.04698875369170032,-0.010092010565481147,-0.005164142528208515,-0.2960799350404031
South Africa,ZAF,1988,hamilton,-0.011396320256092274,0.0284482283044308,0.019741346597015763,0.008036497216599159,0.012858226939270523
South Africa,ZAF,1989,hamilton,-0.09547397897444121,0.011840887881748079,0.010604089752890289,-0.02406229993951392,0.20507831654779096
South Africa,ZAF,1990,hamilton,-0.08512538236327494,0.02754180767271727,-0.04101726843163789,-0.014805140948912054,-0.18620465075622405
South Africa,ZAF,1991,hamilton,-0.0023965372162724208,0.01370193231428789,-0.06256280001616688,-0.013352929334951469,-0.2571978351214721
South Africa,ZAF,1992,hamilton,-0.032377378899952625,0.007665095065249556,-0.06960375258353757,-0.03321837062319766,-0.3172507405498912
South Africa,ZAF,1993,hamilton,-0.041792926036896105,0.018125828862264184,-0.0484983055569721,-0.035263870387195695,-0.3303851009952403
South Africa,ZAF,1994,hamilton,0.03665771373130955,-0.0035943516740344038,0.0042261164970884835,-0.025474194994314914,0.0018185460057011937
South Africa,ZAF,1995,hamilton,-0.0022881459796195713,-0.02012873016411512,-0.0013565486242903546,0.023146920801575988,0.10048097837598569
South Africa,ZAF,1996,hamilton,-0.03656503601513794,-0.002584819405555666,-0.0025636794900929516,0.02225921765977823,-0.0673513860921453
South Africa,ZAF,1997,hamilton,-0.011468304081443392,-0.003989382761350061,-0.005813153283430239,0.006469543673118139,-0.1550199307022293
South Africa,ZAF,1998,hamilton,-0.061588741745009834,-0.010103188364089542,-0.047501689235387445,-0.012265008350194506,-0.12284786537015435
South Africa,ZAF,1999,hamilton,-0.062490097978955994,0.005565480221018167,-0.04013144863638729,-0.03477286773496324,-0.1355783489490836
South Africa,ZAF,2000,hamilton,-0.04940394808331838,0.008703728468958762,0.004855125076058897,0.003199433584589073,-0.15363759043615488
South Africa,ZAF,2001,hamilton,-0.018649921371805434,0.0133141000325563,0.0006546007406385002,0.005777987944966867,-0.1572316117046917
South Africa,ZAF,2002,hamilton,0.02637998107289352,0.012977131766961983,-0.001050167106832589,-0.0055496698660437715,-0.09037671898994581
South Africa,ZAF,2003,hamilton,0.03287430739775843,-0.004091524552810831,0.01608601867628323,0.019941104223333284,-0.0012000888440848456
South Africa,ZAF,2004,hamilton,0.014056668550410656,-0.026688287771669726,0.02041154739230322,0.062436742056998895,0.06508839745513306
South Africa,ZAF,2005,hamilton,-0.05662882121981028,-0.023089934020217195,0.05095332150910714,0.08900021441000128,0.05304797900779157
South Africa,ZAF,2006,hamilton,0.04212226836638777,-0.03624730085978355,0.05685717495999221,0.09286216742086673,0.10415756241768825
South Africa,ZAF,2007,hamilton,0.11691884296620092,-0.04655221386156376,0.06237995171061783,0.09818348286344758,0.2066622715608979
South Africa,ZAF,2008,hamilton,0.03968517550421691,-0.0401336474756186,0.04938344467495526,0.07296660040007374,0.16988282580395264
South Africa,ZAF,2009,hamilton,0.10116349891354837,-0.016111076956822987,-0.01183180790908267,0.00026846306899130923,-0.06761630143574493
South Africa,ZAF,2010,hamilton,0.010784071605398182,-0.00909168662197514,-0.004829593261844067,-0.0011020161062695877,-0.10696337764801456
South Africa,ZAF,2011,hamilton,0.04795493663219563,-0.024794591412446727,0.06855155240750577,0.05784629750264436,0.05916326734767985
Sudan,SDN,1980,quadratic,-0.20838806833913726,-0.05781682901047594,0.05036470661413528,0.05061835256151159,0.016967222897251055
Sudan,SDN,1981,quadratic,-0.016337184574151564,-0.07659046443971387,0.08286262197459049,0.07955665795291633,0.3598594059881459
Sudan,SDN,1982,quadratic,-0.04371048738272609,-0.08294190401221369,0.09995277274639935,0.14266707292667213,0.38407474459731406
Sudan,SDN,1983,quadratic,-0.013619404295695858,-0.03712170456430809,0.07904398699213644,0.12877288547015286,0.1440017938196374
Sudan,SDN,1984,quadratic,0.012567118348744799,-0.00036537884759385575,-0.013002577895098177,0.0757327495354767,-0.4726246057558652
Sudan,SDN,1985,quadratic,0.0348490805505941,0.02448077285989398,-0.11720205376826787,-0.09071606942170263,-0.4533572492554794
Sudan,SDN,1986,quadratic,0.05322648230985294,0.04765413884512054,-0.10227575089397867,-0.18663081286040928,-0.010252186021191712
Sudan,SDN,1987,quadratic,0.06769932362652131,0.02305690878116648,-0.006130952805983192,-0.05568315103522714,0.14383797105680607
Sudan,SDN,1988,quadratic,0.07826760450059833,0.041074286831740706,-0.046309894076643765,0.08245025559373254,-1.1398360081393593
Sudan,SDN,1989,quadratic,0.08493132493208488,0.03735913272009299,0.0010134570407407395,0.12596524777182339,-0.9105016378729371
Sudan,SDN,1990,quadratic,0.08769048492098097,0.04860238134129814,-0.09569605419525029,-0.030697807584854964,-0.24201635223550522
Sudan,SDN,1991,quadratic,0.08654508446728659,-0.0038196553674847283,-0.06613260357029471,-0.02428886043059464,0.14350819160598727
Sudan,SDN,1992,quadratic,0.08149512357100175,-0.014473491748530007,-0.04734457540237358,-0.007621566333340546,0.3174678244306537
Sudan,SDN,1993,quadratic,0.07254060223212644,0.04240468159783921,-0.049331028454463244,-0.09238864597430396,0.42972892881737446
Sudan,SDN,1994,quadratic,0.059681520450659775,0.0207372636398128,-0.08726168631093856,-0.030099130310242472,0.14917281030436058
Sudan,SDN,1995,quadratic,0.04291787822660176,0.0212946613876148,-0.07792089076323272,0.014880433587811659,-0.07468302475792221
Sudan,SDN,1996,quadratic,0.022249675559954163,-0.014276103364375903,-0.07031573211621112,0.0899278127693135,-0.2207765073826966
Sudan,SDN,1997,quadratic,-0.0023230875492847858,-0.010429669098492807,-0.020854115306947918,0.10153554715972657,0.029543150441901034
Sudan,SDN,1998,quadratic,-0.030800411101113312,-0.025906781909379437,-0.030562120090357858,0.08354391432467612,0.11122001720873342
Sudan,SDN,1999,quadratic,-0.06318229509553319,-0.034463436514675976,-0.052579489446627825,0.0922966076269125,-0.018628551174054486
Sudan,SDN,2000,quadratic,-0.09946873953254354,0.07326043200176402,-0.025298274904827167,-0.1695298195939925,0.3544295508023598
Sudan,SDN,2001,quadratic,-0.2278881866088991,0.030091828491410847,-0.019160957156305614,-0.10206684697221924,0.2930067191025385
Sudan,SDN,2002,quadratic,-0.29573366087302855,0.005393495650869877,-0.02128526256999308,-0.08854413829174046,0.31221117929723885
Sudan,SDN,2003,quadratic,-0.2342707612301993,0.010764324137254751,-0.007677288397286652,-0.1096991030951262,0.2773123644590063
Sudan,SDN,2004,quadratic,-0.1318565442273698,0.006245581095631201,-0.014785795328407403,-0.19484977283796123,0.2995049512621968
Sudan,SDN,2005,quadratic,0.07632881470874153,-0.06781018279320009,-0.012297153651159576,-0.020914671369981264,0.19241915916075847
Sudan,SDN,2006,quadratic,0.14850307151301134,-0.06301099568701511,0.033821694315893325,0.0020777466104799913,0.20083066337571154
Sudan,SDN,2007,quadratic,0.12203575057291882,0.0023825305285926513,0.06799532037341471,-0.043261139951908056,0.10814837173005731
Sudan,SDN,2008,quadratic,0.276914440140553,0.05341331942688244,0.07008052290854216,-0.023279351651217084,-0.08348771659178578
Sudan,SDN,2009,quadratic,-0.11340886330142119,-0.04590695608429186,0.06299814073377252,0.12504652562642438,-0.1817601138618743
Sudan,SDN,2010,quadratic,-0.001580032356581107,0.016921054946833318,0.04642154146224087,0.07763650146414403,-0.34836884457237627
Sudan,SDN,2011,quadratic,0.07412434583554806,0.00473550246818134,0.025735205183643473,0.10465874779522988,-0.5203335844554173
Sudan,SDN,1980,hp,-0.07919727324928338,-0.025500344262804675,-0.031115004328867713,-0.028427260289470624,-0.04680410342482011
Sudan,SDN,1981,hp,0.07061924993676438,-0.0462066581992608,0.014287144158811493,0.0037861258311613355,0.3358553833969298
Sudan,SDN,1982,hp,0.00570811972433205,-0.05706767026583495,0.0473498057331998,0.0743957702160607,0.40689142299011616
Sudan,SDN,1983,hp,0.0030436888157092667,-0.018010157226469453,0.04460886724228974,0.07156830205237963,0.21939873334510596
Sudan,SDN,1984,hp,0.0012857099085801238,0.010624824942287697,-0.028420953192732412,0.03176175878985532,-0.3442505962834983
Sudan,SDN,1985,hp,0.00043244515067009104,0.02706553430971493,-0.11454731536917606,-0.121402893638769,-0.27916609968984796
Sudan,SDN,1986,hp,0.0004692995906143693,0.04251766926066809,-0.08399984796605953,-0.20641681380332777,0.19848194107903971
Sudan,SDN,1987,hp,0.0013773538255383855,0.011581074223021237,0.024951320224137596,-0.06817156013282144,0.37451834142483964
Sudan,SDN,1988,hp,0.003132995456661014,0.02491343142267008,-0.004758892150006133,0.07450048687625532,-0.9031135198892484
Sudan,SDN,1989,hp,0.005698838546943641,0.01832426790282097,0.050923186676905985,0.12132116353419509,-0.6906937316596498
Sudan,SDN,1990,hp,0.009006167204783644,0.0284120515642786,-0.03926236909634895,-0.03248817254672254,-0.06010116731222448
Sudan,SDN,1991,hp,0.01292927715310821,-0.023722615329096218,-0.005243738182019619,-0.02410969225995263,0.27543801396839207
Sudan,SDN,1992,hp,0.017252402442792913,-0.03320607730851904,0.016089315866306464,-0.006464390387129981,0.3968061526167519
Sudan,SDN,1993,hp,0.02163048435318249,0.025402870990036904,0.014948792431866309,-0.09111122990055875,0.46060176072749304
Sudan,SDN,1994,hp,0.0255459401391942,0.006036085272196477,-0.023784867082165206,-0.029360840144221356,0.138470211828416
Sudan,SDN,1995,hp,0.02826488221221357,0.009219400575718482,-0.016995327403996008,0.015529745722629329,-0.12191293734769681
Sudan,SDN,1996,hp,0.02879796358223441,-0.02370509413020546,-0.013551153104443436,0.09234141706266463,-0.3027122695500388
Sudan,SDN,1997,hp,0.0258731884371306,-0.01758916415885338,0.030448229887504397,0.10881453865733981,-0.0872845191292404
Sudan,SDN,1998,hp,0.017930581328956308,-0.03133363149451105,0.014420732356065002,0.09911379875764403,-0.03966601725943342
Sudan,SDN,1999,hp,0.003151434925390717,-0.038678675102872546,-0.014633880438690738,0.11881915602511128,-0.20084696250817125
Sudan,SDN,2000,hp,-0.02046226391917738,0.07006492199909989,0.004887640890862244,-0.13114770888947547,0.14589385633026097
Sudan,SDN,2001,hp,-0.1431684848963677,0.028440103480796477,0.0026844553744540534,-0.05386133986933572,0.06746641054240321
Sudan,SDN,2002,hp,-0.21408515741027934,0.005824901636751742,-0.008268400044671331,-0.03418298785859086,0.08181756245768312
Sudan,SDN,2003,hp,-0.16487110037288577,0.013549095687200325,-0.00391110385948501,-0.053943036161258284,0.05638071780189691
Sudan,SDN,2004,hp,-0.08213573876375158,0.011326592323961385,-0.02054381400133032,-0.14321066011578676,0.10369635027807522
Sudan,SDN,2005,hp,0.10233709456152873,-0.06095290918228278,-0.027665186960533994,0.02088390290685016,0.038176669190817414
Sudan,SDN,2006,hp,0.15098285549659085,-0.05547355432266638,0.009150986881834022,0.029532591288233156,0.10434237610901587
Sudan,SDN,2007,hp,0.1043653974420593,0.009537456775681756,0.03499908313353295,-0.03364166197611773,0.08496563851162975
Sudan,SDN,2008,hp,0.2441568091082047,0.059711194987712324,0.03031419411998204,-0.03427064934230728,-0.019493708522047903
Sudan,SDN,2009,hp,-0.15555006653855052,-0.040447894044786326,0.018245461760624693,0.09172168806126102,-0.01924799775431918
Sudan,SDN,2010,hp,-0.04920182370910808,0.021455201414006732,-0.001608585165658205,0.021650711068867068,-0.0783321370823753
Sudan,SDN,2011,hp,0.02467972951506514,0.008558771036520243,-0.024120760021033583,0.026162725984332447,-0.13590820566582362
Sudan,SDN,1980,hamilton,,-0.0623517020576594,-0.1093516285288576,-0.1050494735836427,-0.1995919665825645
Sudan,SDN,1981,hamilton,,-0.07823096543819147,0.015542817864466763,0.010278275560890116,0.18038369165718082
Sudan,SDN,1982,hamilton,,-0.07135862611335812,0.04669036239922608,0.08330807206454516,0.1824433881222931
Sudan,SDN,1983,hamilton,-0.09746666811819882,-0.013328894666696817,-0.016123497384737284,0.046897043985633324,-0.26563151477699876
Sudan,SDN,1984,hamilton,-0.04908672001990588,0.029233784392664233,-0.12168845005495221,-0.05731038259509624,-0.9480482825282821
Sudan,SDN,1985,hamilton,-0.044080000429786104,0.03813035736669563,-0.19546811703409084,-0.20934014083819097,-0.7813186046573763
Sudan,SDN,1986,hamilton,-0.044080000429786104,0.039709982886321535,-0.06940182837146391,-0.2580893115354508,0.08058834755426059
Sudan,SDN,1987,hamilton,-0.044080000429786104,-0.00025191904590349257,0.1403611318016047,0.015990942490365256,0.3372774179339153
Sudan,SDN,1988,hamilton,-0.044080000429786104,0.005266343318150152,0.06525492615635997,0.2367615289237328,-1.203477894903017
Sudan,SDN,1989,hamilton,-0.044080000429786104,0.007517972186904698,-0.0014598633841274022,0.17108627548504352,-1.1282013798982944
Sudan,SDN,1990,hamilton,-0.044080000429786104,0.017195267040005995,-0.030637260379742237,-0.09928722070142282,0.2973866792953288
Sudan,SDN,1991,hamilton,-0.044080000429786104,-0.03596811752859063,-0.06485536656948732,-0.1262465339348955,0.777135143423255
Sudan,SDN,1992,hamilton,-0.044080000429786104,-0.04904524710963021,0.08228734818698769,0.026224563091084008,0.5287588949558728
Sudan,SDN,1993,hamilton,-0.044080000429786104,0.02694424818120471,0.028364130538771626,-0.06227553123919183,0.31550243722143545
Sudan,SDN,1994,hamilton,-0.044080000429786104,0.019977937576786627,-0.02634179471380893,-0.011268382623315532,-0.11491408447716545
Sudan,SDN,1995,hamilton,-0.044080000429786104,0.0025057352517358494,-0.01019415583773764,0.10857080789121198,-0.4147651150663214
Sudan,SDN,1996,hamilton,-0.044080000429786104,-0.03321254345329756,0.04469698464326122,0.1331768700347542,-0.38988868756564177
Sudan,SDN,1997,hamilton,-0.044080000429786104,-0.023920577626385095,0.07703971696013046,0.11006327990819642,0.06486919498840482
Sudan,SDN,1998,hamilton,-0.044080000429786104,-0.024096420273390665,0.06051085735879713,0.031805614874460986,0.29613734180144924
Sudan,SDN,1999,hamilton,-0.044080000429786104,-0.02573033596050712,-0.020122282102282618,0.034349338580969224,0.06661685243215576
Sudan,SDN,2000,hamilton,-0.044080000429786104,0.08939513526471693,0.02846420509795511,-0.2089441704097279,0.3755428640884775
Sudan,SDN,2001,hamilton,-0.13230844262654085,0.0545563518813143,0.06066125122108179,-0.145756581793286,0.4063701869175631
Sudan,SDN,2002,hamilton,-0.15605835156847814,-0.006804174183138705,0.021816795741959716,0.09316373974411096,0.25348917290726547
Sudan,SDN,2003,hamilton,0.0410396728148994,-0.001493176896159229,0.0332014900408355,0.016462510653347806,0.2233460980693831
Sudan,SDN,2004,hamilton,0.22614676075914542,0.013696884762848114,0.03027246536639705,-0.07624402302830458,0.2764468593370344
Sudan,SDN,2005,hamilton,0.3833522232892568,-0.055127078858806786,0.016106608789590915,0.11924622253039985,0.22037946316615464
Sudan,SDN,2006,hamilton,0.3530289422711341,-0.04653084381560028,0.07369767874763333,0.21789216513027743,0.2560036006267543
Sudan,SDN,2007,hamilton,0.11537112499354674,0.05079319372829581,0.10387863629722283,0.028162659500105214,0.2596369447364628
Sudan,SDN,2008,hamilton,0.18523406931754405,0.11637648234921036,0.04997036356699169,0.03352822460430538,0.11818561600606614
Sudan,SDN,2009,hamilton,-0.18132285255166458,-0.005042500144242082,0.009102423209094823,0.22424002753494499,0.11248301476553291
Sudan,SDN,2010,hamilton,-0.21809859806869092,0.030558097469529026,-0.003980512615870957,0.16344057111205768,0.1160214509922568
Sudan,SDN,2011,hamilton,0.2354488463844575,0.050581238313411186,-0.015563124222302882,0.06874712024055984,0.07622416894727291
Thailand,THA,1980,quadratic,0.09444127851170059,-0.020744226920566475,-0.05243510291139053,-0.015330318451695746,-0.07311136822832154
Thailand,THA,1981,quadratic,-0.025831457549996273,-0.021009589004558855,-0.06255124590084904,-0.033081046068490494,-0.07932122333435387
Thailand,THA,1982,quadratic,-0.10688200348608401,0.021139983919339658,-0.07680315049486097,-0.06748775464675916,-0.21887761987798093
Thailand,THA,1983,quadratic,-0.0204663192852248,-0.029745494676205263,-0.0879841598351554,-0.036578626005310255,-0.11873884959527281
Thailand,THA,1984,quadratic,-0.02671951617321966,-0.0042637975634780695,-0.09699522939797234,-0.08129063186146368,-0.15445519577687428
Thailand,THA,1985,quadratic,-0.08199306955903207,0.008551360515239512,-0.11606935285267994,-0.10458010625404413,-0.2244436838639512
Thailand,THA,1986,quadratic,0.032872918881387214,0.04890807422213206,-0.12649652619067808,-0.1353591494272326,-0.32946299270170876
Thailand,THA,1987,quadratic,0.037314737496452643,0.033990971751689115,-0.09942930538509742,-0.0869630875406493,-0.23323971298377977
Thailand,THA,1988,quadratic,0.03719553048125679,0.013228661919003383,-0.03728700727724288,-0.043767553174381746,-0.018701524802509084
Thailand,THA,1989,quadratic,0.008605111196734683,-0.00200830904377388,0.017395191532882492,0.003475817896696043,0.10673966587961203
Thailand,THA,1990,quadratic,-0.007034937869919489,-0.05898337381585126,0.06580213547050207,0.03628131723456285,0.3191046378911473
Thailand,THA,1991,quadratic,-0.0005747683482821841,-0.053524081812095614,0.0936009380000602,0.028478286862705815,0.3827478487227136
Thailand,THA,1992,quadratic,0.0329581381426296,-0.030098587015669483,0.11967824058695342,0.05359448613528528,0.3412753044599732
Thailand,THA,1993,quadratic,0.044638554788623,-0.03755804461452395,0.14895804010132352,0.0896350531978598,0.37515137622032846
Thailand,THA,1994,quadratic,0.07325916656327536,-0.05033366166851859,0.18529337786794642,0.14130161485139858,0.42248405953419876
Thailand,THA,1995,quadratic,0.039587437778971335,-0.08023543053394203,0.2232371159472386,0.18233306119302206,0.5115411192316675
Thailand,THA,1996,quadratic,0.03911460614498985,-0.07901232695778812,0.22923346344913398,0.18393882030946962,0.5187792920718088
Thailand,THA,1997,quadratic,0.058219962315141593,0.012195610350434772,0.1634688020710069,0.13270726889357398,0.2454899974905409
Thailand,THA,1998,quadratic,0.009179920176806355,0.14982630744582784,0.00016038981051735846,-0.06853541779391392,-0.4055763133000525
Thailand,THA,1999,quadratic,0.014764521644212714,0.11075338290695509,-0.00840206334549265,-0.021131368413522367,-0.39925843395356964
Thailand,THA,2000,quadratic,-0.04348110242650538,0.0661966478126106,-0.013504859548660875,0.00851316623733922,-0.28267911283130864
Thailand,THA,2001,quadratic,-0.11234968319662464,0.03790222984091626,-0.04299915916145913,-0.002357826097384219,-0.24313932775048563
Thailand,THA,2002,quadratic,-0.09894960841508915,0.03439872942404255,-0.04159710164624286,0.007744622310347893,-0.23742002424169684
Thailand,THA,2003,quadratic,-0.06396338195911166,0.03077919843544938,-0.022256184081845376,0.013820537778412856,-0.1520292229821809
Thailand,THA,2004,quadratic,-0.03381580555371411,0.006587795037689054,-0.00928925989373397,0.024855597716708644,-0.048953735995642234
Thailand,THA,2005,quadratic,-0.01274767947753741,-0.058805059098845834,-0.011530147084117814,0.034160498160236585,0.13002790593939473
Thailand,THA,2006,quadratic,-0.011731019787272423,-0.019551904440241,-0.007733875364362319,0.015931923981650442,0.05104272486422978
Thailand,THA,2007,quadratic,0.003920742677286704,0.022767588271385725,-0.003078565130529398,-0.040175940667378285,0.01165692491549386
Thailand,THA,2008,quadratic,-0.004095479325674667,-0.042681272313080026,-0.02193140601863064,-0.002694777023384276,0.11527614866115776
Thailand,THA,2009,quadratic,0.03865339650626698,0.02169088119950674,-0.08796930189824437,-0.08872019605766113,-0.23937371647942385
Thailand,THA,2010,quadratic,0.05856436725757597,-0.011889708745729519,-0.05447375063294935,-0.07467193877495504,0.022289386614588125
Thailand,THA,2011,quadratic,0.027345441849964125,-0.04857550085975336,-0.09469674890724633,-0.07905859949842231,0.03834992727988151
Thailand,THA,1980,hp,0.10417274977322233,-0.01704206095599923,0.01862819284430195,0.021059979925292183,0.06500193281204503
Thailand,THA,1981,hp,-0.013693216544294451,-0.017344336298650738,0.011732164449666627,0.009215820383817075,0.06225887247419948
Thailand,THA,1982,hp,-0.09326872253691221,0.024406193354543266,-0.0011521349743865983,-0.01977849746753968,-0.0787040557339953
Thailand,THA,1983,hp,-0.007214523525585825,-0.026858069003099394,-0.01371710415236116,0.014960448869166143,0.013084727074030411
Thailand,THA,1984,hp,-0.015637838843042928,-0.0015965685567564114,-0.02775123279353231,-0.028394923031958896,-0.039208151212392295
Thailand,THA,1985,hp,-0.07479010676991393,0.011563888228428229,-0.05623787775877531,-0.053841162407007204,-0.13541365212519452
Thailand,THA,1986,hp,0.034744986534609446,0.05325426997734443,-0.08093988590307788,-0.09104663546710512,-0.27731230908822724
Thailand,THA,1987,hp,0.03340804600339453,0.04096643996490279,-0.07292028528555683,-0.05356452271475476,-0.22829843085252222
Thailand,THA,1988,hp,0.0277190825506457,0.023903699386843585,-0.033699465974470044,-0.02507784471823804,-0.06819429247692455
Thailand,THA,1989,hp,-0.005909304203621346,0.012801622456316657,-0.004184474943931704,0.004890019986506289,0.0009765894180855383
Thailand,THA,1990,hp,-0.02600993633863613,-0.040477232518756394,0.018774656516928445,0.01933239864757752,0.16130532592785585
Thailand,THA,1991,hp,-0.02332827700836848,-0.032762440190675465,0.022852010907639553,-0.0064912312252793924,0.1832069409156052
Thailand,THA,1992,hp,0.0074729800071535735,-0.009119407454848509,0.028753452163515547,0.0021837012218757224,0.11473495358031371
Thailand,THA,1993,hp,0.018066678502812294,-0.01866891800956536,0.042993679515550554,0.02466405794663551,0.13896917874355452
Thailand,THA,1994,hp,0.04776884426118677,-0.0360206133504758,0.0707289021277191,0.06693135254978166,0.19548570610410643
Thailand,THA,1995,hp,0.017689615618635024,-0.07297623108956303,0.10738521310448235,0.10375772134878147,0.31263070287297623
Thailand,THA,1996,hp,0.023185215865796138,-0.08091628609601062,0.11957276357853885,0.1067165251252149,0.3649844511291178
Thailand,THA,1997,hp,0.05032302508165998,0.00011740610937886753,0.06657002513897048,0.06172249605327096,0.14883560859959566
Thailand,THA,1998,hp,0.010835694420125996,0.12847015763137262,-0.07950938196063362,-0.13013900037620552,-0.4417179797236557
Thailand,THA,1999,hp,0.026446272811127436,0.08292179903710684,-0.06914508572889488,-0.07256812755417563,-0.3816560698003837
Thailand,THA,2000,hp,-0.02245545881769928,0.035313651817633976,-0.0555976324933134,-0.03302778100473347,-0.22382519250079014
Thailand,THA,2001,hp,-0.0840820442842416,0.007184136072963372,-0.06800097593493248,-0.034604936435066236,-0.15743354745299953
Thailand,THA,2002,hp,-0.06673712940587695,0.006501008138976479,-0.05179407250973611,-0.015811311758222146,-0.13893105007349682
Thailand,THA,2003,hp,-0.03145765568540604,0.00772463443211463,-0.019981226530848772,-0.0013015169330579113,-0.052920355450890355
Thailand,THA,2004,hp,-0.00435549117937839,-0.010298522423478243,0.0035958420670798574,0.018413602291181164,0.04190640048049232
Thailand,THA,2005,hp,0.010956074058886323,-0.06897298264013896,0.010774261037973076,0.037161233959695394,0.2075945665860175
Thailand,THA,2006,hp,0.0041760891098130415,-0.023123243342447912,0.023433988005926665,0.029470418932421083,0.11367598054606987
Thailand,THA,2007,hp,0.01055262753013686,0.02568879789538387,0.03692414729996685,-0.015043914991275997,0.05904571647051071
Thailand,THA,2008,hp,-0.007697654416524813,-0.03312254467442677,0.02717045412910757,0.034752590410425555,0.1473015270950846
Thailand,THA,2009,hp,0.024272542802378894,0.03802421396364257,-0.029580332004194076,-0.03841919722548326,-0.2232290471577869
Thailand,THA,2010,hp,0.033351410045601604,0.011678659323837999,0.01304224986721536,-0.011510066199580393,0.02016468856484721
Thailand,THA,2011,hp,-0.008504575418879057,-0.017368566375319867,-0.01826603479038802,-0.0031754661585967625,0.01592813180335817
Thailand,THA,1980,hamilton,,-0.03615982218483592,-0.048507729076298745,-0.017245445329253428,-0.03759083800001939
Thailand,THA,1981,hamilton,,-0.02088786105960947,-0.018379670699831152,-0.06809626898664156,0.01910848468800097
Thailand,THA,1982,hamilton,,0.017368406809131428,-0.014033331610372457,-0.04585757102157473,-0.14710871815664817
Thailand,THA,1983,hamilton,-0.015859757322866486,-0.03227114905136463,-0.019098255983253765,0.0005128460249927969,-0.03932877311194183
Thailand,THA,1984,hamilton,0.05903237964374686,-0.031516295997641046,-0.011671123498912195,-0.008874723701380205,0.05050139331405212
Thailand,THA,1985,hamilton,-0.038294780980258736,0.015860648270472413,-0.021039417462485943,-0.06670456554078719,-0.10352334572574584
Thailand,THA,1986,hamilton,0.06040618628008598,0.03856295382249015,-0.023431313147334265,-0.04793512186999749,-0.17640243121337562
Thailand,THA,1987,hamilton,0.10291322825472982,0.018690334451936116,0.027832666398987627,0.022204027207690658,-0.016119545022577952
Thailand,THA,1988,hamilton,0.03556547884234362,-0.024449782447035946,0.09604455907233955,0.09651011944569277,0.2936394103135207
Thailand,THA,1989,hamilton,-0.022829536225724922,-0.026646941302252255,0.10516636108681077,0.09106040308078533,0.3372285954001839
Thailand,THA,1990,hamilton,-0.04045510884484216,-0.07048162812412077,0.07486931322993584,0.08215696807312334,0.3604400130804226
Thailand,THA,1991,hamilton,-0.015494426253845894,-0.05550545446950575,0.053191725648403576,0.028021923289607287,0.3115998676959304
Thailand,THA,1992,hamilton,0.03406601627464667,0.0032257370747643954,0.03532555861993103,0.022271289157766105,0.08208795308685346
Thailand,THA,1993,hamilton,0.04378609310396886,-0.009392952395852618,0.04824258280270932,0.06914913084502317,0.05758734524416731
Thailand,THA,1994,hamilton,0.04701449484542408,-0.034113578154516315,0.060160723662043836,0.09419478154578442,0.14108298926933927
Thailand,THA,1995,hamilton,-0.0031599889777815804,-0.05595832879478479,0.06800236747304744,0.09940559301838192,0.20117402330376066
Thailand,THA,1996,hamilton,-0.026815032555151497,-0.04533154363764071,0.03498670810625981,0.049513020461976254,0.16633209823000072
Thailand,THA,1997,hamilton,0.007898034469390858,0.06543656536289119,-0.06856696229179882,-0.04094473320896164,-0.18619638663981064
Thailand,THA,1998,hamilton,-0.034281407514686,0.20274405840692886,-0.22106081961576862,-0.2406886756042219,-0.8451705669329375
Thailand,THA,1999,hamilton,-0.04262843345222578,0.1108460101969108,-0.12795216584539482,-0.13896040631945183,-0.5985578374949831
Thailand,THA,2000,hamilton,-0.07260593734804743,-0.008820100966220587,0.07751500848542037,0.09910953517290721,0.09502319902765954
Thailand,THA,2001,hamilton,-0.1352860642452658,-0.001903705564515204,-0.02313814765947697,0.02467377918901903,0.13727626751024147
Thailand,THA,2002,hamilton,-0.08428334577842378,0.021882178065201062,-0.01832140321219633,0.0072147905657580225,0.03909813972955156
Thailand,THA,2003,hamilton,0.009848127085045455,0.035436052843791366,0.04269087113394754,0.027104092550876757,0.08674773212860387
Thailand,THA,2004,hamilton,0.04530800267298485,0.014523855576364993,0.03853960923217059,0.027065764308694895,0.18277715126029648
Thailand,THA,2005,hamilton,0.038551519410454205,-0.04582126272809186,0.00826625685437321,0.03099093094568417,0.2847722157650985
Thailand,THA,2006,hamilton,0.010233414635442806,0.011061286731967095,0.002801243792760033,0.0018828099993530856,0.11189915999268862
Thailand,THA,2007,hamilton,0.0038470969774264674,0.09479640751668539,0.017648023080598207,-0.06294226134148673,-0.08871983422582197
Thailand,THA,2008,hamilton,-0.010464464077592162,0.0047167105342310785,-0.00788875523995003,-0.00534141235788077,0.07976910350477695
Thailand,THA,2009,hamilton,0.020482080743581932,0.04942657342786864,-0.07879167217733496,-0.03332627040079572,-0.24148464118121282
Thailand,THA,2010,hamilton,0.04150199065277427,0.0618847723464103,-0.014566020043467631,-0.062319725417477656,-0.07321757907469895
Thailand,THA,2011,hamilton,-0.017995860315293655,-0.014363446106230658,0.0343899641731884,0.02667822697950406,0.2511479733912356
Tunisia,TUN,1980,quadratic,-0.002846280292993164,-0.021107591361441302,0.11482842205333199,0.13710126419625102,0.19428670537458004
Tunisia,TUN,1981,quadratic,-0.01930103901969904,-0.052388537043646766,0.11230406987878006,0.12774958287299842,0.28413524146225555
Tunisia,TUN,1982,quadratic,-0.008107205200831302,-0.06555210117550535,0.05165113905151841,0.07871452768725895,0.20144282391380042
Tunisia,TUN,1983,quadratic,-0.04171700242841325,-0.03916194302211881,0.04231891004224142,-0.006151327229022563,0.24375019175663937
Tunisia,TUN,1984,quadratic,-0.021577179443490913,-0.0690435455108288,0.04946529535584343,0.00916597986939749,0.3182109358553502
Tunisia,TUN,1985,quadratic,-0.018059205983398385,-0.010646792542148634,0.045139233867939055,0.005891185339231164,0.13845694266736608
Tunisia,TUN,1986,quadratic,0.03769096478352818,-0.014934366221036208,-0.029511379692155337,-0.006949671216970543,-0.0625291397735408
Tunisia,TUN,1987,quadratic,0.05467431949802837,0.0459265329952275,-0.01831917887457024,-0.03366693417250932,-0.1759615270897159
Tunisia,TUN,1988,quadratic,0.09257210058852028,0.06014804809996188,-0.06796672363356393,-0.05643932562493159,-0.35066952319114275
Tunisia,TUN,1989,quadratic,0.09592576819604126,0.027350998672788337,-0.09132457475747113,-0.08512174504329106,-0.2289787203571123
Tunisia,TUN,1990,quadratic,0.03217482718593434,-0.007774758295374953,-0.06678313460854035,-0.03884330296299421,-0.07849941019344264
Tunisia,TUN,1991,quadratic,-0.004099884959685163,0.012434004074752078,-0.07580052309514063,-0.06893913445234645,-0.12561815458075465
Tunisia,TUN,1992,quadratic,-0.06088270176202926,-0.007754939723879251,-0.04827231777293495,-0.05344961554975303,0.021480760690499423
Tunisia,TUN,1993,quadratic,-0.07215559355304357,-0.012015375759614297,-0.07311809910598477,-0.07481581890289934,0.002093455607095507
Tunisia,TUN,1994,quadratic,-0.08104887155074447,0.030226565955715202,-0.08665437216977612,-0.09022415747072365,-0.17786255334431722
Tunisia,TUN,1995,quadratic,-0.045856535007525956,0.021044993822852395,-0.1059103356801172,-0.09503571214240125,-0.1896251762317478
Tunisia,TUN,1996,quadratic,-0.0028884791418404276,0.04097066661825046,-0.07777298983087633,-0.09940543847207284,-0.14302652749122657
Tunisia,TUN,1997,quadratic,-0.02286215408913783,0.031937494829938524,-0.06457518603271506,-0.07773139342606594,-0.14574578274449834
Tunisia,TUN,1998,quadratic,-0.01620509884881738,0.02347943478565106,-0.05468975765662165,-0.0660485027533948,-0.11013017765816979
Tunisia,TUN,1999,quadratic,-0.001217472036408651,0.03027581782048945,-0.0348930467041253,-0.055003701763687296,-0.09449847203574446
Tunisia,TUN,2000,quadratic,0.03199232431667376,0.013887596788630475,-0.02946624356654226,-0.05656426028698025,-0.02289886801715557
Tunisia,TUN,2001,quadratic,0.05273714648350758,0.005226811334214522,-0.018679218452133384,-0.03608619439111127,0.0007159869319197654
Tunisia,TUN,2002,quadratic,0.06380058204985772,0.004207158465359399,-0.03784746791708926,-0.029226547903735245,-0.10351021814975869
Tunisia,TUN,2003,quadratic,0.020399047439734197,0.003350793270028546,-0.015151908493751698,-0.0029886683745274922,-0.09106751294713344
Tunisia,TUN,2004,quadratic,-0.00971689753447702,0.00801308518181686,0.008929010060635179,0.012756005186866481,-0.05782530834408117
Tunisia,TUN,2005,quadratic,-0.013912888132772139,0.025298841347999364,0.014268498712992184,0.011116476087432936,-0.1119130151004395
Tunisia,TUN,2006,quadratic,-0.04542275632014903,0.005317585869250442,0.03548398356122995,0.03288567447247903,0.00017807056482865846
Tunisia,TUN,2007,quadratic,-0.042681699832831654,-0.00011490259546836912,0.06290360024361519,0.05962287112263365,0.05663657313590775
Tunisia,TUN,2008,quadratic,0.024906359001793277,-0.017535265189258905,0.07350655440283838,0.06334038253753072,0.16541842898736991
Tunisia,TUN,2009,quadratic,0.02000427062096044,-0.02134413992653875,0.07006649031182022,0.07633313424285859,0.13047413657470042
Tunisia,TUN,2010,quadratic,0.008622017636088053,-0.05256447758469514,0.06613979500173706,0.086734552688986,0.2046752905126814
Tunisia,TUN,2011,quadratic,-0.004940782662402832,-0.022666936392603493,0.013403562645256883,0.03600466409700598,0.1542986888989475
Tunisia,TUN,1980,hp,0.01815333260601104,0.01143760549203253,0.03244956357623874,0.04872863117685977,0.004469007687241344
Tunisia,TUN,1981,hp,-0.00577074187008364,-0.01956329522729551,0.03824546871541301,0.05114132614948286,0.10088784613201796
Tunisia,TUN,1982,hp,-0.0015145081783600745,-0.03424491857826539,-0.010870985531400201,0.016870394046685888,0.034796187505719445
Tunisia,TUN,1983,hp,-0.04165401581820394,-0.01128382790149568,-0.006212397840114292,-0.051300465139281215,0.10317102054959992
Tunisia,TUN,1984,hp,-0.027744694356244715,-0.04627596101406217,0.016725975002883864,-0.01859486774333341,0.2122542239670162
Tunisia,TUN,1985,hp,-0.029850154197216483,0.005671181572802539,0.029402026560320316,-0.004512650837530607,0.07373426184868404
Tunisia,TUN,1986,hp,0.021468957766709096,-0.005599939246438035,-0.027794653501411304,-0.0005663995706584046,-0.0834721823780189
Tunisia,TUN,1987,hp,0.03609743599439863,0.048491907254628534,0.0002509759390383337,-0.011559956558985895,-0.15538263156031817
Tunisia,TUN,1988,hp,0.07438564115473412,0.05696329464547936,-0.03391802386609566,-0.020159878147316235,-0.29479497500929597
Tunisia,TUN,1989,hp,0.08118317726927593,0.019754554009347284,-0.043949102258041606,-0.0365932984863635,-0.1464495640897372
Tunisia,TUN,1990,hp,0.02349383667234406,-0.018694579105692763,-0.008670369913285292,0.019840035988271332,0.022576500257138754
Tunisia,TUN,1991,hp,-0.005349087457668489,-0.0011685448032975748,-0.009538164031857477,-0.001999712707046797,-0.012105657543804327
Tunisia,TUN,1992,hp,-0.05481241131242154,-0.02366028978239558,0.023640424238047686,0.01984397611406319,0.14309159801990212
Tunisia,TUN,1993,hp,-0.060307097019729916,-0.030092635855179135,0.0021296824801639858,0.0029469236557710943,0.1293573648133881
Tunisia,TUN,1994,hp,-0.06584432348035563,0.010095854120497131,-0.010439430575581277,-0.010058828950141319,-0.04692877877853441
Tunisia,TUN,1995,hp,-0.029995886659244242,-0.0007322179420946942,-0.031169946664386217,-0.014745377738691445,-0.05783625457385
Tunisia,TUN,1996,hp,0.011308964747408723,0.01814144170482236,-0.00691830469375887,-0.0213781051203652,-0.0135594009707809
Tunisia,TUN,1997,hp,-0.011966614006995613,0.008845600700022414,0.0003249046786431009,-0.004318041140446205,-0.021561255007527258
Tunisia,TUN,1998,hp,-0.009682646180476873,0.0009276581049364914,0.0025982918817719636,0.0006506964242944946,0.006162680242560725
Tunisia,TUN,1999,hp,0.0005478914928840339,0.008991931981362496,0.013533709667247429,0.0031751606478707117,0.011860990119303416
Tunisia,TUN,2000,hp,0.029400605324922502,-0.005484914670875682,0.009232179478083857,-0.00842443688034944,0.07199119082366945
Tunisia,TUN,2001,hp,0.0469668810170365,-0.011765051381804285,0.009670705843682015,0.0007516175847168682,0.08298774332968506
Tunisia,TUN,2002,hp,0.05651482953006415,-0.010054141170763246,-0.02031165484927211,-0.004613745602858543,-0.03533846679242281
Tunisia,TUN,2003,hp,0.013275721852921585,-0.007831738463428804,-0.008837973248681408,0.008808584013127785,-0.03964015012942124
Tunisia,TUN,2004,hp,-0.015550175932403043,0.00035635807186170515,0.003874263321145932,0.011525762884936341,-0.02659601379909393
Tunisia,TUN,2005,hp,-0.01801155003483501,0.021792104865085524,-0.0019523920074435708,-0.0030626960586630503,-0.10474836329388015
Tunisia,TUN,2006,hp,-0.047869781608972595,0.0067586117189006,0.00861008639567551,0.006011389320576654,-0.020735429427348073
Tunisia,TUN,2007,hp,-0.04390750208029903,0.007027321945601024,0.026219957621064438,0.020513168756808753,0.004531961323022138
Tunisia,TUN,2008,hp,0.02460263035063548,-0.004050327061771285,0.028100449899756796,0.012600723809990555,0.08011764866440263
Tunisia,TUN,2009,hp,0.020893805268704213,-0.0010571680009463895,0.01700703051680197,0.014509613378568709,0.01103471477166007
Tunisia,TUN,2010,hp,0.011300318129455533,-0.02515784306200613,0.006196905016512488,0.014187890047566043,0.05041616149231132
Tunisia,TUN,2011,hp,0.00023716101475201867,0.012045869793488952,-0.05312208422048048,-0.04723488996105463,-0.03531015299099405
Tunisia,TUN,1980,hamilton,,0.008468339277291015,0.020196213743983726,0.027626529278644618,-0.02301137705351497
Tunisia,TUN,1981,hamilton,,-0.05559478372688334,0.011678405033253902,0.054724249094927124,0.11388912920282923
Tunisia,TUN,1982,hamilton,,-0.06252212759591794,-0.06299665338578997,-0.05901861856217927,0.018413387198634723
Tunisia,TUN,1983,hamilton,0.006074078793208315,-0.016865669610775985,-0.07057758961299143,-0.13223776141103993,-0.03159284867607948
Tunisia,TUN,1984,hamilton,0.002483441946607101,-0.036487699792466396,-0.006729877713993027,-0.06806935365640232,0.1417043373499025
Tunisia,TUN,1985,hamilton,0.04678882720943278,0.008575580970911184,0.0007224302881860822,0.01193795734208436,-0.0919977209260594
Tunisia,TUN,1986,hamilton,0.061353325382578205,0.01767063208454099,-0.08000575504239649,-0.018576400420064587,-0.3650605650532892
Tunisia,TUN,1987,hamilton,0.07979316172513862,0.049643528556124125,-0.06502526650070184,-0.041301717831989215,-0.2799892656946552
Tunisia,TUN,1988,hamilton,0.05100005136758767,0.059917900259451234,-0.04487382203263035,-0.05115334329892729,-0.26584350811888147
Tunisia,TUN,1989,hamilton,0.05561356472755552,-0.005693711368335432,-0.07488905283730407,-0.05340733594268432,-0.049852671273241
Tunisia,TUN,1990,hamilton,-0.047782207828354295,-0.05499223207124534,-0.004589353766638382,0.014916326990702444,0.27009434821248046
Tunisia,TUN,1991,hamilton,-0.0740882853398972,-0.017951374676450416,0.010658554168275103,0.012862535629164285,0.0738365482451524
Tunisia,TUN,1992,hamilton,-0.05683043025722245,-0.014811669360359499,0.01657806845873111,-0.01848983201890597,0.07867132669128374
Tunisia,TUN,1993,hamilton,-0.0547725048590193,-0.025782268881167858,-0.0009932477053489208,-0.008260308535334104,0.12779937448802148
Tunisia,TUN,1994,hamilton,-0.0143688029071658,0.02602963672086282,-0.03962994800211472,-0.03991184660924407,-0.21216064796634093
Tunisia,TUN,1995,hamilton,0.00819137465716846,0.02216543426544488,-0.03703510682093203,-0.022826554930305498,-0.1850511853797867
Tunisia,TUN,1996,hamilton,0.05537456021820031,0.020236316550304417,0.004987914188836484,-0.012412524998523189,0.04789685075188199
Tunisia,TUN,1997,hamilton,-0.010859644496720833,0.012645626253832191,0.03683619561317375,0.013660136663875555,0.034941182738948307
Tunisia,TUN,1998,hamilton,-0.040549741162529074,-0.004663195067675298,0.021537111387680774,0.029619921309017805,0.020116650102612432
Tunisia,TUN,1999,hamilton,0.015374002984833268,0.006130538586396988,0.027727671547624233,0.01899306204526141,0.04427718149761173
Tunisia,TUN,2000,hamilton,0.03158064852912634,-0.0033225811106025772,0.02335843750115707,0.006520233993802194,0.0779535630190118
Tunisia,TUN,2001,hamilton,0.03712376610172008,-0.01338557517228443,0.015282259336353299,0.016391214270637278,0.08933965408297517
Tunisia,TUN,2002,hamilton,0.015369599835638681,-0.004625071340890019,-0.00986485394197878,0.02516655367432996,-0.08838557817549919
Tunisia,TUN,2003,hamilton,-0.03826703506518303,0.0026796393400053686,0.0025621791630054958,0.030950534450133738,-0.09217101010069229
Tunisia,TUN,2004,hamilton,-0.07241641103095109,0.010570249537641341,0.043987668916420475,0.04048821890452725,0.052842752117781444
Tunisia,TUN,2005,hamilton,-0.02076111812671222,0.03026876376903104,0.029170469507551644,0.012890670311894503,-0.02792006999939467
Tunisia,TUN,2006,hamilton,-0.03509283020503151,0.009755905390272584,0.026884383695219505,0.019751306007576908,0.05023133533018154
Tunisia,TUN,2007,hamilton,-0.039694325532102503,-0.0036377319618498202,0.048173152912027284,0.04855312332790973,0.16687987077378263
Tunisia,TUN,2008,hamilton,0.06382946681106638,-0.009814904148913367,0.03878237125782391,0.03045001305493411,0.15055493364547612
Tunisia,TUN,2009,hamilton,0.04322191119917296,-0.006215650437150107,0.008791779667598476,0.017394957237672592,0.06960406322988355
Tunisia,TUN,2010,hamilton,-0.04505270026818131,-0.024919478932305797,-0.00634222429193354,0.024823657252257547,0.035884344363902976
Tunisia,TUN,2011,hamilton,-0.022635744408282754,0.011425769489287353,-0.05639633450885295,-0.03886092220224757,0.03481437337534654
Turkey,TUR,1980,quadratic,0.07901455956628034,-0.034546335046064816,-0.05118172920076702,-0.004994496259318915,-0.07602078424726244
Turkey,TUR,1981,quadratic,0.010071145287837702,-0.014390509730967546,-0.050770620790729026,-0.0013321972413269378,-0.11106637469460168
Turkey,TUR,1982,quadratic,-0.07570452979514286,0.0006130458837200863,-0.0630961486232442,-0.018566528747054,-0.1938790496716365
Turkey,TUR,1983,quadratic,-0.09377306152463927,-0.007968553447885468,-0.06170534647262027,0.014742387633854825,-0.24918940323055416
Turkey,TUR,1984,quadratic,0.013323394073744943,-0.0083041075549272,-0.04297705881010394,0.05175934377645053,-0.2522149936630207
Turkey,TUR,1985,quadratic,-0.10866444241098705,0.001209525064601917,-0.046355624334439405,0.046075511147178894,-0.24924268926223014
Turkey,TUR,1986,quadratic,0.024380960817344643,0.0037682118352285743,-0.022070247369645912,0.038800568321629036,-0.105464565301717
Turkey,TUR,1987,quadratic,0.08210977446545797,0.008893495822038047,0.026296414330651885,-0.01535595318598304,0.24024152469786042
Turkey,TUR,1988,quadratic,0.050613891816903234,0.042513696462902234,0.007927320565674911,-0.0683579829912846,0.1910585137989722
Turkey,TUR,1989,quadratic,-0.031668624944473756,0.016267402743927684,-0.02994171696891712,-0.06449482023325093,0.07554045317204405
Turkey,TUR,1990,quadratic,-0.0033324867494428645,-0.011164864386486971,0.018171263956355155,-0.0145242580970244,0.1608557564384192
Turkey,TUR,1991,quadratic,0.014620341115827884,0.004357130208524577,-0.014930857510947249,-0.060348902871113275,0.043592446670939644
Turkey,TUR,1992,quadratic,0.05135139061644978,0.0026566818511773588,-0.005776777951457923,-0.06369554049867521,0.07587155191544959
Turkey,TUR,1993,quadratic,0.09514787572431782,-0.026180267603680335,0.028272151559540326,-0.03510791878027408,0.23646587787800044
Turkey,TUR,1994,quadratic,0.0036737803940738445,0.04147942345606857,-0.05889818615643705,-0.12207615378105885,-0.07508964684462605
Turkey,TUR,1995,quadratic,-0.0286515897113917,-0.011260073998688544,-0.02209916562927816,-0.051376352013179805,0.13839392593868105
Turkey,TUR,1996,quadratic,-0.012244584464232489,-0.031040546201434135,0.010359076987999316,0.01102391511440981,0.13396297735303708
Turkey,TUR,1997,quadratic,0.03491822938254252,-0.02820044979083814,0.0449469062216199,0.022107477605803005,0.19234135008483655
Turkey,TUR,1998,quadratic,0.03753977373830164,0.044533926889848814,0.029686216702540236,-0.02101282083140088,0.052502777978406634
Turkey,TUR,1999,quadratic,0.032485670843628967,0.034151426901697174,-0.04213817756800786,-0.06193527995583992,-0.16077852651899782
Turkey,TUR,2000,quadratic,-0.04715907663262353,0.0031712374761467266,-0.013625152763901305,-0.00367956912169376,-0.04476449572072294
Turkey,TUR,2001,quadratic,-0.05888966622633962,0.06977831426789399,-0.10872940989910163,-0.12852352076600138,-0.45323906327438834
Turkey,TUR,2002,quadratic,-0.05244108683345772,0.04782301684357329,-0.08481919322988407,-0.1096336529977604,-0.26665087306628266
Turkey,TUR,2003,quadratic,-0.03942397742811199,0.023091448101429476,-0.06900348900451547,-0.04724237103417739,-0.24292568905269185
Turkey,TUR,2004,quadratic,-0.018832095474112798,0.006889062603339546,-0.014771488891244466,0.007722684475430341,-0.08148428206445235
Turkey,TUR,2005,quadratic,-0.011621859680560398,-0.00320646514296153,0.030748024809552632,0.05904053086702188,0.005921202689071592
Turkey,TUR,2006,quadratic,-0.042769335923481755,-0.019431101786633674,0.06234068765149203,0.07352816089085845,0.14854261793182655
Turkey,TUR,2007,quadratic,0.003370859705326801,-0.022694843002057694,0.07304593232729495,0.08888671975577456,0.14703402738613303
Turkey,TUR,2008,quadratic,-0.014811264542493596,-0.01357011412861621,0.0449361940935864,0.04530669606553683,0.14791357219012724
Turkey,TUR,2009,quadratic,0.04752786044448065,0.022124323785233033,-0.03881630135702707,-0.016436692295220823,-0.2965001199972068
Turkey,TUR,2010,quadratic,0.03594894996202935,-0.023635314753511577,0.014995290151259333,0.03943807719628989,0.04283175192379218
Turkey,TUR,2011,quadratic,0.023889224386779873,-0.062097094931669886,0.06330621337071651,0.07895740530840989,0.30914183606700707
Turkey,TUR,1980,hp,0.07402858014350766,-0.01923983271985641,-0.05501797864244207,-0.04679143808022346,-0.017946574235969237
Turkey,TUR,1981,hp,0.012822408615462244,-0.0017147594315675765,-0.04432184762217872,-0.03590369773865998,-0.03365800607498759
Turkey,TUR,1982,hp,-0.06721162785269907,0.01033207206054897,-0.048552886129571426,-0.04593856548269848,-0.10535334119298767
Turkey,TUR,1983,hp,-0.08240263499054556,-0.0012991939110597456,-0.041783612151784943,-0.005518393326079618,-0.15959870131829046
Turkey,TUR,1984,hp,0.02451083756725314,-0.0046476483178116215,-0.020432825511627506,0.03891876583697851,-0.17239363900676885
Turkey,TUR,1985,hp,-0.10009285684945901,0.002032551139136106,-0.02356698413789271,0.04141642263691381,-0.18921102980264415
Turkey,TUR,1986,hp,0.028286337920664373,0.0021264491643239666,-0.0008330833295309148,0.04314740715493315,-0.07270501984041111
Turkey,TUR,1987,hp,0.0806820455180004,0.0053244405914596935,0.045004098026280026,-0.0015297618154983539,0.2426765767963408
Turkey,TUR,1988,hp,0.044286748780545615,0.03770243213539441,0.02395372942851015,-0.04536150068230249,0.16527378280555638
Turkey,TUR,1989,hp,-0.04216772100858002,0.01099335565329933,-0.016372208707698732,-0.03340429775859999,0.02637097322517068
Turkey,TUR,1990,hp,-0.017425173168676977,-0.016404949356716263,0.029644877272323455,0.023270479603147542,0.09421414771597991
Turkey,TUR,1991,hp,-0.0022149941643645477,-0.0007448627646083374,-0.004891779971592847,-0.017219306075302754,-0.03379479434196764
Turkey,TUR,1992,hp,0.03307117852270203,-0.0024316547614169973,0.00349302771946558,-0.016812676722872233,-0.005663090072784094
Turkey,TUR,1993,hp,0.0771895393592974,-0.03160050037790303,0.03749077180948035,0.01390657693486741,0.15759174900304806
Turkey,TUR,1994,hp,-0.01205765899028588,0.03518494166005577,-0.048994772617966476,-0.07242357732501503,-0.14422903484350247
Turkey,TUR,1995,hp,-0.040884737547097316,-0.01885195301086906,-0.011131995548793405,-0.0025902279418072993,0.08475390276283434
Turkey,TUR,1996,hp,-0.02022109627733304,-0.040585615374976375,0.022901899134131654,0.05815230752165146,0.10171962947976176
Turkey,TUR,1997,hp,0.03185249534743484,-0.04039862729164377,0.0598215281826695,0.06752601519497503,0.18667713549863674
Turkey,TUR,1998,hp,0.04013696748078388,0.029344453828920182,0.04766401946206944,0.022801371836070672,0.07686810587394799
Turkey,TUR,1999,hp,0.04127742565402848,0.016398188253744443,-0.02086879507397743,-0.020137549415341738,-0.10653206709187213
Turkey,TUR,2000,hp,-0.03226301384805108,-0.01624596411806185,0.010064586158495814,0.03494394126655198,0.03484718308426249
Turkey,TUR,2001,hp,-0.03901420920195431,0.04990524315332966,-0.08434147214589416,-0.09477625388113253,-0.3560802577779114
Turkey,TUR,2002,hp,-0.02942317980575382,0.029172920060865824,-0.06240679439642349,-0.08335835770590805,-0.16341368592817052
Turkey,TUR,2003,hp,-0.015422453043695938,0.007314867497570666,-0.051348532272903924,-0.03098071762468546,-0.1451687151085128
Turkey,TUR,2004,hp,0.00396655700835602,-0.0046834911805083215,-0.004139974931156587,0.012316667090581213,0.0007781709238035006
Turkey,TUR,2005,hp,0.007913999559682416,-0.009637661346441388,0.033119483163600805,0.05151026232945988,0.06567080118407809
Turkey,TUR,2006,hp,-0.02846928891744671,-0.020129954618388582,0.05628626514945445,0.05449134272492007,0.18174922091168888
Turkey,TUR,2007,hp,0.010469837837869811,-0.017320335026266447,0.05913939647196731,0.05952023274520801,0.15199897833254017
Turkey,TUR,2008,hp,-0.016586156680850728,-0.001829896718809447,0.02392804248910263,0.0068016868262583685,0.12345220687924208
Turkey,TUR,2009,hp,0.03539405350131375,0.040647133796435496,-0.0665902349699028,-0.06347001364258187,-0.3525784632780722
Turkey,TUR,2010,hp,0.012324802110440736,0.0022298045345656783,-0.01986253601751553,-0.016162299502074262,-0.0492947505973893
Turkey,TUR,2011,hp,-0.012357012581552418,-0.02859358752110415,0.02105834215996616,0.014736976788992884,0.17782125811030447
Turkey,TUR,1980,hamilton,,-0.01939964244951472,-0.13224078372525305,-0.10607830233532045,-0.11567613989535097
Turkey,TUR,1981,hamilton,,-0.01223643810671697,-0.08324888341566794,-0.0714771130352112,0.032095912030012386
Turkey,TUR,1982,hamilton,,0.0009260829025598133,-0.028212958957305467,-0.034907417333087665,-0.08533157553022619
Turkey,TUR,1983,hamilton,-0.08289348198232727,0.002973317191724889,-0.017938917058135218,0.00990320150688273,-0.16090718622238498
Turkey,TUR,1984,hamilton,0.08478099206246537,-0.003650188665134141,0.011668260612985648,0.05943331498971638,-0.1046576567212174
Turkey,TUR,1985,hamilton,-0.011714843813023457,0.0013460939372392407,0.009087631782657368,0.03323374075779295,-0.04278321963705789
Turkey,TUR,1986,hamilton,0.06481812994627045,0.0063369953526777045,0.017759623861389073,-0.009338887830169895,0.12200107666668814
Turkey,TUR,1987,hamilton,0.1712503759500308,0.011350351916023741,0.06714626640220356,-0.06757715872796499,0.46870190932803535
Turkey,TUR,1988,hamilton,0.08644282658800506,0.042000594356123785,0.029027202287928766,-0.11332937592215142,0.34024203889453286
Turkey,TUR,1989,hamilton,-0.05250207013422692,0.014837315896090846,-0.05244563915221612,-0.06660037988559253,-0.0113236871304645
Turkey,TUR,1990,hamilton,-0.018173568814265906,-0.014546335922176423,0.005759233061651159,0.036496184223495653,-0.0066548178006184955
Turkey,TUR,1991,hamilton,0.04946513918267659,-0.008871033598226285,0.007516633537673734,0.0007833014502001134,-0.04325089990900288
Turkey,TUR,1992,hamilton,0.08287781811965722,-0.0025736649680646803,-0.019075772565874338,-0.040602367704303255,-0.021082613586996146
Turkey,TUR,1993,hamilton,0.10929828359923999,-0.023470481662144792,0.03759741868118649,0.011006164790438255,0.17834055945876415
Turkey,TUR,1994,hamilton,-0.00851672124528946,0.03951376743726559,-0.05283322567440418,-0.062131601115368085,-0.11367193265205167
Turkey,TUR,1995,hamilton,-0.07476531281663945,-0.012501988696157724,-0.04563511053439839,-0.01168459000106914,0.000709816586146772
Turkey,TUR,1996,hamilton,-0.01850260858458963,-0.02441017461594272,0.05707723647122709,0.10973927052216226,0.11872417934637891
Turkey,TUR,1997,hamilton,0.05908440670084314,-0.041252564183269995,0.07157939561234627,0.08876632288284991,0.15680663761736202
Turkey,TUR,1998,hamilton,0.05421576246675386,0.04733600091757505,0.024657871538492415,-0.017592234239322657,-0.04820760614748121
Turkey,TUR,1999,hamilton,0.015608786773136707,0.04278073259856024,-0.08010389495168546,-0.08121120473716648,-0.2929389727837961
Turkey,TUR,2000,hamilton,-0.07853319452313468,0.010219350322252213,-0.0424689256064239,0.007269492539115241,-0.11828992800456195
Turkey,TUR,2001,hamilton,-0.09296464496377954,0.05524895485992953,-0.07429293885436383,-0.0761356395389221,-0.3649486321015232
Turkey,TUR,2002,hamilton,-0.04664332929886861,0.03667259867733156,-0.06533521712547241,-0.09087229258346063,-0.17642539040666794
Turkey,TUR,2003,hamilton,-0.018769133508473423,0.020510899277202024,0.028133630781359997,0.05197676843915833,0.03641016835241917
Turkey,TUR,2004,hamilton,-0.0057590871617705375,-0.015310834380981292,0.07418111077791156,0.12282364272302715,0.22185130275760034
Turkey,TUR,2005,hamilton,-0.01333052882997432,-0.018621197503553698,0.103737906988016,0.12321384123991308,0.23569852209614783
Turkey,TUR,2006,hamilton,-0.06497256691003095,-0.02730994743643496,0.08774394321993384,0.08203197545133722,0.2795076040292397
Turkey,TUR,2007,hamilton,-0.03354240533737762,-0.025629847443810094,0.05352902103659307,0.04622595206558788,0.17665835579278166
Turkey,TUR,2008,hamilton,-0.04304015288106644,-0.013313019437114389,-0.006606571449859544,-0.019969489408239838,0.06872429090625776
Turkey,TUR,2009,hamilton,-0.008643985525924158,0.027279475944546758,-0.1029389304238757,-0.09624058388028445,-0.42206032850851294
Turkey,TUR,2010,hamilton,-0.02629604986965184,-0.017554850309618758,-0.026183038393135405,-0.01079950001709662,-0.08510689987386932
Turkey,TUR,2011,hamilton,-0.07827883518865608,-0.05903156776219628,0.0970905510518012,0.08592769484252383,0.42520539429969606
Uganda,UGA,1982,quadratic,-0.5219273924598147,-0.05708354063104133,0.07024697765934995,0.07481066615068599,0.27598872290059795
Uganda,UGA,1983,quadratic,-0.044834104938158426,-0.0048868982585870205,0.08996995749554593,0.08039087559808245,0.018615929222324468
Uganda,UGA,1984,quadratic,0.20584718374250777,0.040737520261207236,0.04746690988291391,-0.016124998452529127,2.8841538959767377e-05
Uganda,UGA,1985,quadratic,0.3396105592627814,0.05324243386489991,-0.028452165835584964,-0.14436723912473326,-0.07344625206204114
Uganda,UGA,1986,quadratic,0.33852353070815155,0.05018952884455061,-0.07013875494046395,-0.09735888103853618,-0.21381626154962063
Uganda,UGA,1987,quadratic,-0.0304227054282995,-0.010871036448943619,-0.07971421152976887,-0.02217644607607383,-0.14638802476400237
Uganda,UGA,1988,quadratic,0.02899569811512137,-0.011127074208423765,-0.05085439737947972,0.0021152333477978402,-0.07359534348444363
Uganda,UGA,1989,quadratic,0.04051635411345078,-0.005659947988546701,-0.0410403718231418,0.024376862388839626,-0.09102452946730644
Uganda,UGA,1990,quadratic,-0.1336846184774121,-0.020628960776297847,-0.030920181150348114,0.03805201310620987,-0.005500643085747825
Uganda,UGA,1991,quadratic,-0.16624317978297753,-0.03864437939893352,-0.030197986539791444,0.027993510620829554,0.11867894173632187
Uganda,UGA,1992,quadratic,-0.22458129474448008,-0.041480231373778015,-0.05081906897908617,0.006917221418731856,0.09568982252301517
Uganda,UGA,1993,quadratic,-0.23820760341736502,-0.027546992595237685,-0.025976488520704777,0.012521059730858042,0.026635253945759274
Uganda,UGA,1994,quadratic,-0.048440178192938,0.011821918759015351,-0.019986691624140462,-0.019637064358285272,-0.0522102683378769
Uganda,UGA,1995,quadratic,0.39706473234076256,0.022917322830443204,0.031966844734158784,0.05650876435154828,-0.21305060627714312
Uganda,UGA,1996,quadratic,0.21046370698394767,-0.0031542324801021593,0.060695763204947184,0.020059678123823588,0.2587863026721049
Uganda,UGA,1997,quadratic,0.23406738765614854,0.04227139339075972,0.05119222909122634,-0.02843574849104691,0.10493321018449464
Uganda,UGA,1998,quadratic,0.14999421774482258,0.010154356197265846,0.0382801713719374,0.035422915745924044,-0.04603884557594107
Uganda,UGA,1999,quadratic,0.03659760326629602,0.0014961249630250223,0.05288888555512017,0.034291954316755024,0.10567237763831194
Uganda,UGA,2000,quadratic,-0.12528590447055432,0.006829344597075515,0.01860951430292168,-0.01936054118459296,0.03466461904790208
Uganda,UGA,2001,quadratic,-0.17510459592577998,0.000306103989341458,0.001510605437513135,-0.029086580621651592,-0.022896169032330604
Uganda,UGA,2002,quadratic,-0.13855589866236961,-0.017715476241895817,0.015318693658141314,-0.014368605866390993,0.008448999783473354
Uganda,UGA,2003,quadratic,-0.1196748410627686,-0.01699945930100305,0.0060137414503032005,-0.011963710220149082,0.00986375627685021
Uganda,UGA,2004,quadratic,-0.1249894483053211,0.02003721918594155,-0.0020504660440163747,-0.02488406794814857,-0.06318627007252431
Uganda,UGA,2005,quadratic,-0.0816572223920895,0.013918847887363917,-0.01629757020182865,-0.05997791215678383,0.004716937660870002
Uganda,UGA,2006,quadratic,-0.047879016613772585,-0.015859285341451923,0.008781489338540283,0.02812979128407811,-0.0461717123386336
Uganda,UGA,2007,quadratic,-0.044205129798646325,-0.021475483013146876,0.010516708835746513,0.046001978179200265,-0.017666432031987256
Uganda,UGA,2008,quadratic,-0.01720478175317197,0.03179842089212166,0.013340113341111959,-0.0049493755214626844,0.009809365762139421
Uganda,UGA,2009,quadratic,0.05847212521632983,-0.008333701983567088,0.0010384655674968712,0.022714718713530146,0.03361790392177255
Uganda,UGA,2010,quadratic,0.09611878298296439,0.002565819269117295,-0.02545353201159628,-0.0034635598087202624,-0.030226275565960137
Uganda,UGA,2011,quadratic,0.1466260342928729,-0.006819654891144791,-0.04593518434712074,-0.014152512207795453,-0.010933351169489569
Uganda,UGA,1982,hp,-0.4229073808741539,-0.05262308742944465,0.038913178040649754,0.07328478491189117,0.21177389056032858
Uganda,UGA,1983,hp,0.006741013524873551,-0.004583925723910795,0.06890760055708434,0.08231435064381643,-0.015341079427674487
Uganda,UGA,1984,hp,0.21707121072092406,0.03789281773933739,0.03799813330229185,-0.010060748220677596,-0.006370151042876415
Uganda,UGA,1985,hp,0.3217389600680862,0.04883193202839203,-0.026083432166743137,-0.13502678616075414,-0.05695136430915504
Uganda,UGA,1986,hp,0.30480272221813287,0.04598824538945301,-0.0571467702495525,-0.08706218166977919,-0.18099225579635636
Uganda,UGA,1987,hp,-0.06797274437025447,-0.013383261192726273,-0.058510589841521465,-0.013348572641644907,-0.10513077630251466
Uganda,UGA,1988,hp,-0.00463805769196135,-0.011225459731024956,-0.024476639813473255,0.00781471431372438,-0.031321918006741
Uganda,UGA,1989,hp,0.014949657215164613,-0.003240940988210747,-0.01256676069540319,0.026187375883427677,-0.05362187530223217
Uganda,UGA,1990,hp,-0.1505818379289412,-0.01609798056206957,-0.0032250135752107667,0.036033828514829835,0.022987627981084557
Uganda,UGA,1991,hp,-0.17756635705790558,-0.03288340848077631,-0.005825906822954252,0.022765867958229435,0.13658877321556062
Uganda,UGA,1992,hp,-0.23561790054178555,-0.03568683565695312,-0.03195281848185516,-0.0007020069561178843,0.10350683694175622
Uganda,UGA,1993,hp,-0.2546614802942777,-0.02290548729549624,-0.014378646591778121,0.003299091667365417,0.025628865115383093
Uganda,UGA,1994,hp,-0.0740753615595171,0.014497337472001673,-0.01668014741478352,-0.02969493235262277,-0.06102192369112025
Uganda,UGA,1995,hp,0.3629706290245709,0.023411632706037272,0.02684267873602586,0.046326839001688214,-0.2291569571632941
Uganda,UGA,1996,hp,0.17386024582390203,-0.004601853148222937,0.048051752648909485,0.010707490134803876,0.2359984807436355
Uganda,UGA,1997,hp,0.20250160003346718,0.03934110468985576,0.0327210909770006,-0.036225720651840376,0.07847136477654715
Uganda,UGA,1998,hp,0.13087200185794678,0.006466764723246615,0.015975956522883195,0.02959924673041847,-0.07313302863571103
Uganda,UGA,1999,hp,0.03515870813055244,-0.0023507123226038096,0.028719767708478727,0.030872541819801924,0.08023706737142611
Uganda,UGA,2000,hp,-0.10727659904152897,0.003229342515947989,-0.00564196945541795,-0.020199870200833914,0.01316024692202511
Uganda,UGA,2001,hp,-0.13970866640134538,-0.002809450693342583,-0.021513541475060904,-0.027740851024319113,-0.0390190534393664
Uganda,UGA,2002,hp,-0.0905886118044652,-0.02030973357952226,-0.005584828285085663,-0.011601695649924082,-0.0017949655664093456
Uganda,UGA,2003,hp,-0.06530806726190352,-0.019208237087352503,-0.012077146619127177,-0.008630941996038644,0.005433213617305199
Uganda,UGA,2004,hp,-0.07084577546252646,0.018108532752488943,-0.016782142271480893,-0.021816191988440536,-0.062413864458015667
Uganda,UGA,2005,hp,-0.03415687524630062,0.012387376574702055,-0.027148116089232843,-0.05789479697410016,0.009482506947533054
Uganda,UGA,2006,hp,-0.01253139898720157,-0.016834991126680007,0.002477154241926627,0.028837320856412774,-0.038597935522766136
Uganda,UGA,2007,hp,-0.025267255844323877,-0.02181931999129609,0.009838308094181514,0.04585108895689771,-0.008539400440389144
Uganda,UGA,2008,hp,-0.01755596196507181,0.032248458784965614,0.019757242089962546,-0.004821898282228787,0.01955068212069655
Uganda,UGA,2009,hp,0.03758295656173072,-0.006623687171633974,0.0163122074322839,0.024418455221367097,0.0434359117876113
Uganda,UGA,2010,hp,0.055248627446342624,0.005983524444567831,0.0005318226639214885,0.0013236553085285152,-0.0206632995246121
Uganda,UGA,2011,hp,0.08776199970643539,-0.0011986976396998889,-0.007452423171145028,-0.004809457158826191,-0.0021856194743854473
Uganda,UGA,1982,hamilton,,,,,
Uganda,UGA,1983,hamilton,,,,,
Uganda,UGA,1984,hamilton,,,,,
Uganda,UGA,1985,hamilton,0.3238718350699159,0.07081597513853467,-0.1465826653341189,-0.25188008095912195,-0.20622231710405714
Uganda,UGA,1986,hamilton,0.22494199300237572,0.046420680013330023,-0.1034156062692464,-0.12666601331516958,-0.21698906582659738
Uganda,UGA,1987,hamilton,-0.20552222943039844,-0.01974029790463687,-0.01104125701389691,0.08084036285163165,-0.10301582162687595
Uganda,UGA,1988,hamilton,-0.10858443110807237,-0.02057284560836055,0.042179575398911595,0.10677737056610148,0.07619672261972354
Uganda,UGA,1989,hamilton,0.2821305025518068,0.012105594149016352,0.04400874366130658,0.05841193566362257,0.08970721340355681
Uganda,UGA,1990,hamilton,-0.11721792015615673,-0.012249438225046552,0.001977510687387607,0.03388085162604071,0.10662831431193709
Uganda,UGA,1991,hamilton,-0.15250511398544564,-0.035635145938562166,0.005831518203498476,0.001557163281614038,0.20598789706293807
Uganda,UGA,1992,hamilton,-0.03259133487688981,-0.032645393365463474,-0.0239896619614548,-0.03448434612863949,0.1473594208157074
Uganda,UGA,1993,hamilton,-0.09262750284293997,-0.0132800917480171,0.007385707777800121,-0.022622729699978805,-0.02512953750330027
Uganda,UGA,1994,hamilton,0.1355549936617635,0.02384586419012892,0.04951340746961286,-0.033129246883015995,-0.14991153408461955
Uganda,UGA,1995,hamilton,0.5622410710994394,0.026202615049930406,0.04879150977763658,0.04643254610503078,-0.26452346704556184
Uganda,UGA,1996,hamilton,0.15749647687523538,-0.019290956865129646,0.08414157987213855,0.0357886229646418,0.280007337674661
Uganda,UGA,1997,hamilton,-0.22944680449876742,0.023992060961261885,-0.006849603827525641,-0.06255301681182246,0.24546787001603754
Uganda,UGA,1998,hamilton,0.055992716615932636,0.005654327488492136,-0.03437710914246317,0.01028612315403521,-0.07264671070830886
Uganda,UGA,1999,hamilton,-0.16334740588308438,-0.028938590994429705,0.014769474199331611,0.059559792883570495,-0.06170032309833395
Uganda,UGA,2000,hamilton,-0.2313316144141888,-0.002471257479864361,-0.0029608517329187123,-0.02986077869537951,0.016438279440745163
Uganda,UGA,2001,hamilton,-0.19765658784725115,-0.007789806450075765,-0.05143807662737565,-0.05558910371391512,-0.048639179388255016
Uganda,UGA,2002,hamilton,-0.03635677031029605,-0.028805945224711624,0.029150727865772552,0.0032780039594975108,-0.05151260798712798
Uganda,UGA,2003,hamilton,-0.03117296075241427,-0.023307337368110456,0.027841922544258324,0.02963699494429939,0.012498120063520801
Uganda,UGA,2004,hamilton,-0.09731745762357402,0.023302265506662645,-0.01308582021780147,0.008627415641424108,-0.04984916928229843
Uganda,UGA,2005,hamilton,-0.060640429326054957,0.016373977215027827,-0.00279472955837079,-0.03179897088959471,0.0026959062328302252
Uganda,UGA,2006,hamilton,-0.01366792507297987,-0.030160058107315577,0.030428935748691543,0.06656021177119875,-0.011415335978950836
Uganda,UGA,2007,hamilton,-0.05762244980552644,-0.02658374398325805,0.051273560380838745,0.11657628009627174,0.016211318826542254
Uganda,UGA,2008,hamilton,-0.04775528405819429,0.04339307016455296,0.00394421580739035,0.005830638018005985,0.038103146891034
Uganda,UGA,2009,hamilton,0.04019409102693583,0.005531444235220451,0.0044670272699445235,-0.005433630686262347,0.07090258753755485
Uganda,UGA,2010,hamilton,0.054084302026426556,-0.008010486873571976,-0.025482828921704836,0.004082043737453134,-0.020410806332446185
Uganda,UGA,2011,hamilton,0.03885624006226074,0.011843522024397965,-0.02368720605753971,-0.014108439481512747,-0.026238258930098013
Uruguay,URY,1980,quadratic,0.21618101537226408,-0.06900787869044911,0.15915770112300365,0.2412216279281285,0.2850155444483402
Uruguay,URY,1981,quadratic,-0.10379896396913058,-0.048151751372289144,0.15556343348950996,0.1278334097191749,0.49425643095837835
Uruguay,URY,1982,quadratic,-0.06689351250315667,-0.03414022031192502,0.03343144880778404,-0.0031908261912381164,0.2972655589755089
Uruguay,URY,1983,quadratic,-0.13346878832260778,0.015462946764313238,-0.09481625652778192,-0.10805949135861503,-0.15759263711315263
Uruguay,URY,1984,quadratic,-0.07538335903531301,0.0423729323410981,-0.1265436035505516,-0.14157708867318242,-0.34971555940494525
Uruguay,URY,1985,quadratic,-0.1460281165651045,0.046083295942315715,-0.1326441465294952,-0.1567084898500326,-0.4189660856271047
Uruguay,URY,1986,quadratic,0.028916579820684518,0.05209626051553842,-0.06923019419412313,-0.09380252604731432,-0.37320656879986913
Uruguay,URY,1987,quadratic,0.1065338845031043,0.02079636830931312,-0.013686527581104002,-0.017534192606147414,-0.07288978563751058
Uruguay,URY,1988,quadratic,0.12665400831967144,0.03914988334988224,-0.02080115876974986,-0.04282140866209616,-0.055695309489671274
Uruguay,URY,1989,quadratic,0.09006428358587293,0.053068244037085543,-0.03227019637681572,-0.041101560321017416,-0.2647718265711738
Uruguay,URY,1990,quadratic,0.018892724064913935,0.04871865772483046,-0.052484502307860836,-0.055317219029737075,-0.27685056630021165
Uruguay,URY,1991,quadratic,0.004010037006905165,0.024511705585097673,-0.041601189449396614,-0.04773301057643664,-0.05473135132799101
Uruguay,URY,1992,quadratic,-0.018885764170332386,0.005875782076933782,0.010227035934756046,0.03340944900371312,0.00979106738765978
Uruguay,URY,1993,quadratic,-0.02839296736736774,-0.006552815244117983,0.011429137517085408,0.039675939082027156,0.022511228921976212
Uruguay,URY,1994,quadratic,-0.024394851943909224,-0.008398412541041051,0.05626629517885995,0.08751811064873571,0.07626699167033557
Uruguay,URY,1995,quadratic,0.0466544005770837,-0.0026364951766689017,0.015933107226340226,0.04651261930912476,-0.00012194597593406797
Uruguay,URY,1996,quadratic,0.019325275346631088,-0.0032173168545443554,0.047444905446953456,0.06767489295959983,0.013378782119730204
Uruguay,URY,1997,quadratic,0.019600394865724624,-0.03183058501005751,0.10366763845825133,0.16115768775988926,0.16196485953515705
Uruguay,URY,1998,quadratic,0.09703796362128791,-0.032136459767744756,0.1226022614340394,0.17522673253468923,0.20124396066690053
Uruguay,URY,1999,quadratic,0.03110446333093453,-0.03456610262711692,0.07812751874968882,0.14854532162875778,0.0078020600202179935
Uruguay,URY,2000,quadratic,-0.0611828075019174,-0.033944806367840114,0.034247005774377115,0.11204156682857658,-0.08779858913372252
Uruguay,URY,2001,quadratic,-0.011010712806434952,-0.025384038548548617,-0.02840078140718738,0.04101371116785302,-0.16994574549034702
Uruguay,URY,2002,quadratic,-0.013712969217340998,0.012021420661981645,-0.13053491070476397,-0.0949692767300725,-0.37497020276647497
Uruguay,URY,2003,quadratic,0.006697347804504261,0.028811741968909566,-0.14304958779732502,-0.15883938128967756,-0.2482270759537215
Uruguay,URY,2004,quadratic,-0.015596353932761708,0.02691814657826369,-0.11615020441208834,-0.14527948235619625,-0.09524176032451237
Uruguay,URY,2005,quadratic,-0.09863125076754375,0.0210661137187439,-0.06832017996286943,-0.08794667055221872,-0.047599586626606794
Uruguay,URY,2006,quadratic,-0.10869437329407283,-0.009390321089641619,-0.05413900724595955,-0.056649841639876186,0.047491107942137845
Uruguay,URY,2007,quadratic,-0.09212901247843863,-0.005827430492257284,-0.01739817973472846,-0.028454238505782214,0.07292019410407669
Uruguay,URY,2008,quadratic,-0.018200708584727998,-0.04426158431165708,0.024643986130818973,0.004511527604547538,0.2723527510790369
Uruguay,URY,2009,quadratic,0.02712903734322758,0.013178862868759009,0.02062660442684816,-0.04469735681348297,0.07955611955619091
Uruguay,URY,2010,quadratic,0.07570816445423745,0.01533871433683062,0.07728177059546937,0.03314342882604571,0.06860533871157237
Uruguay,URY,2011,quadratic,0.10189493244301762,0.004360865139975984,0.10363211333488564,0.062212003476185274,0.12301260996365926
Uruguay,URY,1980,hp,0.21292648401796388,-0.047790409201045714,0.12150526573937981,0.2215933161615098,0.06138033761424744
Uruguay,URY,1981,hp,-0.09665406721911207,-0.03288225747486646,0.12838348455767346,0.1178784131349726,0.3193212073467748
Uruguay,URY,1982,hp,-0.0521772159522742,-0.026522824966681322,0.020322656632730585,0.00046084490367981346,0.1835677761330068
Uruguay,URY,1983,hp,-0.115171844442302,0.014535529083286425,-0.09283114086758992,-0.0898388396212475,-0.20485832566726003
Uruguay,URY,1984,hp,-0.05813747230549193,0.03308462389548282,-0.11122097476951787,-0.11080079131245135,-0.33453298194002734
Uruguay,URY,1985,hp,-0.1339542250297141,0.02954930043873471,-0.10759123372621282,-0.11746714147124138,-0.3524489689445236
Uruguay,URY,1986,hp,0.03278967927670795,0.030032216866600327,-0.038792851103684356,-0.05115597292884999,-0.2702532084135818
Uruguay,URY,1987,hp,0.10160907840412925,-0.004777142370774926,0.018126679762161757,0.02366313871522685,0.05134144391538342
Uruguay,URY,1988,hp,0.11443796980660448,0.012092106785783933,0.009104563003825561,-0.007210746203643481,0.07709786775372685
Uruguay,URY,1989,hp,0.07315138163211188,0.02660379419275694,-0.007011360581275383,-0.014734665707566208,-0.13420358449154612
Uruguay,URY,1990,hp,-0.0001793562217100586,0.024856597592833922,-0.034159049114576234,-0.041298735697568034,-0.15813608229433562
Uruguay,URY,1991,hp,-0.01547173418664105,0.004926530604850411,-0.031972598092638194,-0.048467779758953,0.045000647483352196
Uruguay,URY,1992,hp,-0.037814142964536224,-0.008341145841220466,0.010259894101812606,0.016629375632957633,0.08749331049584264
Uruguay,URY,1993,hp,-0.046436557233772824,-0.014942533024957488,0.0021517250032854207,0.007155977206927844,0.07876789595569456
Uruguay,URY,1994,hp,-0.041475801702221204,-0.011050944486053866,0.039045809414050225,0.040994849554296664,0.11441877929064681
Uruguay,URY,1995,hp,0.030824762331327804,-4.1427633803293616e-05,-0.006803036688674879,-0.01091773789061179,0.025234496964817055
Uruguay,URY,1996,hp,0.005661198259094391,0.00384671122665171,0.022290278059365676,0.003383308102090865,0.03207406539466362
Uruguay,URY,1997,hp,0.009333459199955207,-0.021364873665340588,0.07992949221942247,0.09510958640453282,0.18070547346824561
Uruguay,URY,1998,hp,0.09166046827612995,-0.019663447871844764,0.1046304481284146,0.11355183547278536,0.22698796023839662
Uruguay,URY,1999,hp,0.032276091248526484,-0.0215936295932464,0.06998748240262032,0.09744726341892473,0.04595201013197325
Uruguay,URY,2000,hp,-0.052551594018903636,-0.021897533831367888,0.03867347817084443,0.07666237744202675,-0.03566549326064106
Uruguay,URY,2001,hp,0.004918566992722084,-0.01538751407106739,-0.010703655546604907,0.02445934335421107,-0.10653719841697118
Uruguay,URY,2002,hp,0.008806392036913913,0.019359738930969025,-0.1012803085055971,-0.09239557121719422,-0.30692213390333656
Uruguay,URY,2003,hp,0.03450315437113094,0.03355636043270076,-0.10626097167574855,-0.1398816451262288,-0.18503827757667501
Uruguay,URY,2004,hp,0.015508546601454398,0.029611938803647167,-0.07714851898986375,-0.11480509693549301,-0.04620466623570785
Uruguay,URY,2005,hp,-0.06724335435629136,0.022394756831671934,-0.032661242350579656,-0.05154753953368285,-0.019949889378715113
Uruguay,URY,2006,hp,-0.08122341130811872,-0.008894465792089416,-0.02684202185310447,-0.019494339979674535,0.049036503708286716
Uruguay,URY,2007,hp,-0.0732863138883415,-0.0060092651101907035,-0.0026191258462091582,0.005228262938516082,0.046362670553280694
Uruguay,URY,2008,hp,-0.012396766916182855,-0.045254329684454406,0.02388077457322524,0.03162560547376181,0.217921612144643
Uruguay,URY,2009,hp,0.01651742714827087,0.01101375981355292,0.0024546300829566547,-0.026165461009526325,-0.0007550357654348971
Uruguay,URY,2010,hp,0.04646187370672816,0.011864123880348843,0.04075356498094962,0.0418447928888348,-0.03600715505935348
Uruguay,URY,2011,hp,0.05278732443532608,-0.0004461628261059722,0.048694690520425965,0.06086154954625478,-0.004729915019414221
Uruguay,URY,1980,hamilton,,-0.05802652105139564,0.05281413425341164,0.19251730167370162,-0.06847643258923775
Uruguay,URY,1981,hamilton,,-0.0209037692560275,0.004028865475461885,0.02032077704332913,0.08849637553245593
Uruguay,URY,1982,hamilton,,-0.0020339661109300827,-0.15363860766007598,-0.24300097092733886,0.06765032819416916
Uruguay,URY,1983,hamilton,0.018622345996882395,0.030185061522525557,-0.25431190417175564,-0.2374068875515256,-0.5127826802793862
Uruguay,URY,1984,hamilton,-0.012472916571435455,0.053234864439649664,-0.09591858660808583,-0.14527796529905856,-0.575783519272683
Uruguay,URY,1985,hamilton,-0.02399856498709596,0.028735432727007237,0.0309082247651844,-0.05978066890464717,-0.3768679723710342
Uruguay,URY,1986,hamilton,0.0918022832318961,0.029647268431156587,0.0723880892197748,0.035950810636000696,-0.22489940548018872
Uruguay,URY,1987,hamilton,0.23516398459248045,0.0024725113975826336,0.12017420897735143,0.12800568719095295,0.11830319710177051
Uruguay,URY,1988,hamilton,0.10235029091648862,0.01781411891689987,0.010689179297820317,0.044280008211979194,0.11524310706876228
Uruguay,URY,1989,hamilton,0.03546068396828517,0.05302603536632054,-0.05164139703215298,-0.024646982080577473,-0.25942155032153025
Uruguay,URY,1990,hamilton,-0.0389728903871962,0.029240238124122415,-0.02886033399591348,-0.012626500180619615,-0.26226559576462094
Uruguay,URY,1991,hamilton,-0.023260236145449475,0.0005060536666043995,-0.00345517204624457,-0.0051777761193569916,0.0934814313665342
Uruguay,URY,1992,hamilton,0.0009327275669592794,-0.012121579528957996,0.07415818229637061,0.0912099922215237,0.1692782344502639
Uruguay,URY,1993,hamilton,-0.012768245468298467,-0.010365481982643624,0.047432485537678204,0.09186566407817054,0.06249368893118756
Uruguay,URY,1994,hamilton,0.0036188896331248444,-0.006430210879760895,0.017628984365972045,0.06416238083507508,0.09721193401233386
Uruguay,URY,1995,hamilton,0.07468839713188924,0.002500842711994661,0.005139698814849325,0.01945955132910271,0.02770779973696058
Uruguay,URY,1996,hamilton,0.038917450554643906,-0.00015393948006625462,-0.03248119338503663,-0.0031576557661878724,0.022854035457710253
Uruguay,URY,1997,hamilton,-0.020063115345827498,-0.03312304946281652,0.1127992957372026,0.1315011887503541,0.23130881769934675
Uruguay,URY,1998,hamilton,0.08822330421194291,-0.031908262349413165,0.060099153204179245,0.1269509131261568,0.274045924054672
Uruguay,URY,1999,hamilton,0.012634943323734937,-0.016528570673897427,-0.05429932376489077,0.013155925783170375,0.0080875226276369
Uruguay,URY,2000,hamilton,-0.14548818036917233,-0.022972733027986553,-0.09568895122617604,-0.034297076513425395,-0.09106098020492048
Uruguay,URY,2001,hamilton,-0.03355297251706091,-0.013242693094905918,-0.07738490846375967,-0.07793415592148634,-0.043064929700038945
Uruguay,URY,2002,hamilton,0.019296772994541023,0.02285496112981224,-0.1352269126905412,-0.17740895131566425,-0.1822780986896504
Uruguay,URY,2003,hamilton,-0.022677176704941182,0.03400852625962002,-0.07367636355063034,-0.17191437417238653,0.0059776932414035144
Uruguay,URY,2004,hamilton,-0.039169777105625414,0.010028137594985886,0.07865539407521638,-0.027294146874375258,0.2935569332459913
Uruguay,URY,2005,hamilton,-0.14485005336914814,0.0022303405408659605,0.089080737297774,0.09198098834433388,0.2775788921207081
Uruguay,URY,2006,hamilton,-0.1397222615174325,-0.023314755714315308,0.054517400692750684,0.11192115456108809,0.30465715646495006
Uruguay,URY,2007,hamilton,-0.06815421251175913,-0.01688997759165349,0.031883197298022026,0.08756850907884761,0.325264223303277
Uruguay,URY,2008,hamilton,-0.008595859594429989,-0.03777546765636022,0.07912613133189872,0.09310028142344784,0.4891723256784246
Uruguay,URY,2009,hamilton,0.014650336453441604,0.00953694461632125,0.02595944431056907,0.019265129608731613,0.3037612912783345
Uruguay,URY,2010,hamilton,0.0004509752434493919,0.03658697961478911,0.03785692366874649,0.06793467959847455,0.1963101729088077
Uruguay,URY,2011,hamilton,-0.0030669232249112,-0.020805833087011023,0.09468865332023135,0.14619071941421602,0.3905551379586587
"Venezuela, RB",VEN,1980,quadratic,-0.2178952783800847,0.03667711314738532,0.06420832774334251,-0.013974030512110325,0.16409200632736276
"Venezuela, RB",VEN,1981,quadratic,-0.051120922551808334,0.014503249897582164,0.03070880617091376,0.0031911756814126946,0.058431204419210125
"Venezuela, RB",VEN,1982,quadratic,-0.0046236507215970946,-0.06120206470330142,-0.015576668458362697,0.02828091812677158,0.1426906098435312
"Venezuela, RB",VEN,1983,quadratic,0.17995264944417322,0.04195282389220042,-0.0784340301620361,0.04359238842068436,-0.7344067646141221
"Venezuela, RB",VEN,1984,quadratic,0.2220944895051895,0.03899361357448501,-0.08774415186966777,-0.036225312419356115,-0.3440231182281517
"Venezuela, RB",VEN,1985,quadratic,0.31362474871580925,0.019711922381496362,-0.10863147810662799,-0.04581631308634915,-0.30532124227235347
"Venezuela, RB",VEN,1986,quadratic,-0.22500179386431007,-0.03885646175348444,-0.06762878497754077,0.06232312787418959,-0.17692167186142882
"Venezuela, RB",VEN,1987,quadratic,0.00974834817451864,-0.05375902070445836,-0.0538354775205363,0.04273740692711847,0.03157021085471179
"Venezuela, RB",VEN,1988,quadratic,-0.20138633184294275,-0.10170064957479212,-0.01806772653611688,0.1081464052802188,0.17286141438747205
"Venezuela, RB",VEN,1989,quadratic,-0.00441284608836412,0.07728392162898315,-0.12799778053695743,-0.05491421952955644,-0.7201096805710119
"Venezuela, RB",VEN,1990,quadratic,0.18928097120915144,0.1380805084099893,-0.08529228798491495,-0.052255737415008774,-0.8915302827313702
"Venezuela, RB",VEN,1991,quadratic,0.024520773847347854,0.01014044924303887,-0.011646288121491821,0.09209910421748013,-0.21192855461790572
"Venezuela, RB",VEN,1992,quadratic,-0.007733126713042715,-0.06878748395958832,0.027565471735099045,0.17906922716228646,0.06901912026273926
"Venezuela, RB",VEN,1993,quadratic,-0.06666919808215788,-0.04703928004211246,0.011002816085258438,0.2110981835605621,-0.18019925186867702
"Venezuela, RB",VEN,1994,quadratic,-0.07082350856608688,0.03561999420202905,-0.031792337627300604,0.1312216592340789,-0.5018473828086769
"Venezuela, RB",VEN,1995,quadratic,-0.07510037848195861,0.0021168577011238462,-0.011692638196748817,0.14666410895593796,-0.23323971004374133
"Venezuela, RB",VEN,1996,quadratic,0.056210729571262164,0.09377843276898855,-0.032034573765317376,0.036598218277473116,-0.34183541747279556
"Venezuela, RB",VEN,1997,quadratic,-0.004415538103271999,0.01687464789317615,0.011683760131577792,-0.12000218508351956,0.21716294945053605
"Venezuela, RB",VEN,1998,quadratic,-0.37004438337972756,-0.0779315301380413,-0.0030849058347364178,-0.017527971778927842,0.3061997771078113
"Venezuela, RB",VEN,1999,quadratic,-0.12863839665036902,-0.02980576558612364,-0.08216040546164027,-0.09465395497445872,0.08296411099744372
"Venezuela, RB",VEN,2000,quadratic,0.19987212749826,0.040586241347880456,-0.06288104695306185,-0.17300561719600793,0.01038898871071936
"Venezuela, RB",VEN,2001,quadratic,-0.06348446086183035,-0.041400487259000134,-0.046684449028552955,-0.0907760847085699,0.1570770204744143
"Venezuela, RB",VEN,2002,quadratic,-0.07848773643559603,0.027099751182289564,-0.15648154485077193,-0.21849302675549964,-0.21540843973878765
"Venezuela, RB",VEN,2003,quadratic,-0.047538323415939665,0.04973820065769513,-0.254099364753273,-0.2854267430381672,-0.6425673834892391
"Venezuela, RB",VEN,2004,quadratic,0.03254545522047447,0.06512318078226671,-0.10288594072886603,-0.23303701699144064,-0.13211945319131058
"Venezuela, RB",VEN,2005,quadratic,0.19120293996544824,0.09367538796151224,-0.021188703679408505,-0.1939208831593806,0.003005714452092967
"Venezuela, RB",VEN,2006,quadratic,0.24855780046600806,0.051890521269731774,0.05641286363848952,-0.10173191100860812,0.23723677473784832
"Venezuela, RB",VEN,2007,quadratic,0.20977391749315277,-0.03779696216598592,0.12395100114309976,0.059923194187118334,0.42342171685818286
"Venezuela, RB",VEN,2008,quadratic,0.2791434812423921,0.0021175856793424624,0.15909267230765778,0.11274618264492098,0.3343511606653218
"Venezuela, RB",VEN,2009,quadratic,-0.18965752466564822,-0.14632379498007214,0.11043649477344886,0.2746142172068362,0.24521520801011398
"Venezuela, RB",VEN,2010,quadratic,-0.1788782896794192,-0.008609324289502923,0.07935753198950657,0.1371844082834528,0.05203447146411477
"Venezuela, RB",VEN,2011,quadratic,-0.17061674386878956,-0.02049457653762704,0.10445710046550616,0.16101553900974164,0.12417927425105546
"Venezuela, RB",VEN,1980,hp,-0.10089476930904873,0.056153724653117174,0.014085835787109424,-0.01986680710122446,-0.028438257363665898
"Venezuela, RB",VEN,1981,hp,0.007558298373973038,0.03139293140643283,0.0012441315102789119,-0.007396279831024977,-0.0491437555955061
"Venezuela, RB",VEN,1982,hp,0.007234559256563244,-0.04722232416500806,-0.024166327111535324,0.013156285215636387,0.12111303145190355
"Venezuela, RB",VEN,1983,hp,0.15742349038168868,0.05287468317015312,-0.0677053320022063,0.023847957038920953,-0.675257012672775
"Venezuela, RB",VEN,1984,hp,0.1784726224258133,0.0473569452278566,-0.06078595072650028,-0.06104384879239433,-0.21693934679535953
"Venezuela, RB",VEN,1985,hp,0.26149161885625904,0.026134627139887734,-0.06938776912498135,-0.07677342599041825,-0.12386745161433232
"Venezuela, RB",VEN,1986,hp,-0.275562683278614,-0.03411150551890966,-0.020290845110193523,0.024163240368149985,0.046736841798868944
"Venezuela, RB",VEN,1987,hp,-0.034269655768980556,-0.05104530325237264,-0.002147987836943699,-0.00292144552311413,0.28790552985374074
"Venezuela, RB",VEN,1988,hp,-0.23624803665716154,-0.1016469147385149,0.0348741362287015,0.05521877286860999,0.4545156312031118
"Venezuela, RB",VEN,1989,hp,-0.029519372924210252,0.07428412947400911,-0.07622573721313497,-0.1143248571394535,-0.42120351861799676
"Venezuela, RB",VEN,1990,hp,0.17487644675795266,0.13288531349358315,-0.03679201377379737,-0.11736020340852793,-0.5886933297893595
"Venezuela, RB",VEN,1991,hp,0.022408215473496362,0.004116803105541494,0.032564767527857086,0.02323663727797598,0.0804758688817575
"Venezuela, RB",VEN,1992,hp,0.0029306195019911385,-0.07509265560225006,0.06792227973399712,0.11070483937150044,0.34147246090363925
"Venezuela, RB",VEN,1993,hp,-0.044074516102591055,-0.053940245329481135,0.04906712003012803,0.14957584129747925,0.06682446082315963
"Venezuela, RB",VEN,1994,hp,-0.03850227317725352,0.027698699830963916,0.00598875574772606,0.08386616676824854,-0.2851065594391313
"Venezuela, RB",VEN,1995,hp,-0.036175240409012765,-0.006820166038779454,0.027771416780072222,0.12028535003449647,-0.051677998260872826
"Venezuela, RB",VEN,1996,hp,0.09808387396505402,0.08398242753064347,0.010975606114916658,0.03665249445746177,-0.1975409348377628
"Venezuela, RB",VEN,1997,hp,0.03657822301407432,0.0065967588427117,0.05972250517901223,-0.09061500793550703,0.32542697006241195
"Venezuela, RB",VEN,1998,hp,-0.3349097271097903,-0.08893367977368319,0.050974365544709244,0.041169011568685576,0.3849703968554188
"Venezuela, RB",VEN,1999,hp,-0.10586068100262036,-0.042459994627808785,-0.02217635073613966,-0.008687070751335568,0.14082441537326407
"Venezuela, RB",VEN,2000,hp,0.20562604981632315,0.02555600882921548,0.001334600326321933,-0.06423723809282311,0.05411838357226362
"Venezuela, RB",VEN,2001,hp,-0.0765315947036429,-0.0589021526293742,0.018693915713688725,0.03398375331538883,0.19024298789049432
"Venezuela, RB",VEN,2002,hp,-0.11127985988832911,0.007404158193392296,-0.09439836803881718,-0.0862510233529683,-0.1929915253237846
"Venezuela, RB",VEN,2003,hp,-0.09942072460444695,0.029088141417669397,-0.20134525072400233,-0.15625096291533058,-0.6367406851342512
"Venezuela, RB",VEN,2004,hp,-0.03506106790359187,0.04564603121078217,-0.06612675011353719,-0.1186524336890935,-0.15244975620536216
"Venezuela, RB",VEN,2005,hp,0.11494410187715065,0.07809555711633684,-0.0057088303808958685,-0.10566654547169385,-0.05040659063876696
"Venezuela, RB",VEN,2006,hp,0.1747747162349551,0.04307299103462396,0.04737175994683618,-0.049374418646234375,0.1479837490257303
"Venezuela, RB",VEN,2007,hp,0.15250147677219772,-0.03762759265244052,0.0892470833212613,0.06924635605176377,0.30023960005006245
"Venezuela, RB",VEN,2008,hp,0.25357564735341853,0.012427341424607677,0.099210208149481,0.07502038756412333,0.18234209286590364
"Venezuela, RB",VEN,2009,hp,-0.1686927294994529,-0.12541500324901506,0.026593386173433764,0.18825523389706245,0.06966944390305141
"Venezuela, RB",VEN,2010,hp,-0.0994545408071037,0.02253804303817729,-0.02748678713869257,0.0022881967497117017,-0.14339304061665192
"Venezuela, RB",VEN,2011,hp,-0.022022486916639217,0.020965945886757043,-0.024953397119802823,-0.022524301793394486,-0.08980703825822278
"Venezuela, RB",VEN,1980,hamilton,,0.0028088359821940856,-0.055915895320199915,-0.062004526105208235,-0.20314201179590352
"Venezuela, RB",VEN,1981,hamilton,,-0.038949909270688886,-0.0725511922488229,-0.002383842313697926,-0.19574596229426522
"Venezuela, RB",VEN,1982,hamilton,,-0.09815821949620275,-0.05674759255139783,0.06163846615692581,0.022742578627434895
"Venezuela, RB",VEN,1983,hamilton,-0.0018970842680268163,0.015083810995139217,-0.10330676596908628,0.05477136668718963,-0.7968087227167384
"Venezuela, RB",VEN,1984,hamilton,-0.0029108823528787298,0.014085988707993984,-0.07678222220448827,-0.04213153040632989,-0.43808070449532366
"Venezuela, RB",VEN,1985,hamilton,-0.05676568055739484,-0.0244070089549209,-0.04878088811459147,-0.06086668463162237,-0.05332256483490472
"Venezuela, RB",VEN,1986,hamilton,-0.634062538806722,-0.06704038042414272,-0.012259076647907818,0.10499850094979912,-0.02988192419683955
"Venezuela, RB",VEN,1987,hamilton,-0.4662561198180155,-0.08041702350319699,0.01848516850455617,0.07988227311279061,0.13369670488593144
"Venezuela, RB",VEN,1988,hamilton,-0.2334454679097684,-0.12602783197920497,0.011002988482902154,0.06444854182236881,0.21689782630783316
"Venezuela, RB",VEN,1989,hamilton,-0.17368504284810715,0.04641102021079466,-0.1044609220978181,-0.07216986539289572,-0.7722817476290933
"Venezuela, RB",VEN,1990,hamilton,0.18849184892430504,0.11000913182962563,-0.09317934184350385,-0.12127815531991448,-1.0176643654997717
"Venezuela, RB",VEN,1991,hamilton,-0.10530325237314742,-0.03683452749953171,0.0898866869299928,0.1465725864956049,0.012054175908923881
"Venezuela, RB",VEN,1992,hamilton,-0.29379741775114887,-0.09139204642186273,0.06692055141475794,0.20742373924896995,0.4182785609285862
"Venezuela, RB",VEN,1993,hamilton,-0.21548474413982266,-0.048543987034150006,-0.010709885263732843,0.13354909233728396,-0.097727553160742
"Venezuela, RB",VEN,1994,hamilton,-0.16197349002387362,0.02348600603168769,-0.07618116352762083,0.007739427730966142,-0.5798582809302264
"Venezuela, RB",VEN,1995,hamilton,-0.09577001459850187,-0.020541155948106772,-0.03324480372524441,0.008909698836727209,-0.23044433877288473
"Venezuela, RB",VEN,1996,hamilton,0.06455415546061527,0.07145010619346082,-0.0171086004837937,-0.04253559962713016,-0.19399578636527526
"Venezuela, RB",VEN,1997,hamilton,0.030021260916912595,0.013058403022710975,-0.0009387546682662062,-0.2240280738066689,0.27561501899995466
"Venezuela, RB",VEN,1998,hamilton,-0.4188473558507293,-0.08978327545296308,0.007052172565833459,-0.04374227049055879,0.38990671627481355
"Venezuela, RB",VEN,1999,hamilton,-0.1134383822529843,-0.017921495918323274,-0.11717871570604466,-0.026519284663438114,-0.053959656346187046
"Venezuela, RB",VEN,2000,hamilton,0.5433488608088757,0.05253444105834221,-0.07561475806013984,-0.20290735899419143,-0.19995616726233845
"Venezuela, RB",VEN,2001,hamilton,0.13794151956780354,-0.04250966308655029,0.0116370288283969,-0.05532456108760808,0.030887547707783902
"Venezuela, RB",VEN,2002,hamilton,-0.13509117417874172,0.03303787514140637,-0.13183983626662243,-0.14090211263344532,-0.2979184046473007
"Venezuela, RB",VEN,2003,hamilton,0.11464957521475583,0.0778213301985923,-0.2408427184445845,-0.28131044143553297,-0.7799424171767537
"Venezuela, RB",VEN,2004,hamilton,0.2572837810361257,0.08146088166412219,0.016441426151560634,-0.13035182200583328,-0.12790008204601655
"Venezuela, RB",VEN,2005,hamilton,0.42331200669574454,0.12462528538482011,0.16805069932645367,-0.06445683779968281,0.20513791627636024
"Venezuela, RB",VEN,2006,hamilton,0.445650859975939,0.09141356540255399,0.08493744492830668,-0.023204801347068482,0.26081547133578376
"Venezuela, RB",VEN,2007,hamilton,0.30523300007789445,0.008526003347454417,0.10589941539160552,0.11282353544526647,0.3596326949371109
"Venezuela, RB",VEN,2008,hamilton,0.3506893820761787,0.06280804591033762,0.08466677705416004,0.1000000879319245,0.16774649600857483
"Venezuela, RB",VEN,2009,hamilton,-0.054838517083242166,-0.07792796531780884,-0.011695495291951019,0.15327979279074722,-0.010969348217846786
"Venezuela, RB",VEN,2010,hamilton,-0.06046489518665865,0.05086520374610434,-0.06206830974566291,-0.005458250606122483,-0.17873134063099894
"Venezuela, RB",VEN,2011,hamilton,0.36285580924460703,0.06398349035860734,0.015899942265599876,-0.09589471462699528,-0.0629328540355436
Zambia,ZMB,1980,quadratic,0.006379614933456956,-0.031176309234851263,0.05592603324315171,0.012077141229022814,0.2781722289170201
Zambia,ZMB,1981,quadratic,-0.2469551074565901,-0.12098576815290932,0.09706881569135106,0.20135039573676217,0.14632562782792213
Zambia,ZMB,1982,quadratic,-0.5047477486100727,-0.07050736826146145,0.049506023506408425,0.13225862670766197,-0.03029229657079391
Zambia,ZMB,1983,quadratic,-0.20788375475349596,0.04094700175626455,0.010432349620684178,0.023114589675554242,-0.25657351732024836
Zambia,ZMB,1984,quadratic,-0.11128110631928667,0.048875958509247086,-0.012162687742456768,-0.05051098800361764,-0.20383087436388792
Zambia,ZMB,1985,quadratic,0.0673989922765994,0.026881523622818378,-0.0152403408653079,-0.002734063553198496,-0.18431366227004808
Zambia,ZMB,1986,quadratic,0.1978397255969373,0.02095322847608927,-0.027078984294252706,-0.21915507734740558,0.28057976399358786
Zambia,ZMB,1987,quadratic,0.4590687070363755,0.07748271328287325,-0.019663657658817613,-0.008835745532506323,-0.3334381816653078
Zambia,ZMB,1988,quadratic,0.6925418778054224,0.11560259000837216,0.022579871619663905,0.08389699725913857,-0.4246007948545323
Zambia,ZMB,1989,quadratic,0.09261693426701445,-0.02541624680635908,-0.005756554178569573,0.25703927208661526,-0.4738209340301349
Zambia,ZMB,1990,quadratic,0.33750153792656956,0.03884747458027743,-0.027874487286172922,-0.01952787998105876,-0.024575767558685513
Zambia,ZMB,1991,quadratic,0.05770520995126738,0.021339484129019235,-0.04465566924807263,-0.11658826337736805,-0.49055210773039626
Zambia,ZMB,1992,quadratic,-0.10943734376902103,-0.06006961129754618,-0.07789826814370038,0.19235436806459916,-0.44775686203353615
Zambia,ZMB,1993,quadratic,-0.11747317078564912,-0.019522873626469664,-0.027913582619754962,0.09416024730473893,-0.16443464395372231
Zambia,ZMB,1994,quadratic,0.10255750812167008,0.03919994872994888,-0.13467892448481145,-0.017345811543364675,-0.3176269085633816
Zambia,ZMB,1995,quadratic,0.3406478125950825,0.014075125708139742,-0.18111738925025733,-0.07984850992580306,-0.2680272795364136
Zambia,ZMB,1996,quadratic,0.13002266751554803,-0.022195699401708596,-0.13328205914169367,0.019824699598727236,-0.4405369315702252
Zambia,ZMB,1997,quadratic,0.06453087242047406,0.007529084403954424,-0.12133463467417549,-0.032153034662178115,-0.3092398463026278
Zambia,ZMB,1998,quadratic,-0.16013567279296836,-0.025721481666600383,-0.16110186139108507,-0.02363329646756185,-0.239490341553676
Zambia,ZMB,1999,quadratic,-0.4189087615516831,-0.05316872340013688,-0.1597114620917477,0.052984772061615004,-0.2594487517805515
Zambia,ZMB,2000,quadratic,-0.2840215644724742,-0.08674915764527576,-0.144844790114675,0.1346156641360512,-0.18613255447865384
Zambia,ZMB,2001,quadratic,-0.361001375536218,-0.11470964821715642,-0.11578028516732175,0.16609590167445099,-0.08312459274144857
Zambia,ZMB,2002,quadratic,-0.3976833642407316,-0.09360260270065149,-0.10130446918707214,0.08847256255618596,0.06594355191026935
Zambia,ZMB,2003,quadratic,-0.3681476794437426,-0.10118317206016456,-0.0694828116521311,0.047517312572789905,0.23366852570590524
Zambia,ZMB,2004,quadratic,-0.19272989535513219,-0.005990108724582947,-0.035811216539109125,-0.1188659076472458,0.22847799957354198
Zambia,ZMB,2005,quadratic,-0.09643430497349126,-0.011242284385643323,-0.0040287754246310925,-0.08576680693570005,0.19225917440859952
Zambia,ZMB,2006,quadratic,0.3046493610935901,0.09017182008938793,0.034711154835683544,-0.20610737499835885,0.14345195530377275
Zambia,ZMB,2007,quadratic,0.2712428624744234,0.015287989632584596,0.0718601935589458,-0.026006321537428434,0.15514514157747428
Zambia,ZMB,2008,quadratic,0.13177885684642732,-0.031267439713133977,0.10285041033213993,0.09612470833718945,0.11652821212413045
Zambia,ZMB,2009,quadratic,0.01082394590050395,0.014938486974066974,0.13932772402223037,0.04844366342489792,0.13612335696574718
Zambia,ZMB,2010,quadratic,0.1661924096689713,0.1190500677086131,0.19835923316472126,-0.05217347010228224,0.24195492772408222
Zambia,ZMB,2011,quadratic,0.1433419536301841,0.07799204295124507,0.22040097329601593,-0.10034690994542572,0.3401583620807678
Zambia,ZMB,1980,hp,0.2555238205974657,-0.020143035002184173,-0.018940697488989855,0.00011023985036473505,0.11047587825272487
Zambia,ZMB,1981,hp,-0.0627868063471535,-0.11299759816257865,0.03550207254355442,0.1805433410955537,0.050807951373625926
Zambia,ZMB,1982,hp,-0.3851255398017752,-0.06787989286107532,0.0016423163376320105,0.1073648965623697,-0.0565193932978012
Zambia,ZMB,1983,hp,-0.15430519613540827,0.03660788154983721,-0.023783369269112953,-0.002058465690712552,-0.21874071723983235
Zambia,ZMB,1984,hp,-0.12331987052496984,0.0373528299384874,-0.03325998531140506,-0.07417579474874714,-0.10894625490008103
Zambia,ZMB,1985,hp,-0.006363830169553886,0.0089793833740592,-0.023985469636953027,-0.02510223961916047,-0.03897528817866913
Zambia,ZMB,1986,hp,0.07094624541573058,-0.0018740456198698182,-0.024142282504421075,-0.2416956745127692,0.47127330317393934
Zambia,ZMB,1987,hp,0.29240174384933404,0.051743270481240146,-0.005379694559263015,-0.03402422701625518,-0.10059883883558385
Zambia,ZMB,1988,hp,0.5035129181114089,0.08954177140951579,0.048453718586307204,0.05499571354274835,-0.15564851474775665
Zambia,ZMB,1989,hp,-0.10023224110394935,-0.049147253231875514,0.03258078796723396,0.22511105579819812,-0.17660609956301343
Zambia,ZMB,1990,hp,0.15546909285871546,0.019262445646681572,0.023946412919700677,-0.05259632874144593,0.29279020695516245
Zambia,ZMB,1991,hp,-0.1017760712723419,0.007373047886260673,0.021489495587953655,-0.14996052462819875,-0.1596413778847232
Zambia,ZMB,1992,hp,-0.23909023097475757,-0.06748101422668146,0.002993047452539699,0.15899039747373322,-0.11133063404176369
Zambia,ZMB,1993,hp,-0.21345987645467535,-0.020052707674189,0.0675120544708605,0.06209195893941022,0.1696513663064394
Zambia,ZMB,1994,hp,0.043026231163150186,0.04594312421871155,-0.025594441036083992,-0.047445641677153816,0.007550015735898086
Zambia,ZMB,1995,hp,0.3214472699403723,0.02874818355246609,-0.06058830099482826,-0.1085426409710255,0.04126202455807615
Zambia,ZMB,1996,hp,0.15568396086582137,0.0008701145390912907,-0.004605429635764935,-0.008787570233105058,-0.15459894809642272
Zambia,ZMB,1997,hp,0.13702642688537647,0.03896904726844127,0.011715533531212685,-0.061682933478291346,-0.055014670282995226
Zambia,ZMB,1998,hp,-0.042948948303974,0.013583840889699841,-0.02788304173576961,-0.054668091085806836,-0.02469125675831485
Zambia,ZMB,1999,hp,-0.2646597385981728,-0.007386702915668619,-0.031076918269832277,0.020886867538003173,-0.09059069221335214
Zambia,ZMB,2000,hp,-0.10539540560002525,-0.0368948119369534,-0.02581665902593322,0.1034721692293008,-0.06828519180971604
Zambia,ZMB,2001,hp,-0.17309293689042615,-0.06412919390080586,-0.011339144145271263,0.13929120085687785,-0.019006429384946344
Zambia,ZMB,2002,hp,-0.2169432415112107,-0.04621515218424113,-0.016131169408716062,0.06972318355789753,0.0766480347141858
Zambia,ZMB,2003,hp,-0.21065127849522014,-0.060839441604796936,-0.007845086696507408,0.03947901437312673,0.19449893218495795
Zambia,ZMB,2004,hp,-0.0720079998123353,0.023989733077347353,-0.0014023706931975966,-0.11529536665530316,0.14543153907618311
Zambia,ZMB,2005,hp,-0.021366563436197694,0.006192442255211084,0.00011076718361380244,-0.0718424590892397,0.07184567208216919
Zambia,ZMB,2006,hp,0.3305545150486786,0.09377924981551039,0.006207873944271469,-0.18408408969798273,-0.008760463296260568
Zambia,ZMB,2007,hp,0.25006187592803997,0.0046230610217493796,0.009006365100022506,0.0015796193436390382,-0.024958224053387212
Zambia,ZMB,2008,hp,0.06786751238625843,-0.056750460249877115,0.004542027692540529,0.12829645135009038,-0.08913068297450089
Zambia,ZMB,2009,hp,-0.09168325713809633,-0.026055261854476625,0.004974434392490679,0.0857679873516961,-0.09407861947678597
Zambia,ZMB,2010,hp,0.028323889011097947,0.06227355604793307,0.02783891726214094,-0.008869118762103056,-0.012209344547928325
Zambia,ZMB,2011,hp,-0.026636469492619774,0.005841888362193959,0.014010001020730911,-0.05083209684847745,0.06312170307901788
Zambia,ZMB,1980,hamilton,,-0.034024673684375374,-0.04638567409812744,0.03825986049740493,-0.028439029762365564
Zambia,ZMB,1981,hamilton,,-0.13196858117071175,0.045752381385808505,0.22643856347523617,0.16103773647826358
Zambia,ZMB,1982,hamilton,,-0.13698230380614634,-0.022165390042520272,0.17017786559941683,-0.1945019628949467
Zambia,ZMB,1983,hamilton,0.02465953867002657,0.033619077527629146,-0.10446546369538545,0.04254049380780245,-0.4645414550866409
Zambia,ZMB,1984,hamilton,0.23623255399936927,0.07673632487211957,-0.06873685323115097,-0.055913397236345475,-0.28294699551652336
Zambia,ZMB,1985,hamilton,0.13533676883545187,0.02632100739764176,-0.03650330744922137,0.007316852279318553,-0.0958484426081263
Zambia,ZMB,1986,hamilton,0.23868587956539322,-0.029441668300019735,-0.029696587633365468,-0.190221682616329,0.38853546190689237
Zambia,ZMB,1987,hamilton,0.3766638113933132,0.0239081801758955,-0.022383390084053545,0.025888322898371285,-0.24886298536087992
Zambia,ZMB,1988,hamilton,0.5387302634239477,0.07134706559451982,0.03238818633396434,0.1229985666518516,-0.6102664763104926
Zambia,ZMB,1989,hamilton,-0.23375452935738572,-0.0700241173902307,-0.005795415891389766,0.31223752649274417,-0.4118721202308837
Zambia,ZMB,1990,hamilton,-0.1146587708380169,-0.03216163368185989,-0.07281108904263434,-0.0037677097253165925,0.22700918219893396
Zambia,ZMB,1991,hamilton,0.06945656190943694,-0.05942468623657572,-0.05192083300348038,-0.12826960215765126,-0.18954753976209737
Zambia,ZMB,1992,hamilton,-0.396995182172585,-0.0820890661098149,-0.06521083965420083,0.16953581971090337,-0.39130586996742167
Zambia,ZMB,1993,hamilton,-0.16405355338951377,-0.06797066795173747,-0.00011437291189686505,0.11477386201820217,0.05989794121174796
Zambia,ZMB,1994,hamilton,0.11562000580622822,0.0031140475157923316,-0.07292169550438388,-0.00549364047857992,-0.011840503663782087
Zambia,ZMB,1995,hamilton,0.3234665795142728,0.012656836156079002,-0.1788902559693959,-0.11099535076599665,-0.1313942833346573
Zambia,ZMB,1996,hamilton,-0.04733611707817342,-0.042578496768647084,-0.006329575015367794,0.00614299080085523,-0.27678259247195847
Zambia,ZMB,1997,hamilton,-0.23986289275200345,-0.03554651831483385,0.04011950647967488,-0.02972088793868366,-0.13660926074251023
Zambia,ZMB,1998,hamilton,-0.26694510615129463,-0.054270845641347445,-0.058794446078765716,-0.022730996922442515,0.02412979644222446
Zambia,ZMB,1999,hamilton,-0.5177615485836613,-0.06519819845055233,-0.06267525887998282,0.037857475473829894,-0.02864470370541028
Zambia,ZMB,2000,hamilton,-0.23172554039105808,-0.10775603450173582,-0.002099803048624338,0.1217174037208224,-0.020350055959138302
Zambia,ZMB,2001,hamilton,-0.16292216183561337,-0.11734420268284511,0.019695387667415076,0.1420227498254789,0.08300041559418858
Zambia,ZMB,2002,hamilton,-0.3394728487243057,-0.0798579826968791,0.018585548489117087,0.04267934261523365,0.19944303785069017
Zambia,ZMB,2003,hamilton,-0.22051388554206675,-0.06841405609511227,0.02142216750589121,-0.017791563253984677,0.2971217357643763
Zambia,ZMB,2004,hamilton,-0.024337796865086858,0.04130167278904265,0.04428289437836597,-0.18966205889891263,0.18928462406515045
Zambia,ZMB,2005,hamilton,0.05486141977589565,0.030826830153251814,0.04406059459063272,-0.1485437436251864,0.029835481431632616
Zambia,ZMB,2006,hamilton,0.349308924826647,0.13491385016774177,0.051492085245065766,-0.25856927591906853,-0.04715276152094816
Zambia,ZMB,2007,hamilton,0.29557823407301775,0.02297282900819025,0.059711542799716355,-0.06250863364668824,-0.00698993829015393
Zambia,ZMB,2008,hamilton,-0.0953488978003314,-0.021729008133995423,0.05390221277872875,0.05571133396154515,-0.0026680686181137503
Zambia,ZMB,2009,hamilton,-0.09725259088215399,-0.011535185072245817,0.05642523365641061,0.007518186579623887,0.028438088146454987
Zambia,ZMB,2010,hamilton,0.16925827603738863,0.1321265314734633,0.08801394731564649,-0.13433864115640226,0.16140548993746506
Zambia,ZMB,2011,hamilton,0.22508260453285978,0.11419512008854274,0.07568757245539537,-0.20474785009905894,0.26503676155705413
Zimbabwe,ZWE,1980,quadratic,0.02687864163754128,-0.024986904116251256,-0.07229681381474595,0.00759762443263412,-0.1534164596164027
Zimbabwe,ZWE,1981,quadratic,-0.14852915878396988,-0.06951691171301241,0.002603592879739658,0.11040304959061054,0.13554022700496215
Zimbabwe,ZWE,1982,quadratic,-0.14824989519077292,-0.06236282383229257,-0.014328749432873877,0.06790730423792457,0.03964125012050346
Zimbabwe,ZWE,1983,quadratic,-0.05677724039677923,-0.04386767057551909,-0.040566565532246024,0.09597176667372143,-0.26210373639351925
Zimbabwe,ZWE,1984,quadratic,0.0834674995563871,-0.020834234007134578,-0.09988019321263053,-0.08763042339931815,-0.13395340978359105
Zimbabwe,ZWE,1985,quadratic,0.08931042095548936,-0.020152243394821936,-0.07019653479830801,-0.08269526996430798,-0.044816180077710044
Zimbabwe,ZWE,1986,quadratic,0.08500908961038878,-0.0010866454587016502,-0.08417202376895094,-0.1503322905038873,-0.029532096668483554
Zimbabwe,ZWE,1987,quadratic,0.06399701030422644,-0.0010445029736406743,-0.10470754155871376,-0.17249894417960832,-0.22204975093413637
Zimbabwe,ZWE,1988,quadratic,0.05996970485925779,0.005710963386961275,-0.06061941132198445,-0.29066283392831327,0.06624755752779965
Zimbabwe,ZWE,1989,quadratic,0.03483981655910551,-0.00942322622478096,-0.0348779128740766,-0.023761068043334888,-0.10501994202792986
Zimbabwe,ZWE,1990,quadratic,0.03910904014466432,-0.02210900509997431,0.011795530625850148,-0.009705049254118414,0.10889489817372411
Zimbabwe,ZWE,1991,quadratic,0.03818165468306045,-0.05347774956732644,0.049016337314280456,0.09359375252978896,0.2651626541805223
Zimbabwe,ZWE,1992,quadratic,0.04568395763381705,-0.10074575936226111,-0.05797394401260725,-0.07228749877224594,0.24180529678578466
Zimbabwe,ZWE,1993,quadratic,0.010005728459414165,-0.0262419199400109,-0.05633786229767601,-0.09587718127304257,0.38919625185186746
Zimbabwe,ZWE,1994,quadratic,0.008835428327454764,-0.023168799055788253,0.02628649813557793,-0.06635059701700019,0.5421331670149012
Zimbabwe,ZWE,1995,quadratic,-0.011035335765644305,-0.023323914209130308,0.024924309953906487,-0.026424407358834223,0.38358566330924315
Zimbabwe,ZWE,1996,quadratic,-0.009054316528279038,0.013963792068779991,0.12307991813591723,0.04570399464325803,0.45574888736716357
Zimbabwe,ZWE,1997,quadratic,-0.02218620497856083,-0.0578154551173531,0.15183010345921666,0.17831458171610937,0.4964637892713206
Zimbabwe,ZWE,1998,quadratic,-0.023841025198584553,0.011880186290436728,0.1859457607716033,0.08748072418703057,0.7012298817775431
Zimbabwe,ZWE,1999,quadratic,-0.03134650395736838,0.08960179714015312,0.18764802950089088,0.05043682978539632,0.37484745063717995
Zimbabwe,ZWE,2000,quadratic,-0.0063240339640815435,0.08276542062599676,0.1712427930648488,-0.05085112597859176,0.338453915959696
Zimbabwe,ZWE,2001,quadratic,-0.056249191314734936,0.09485848551413305,0.20482665341339779,0.11728056759879202,0.13391341715337823
Zimbabwe,ZWE,2002,quadratic,-0.07518963541302703,0.05025560876568264,0.13507606313107967,0.16090987293494852,-0.6128230470325131
Zimbabwe,ZWE,2003,quadratic,-0.04177420150846256,0.04709199669644664,-0.024121020161110174,-0.027901955448910165,-0.2579081027275887
Zimbabwe,ZWE,2004,quadratic,-0.006316325166460857,0.051999548770756396,-0.053788572089621844,-0.059533911460230016,-0.8151592582813629
Zimbabwe,ZWE,2005,quadratic,-0.10100933750813201,0.05456366963483897,-0.07998465612364569,0.010567677900531258,-1.877940493378294
Zimbabwe,ZWE,2006,quadratic,-0.045947198713989224,0.05514753600031075,-0.08001029289307304,0.09836743077486254,-1.7992069166258071
Zimbabwe,ZWE,2007,quadratic,0.04331870031580287,0.09636679036706652,-0.07993975927203589,0.018753944071769446,-0.23878096945003957
Zimbabwe,ZWE,2008,quadratic,-0.06269114151073119,-0.015750415784065164,-0.23707877073420303,0.02674522070739105,-0.6703384179966543
Zimbabwe,ZWE,2009,quadratic,0.05510541042036898,-0.05012382564188639,-0.14437466305566637,-0.06310376944757579,0.5596667923803409
Zimbabwe,ZWE,2010,quadratic,0.0824240220215966,-0.06869261532215337,-0.022438922421748053,-0.13410889929001435,1.2109451523040877
Zimbabwe,ZWE,2011,quadratic,0.08038462041087868,-0.17259546787594787,0.0921035416563365,-0.002585555235961934,1.3168888575867745
Zimbabwe,ZWE,1980,hp,0.08358392005296711,-0.01710514082891404,-0.019183414660376208,-0.006806701262383363,0.004958587633397293
Zimbabwe,ZWE,1981,hp,-0.1059991835556362,-0.05255812874356396,0.06242065232795824,0.10876100502266439,0.2927459122182974
Zimbabwe,ZWE,1982,hp,-0.12129239569399974,-0.038953584644605375,0.05032972499869359,0.08085928273076082,0.18791029475789411
Zimbabwe,ZWE,1983,hp,-0.046565236541008304,-0.01648500535667831,0.02728006138540895,0.12512900152292783,-0.12969035558028263
Zimbabwe,ZWE,1984,hp,0.07719806445367805,0.008583896179008,-0.0307929907429072,-0.04168580036358627,-0.02534556369902674
Zimbabwe,ZWE,1985,hp,0.06872633253420002,0.010067309871570786,-0.002383448761144713,-0.021661518392558143,0.03230231627315394
Zimbabwe,ZWE,1986,hp,0.053407881823256176,0.02931836921589967,-0.02040693129215665,-0.07777120352365507,0.008932746480134313
Zimbabwe,ZWE,1987,hp,0.025119702091478402,0.029447418553422054,-0.04799967042567044,-0.09361923321152865,-0.229206376082562
Zimbabwe,ZWE,1988,hp,0.01746672133038274,0.03641546063487361,-0.014009270658719153,-0.21154241665087703,0.006608809896484047
Zimbabwe,ZWE,1989,hp,-0.007980208028063096,0.021549264850970307,-0.0009572964450121901,0.0495891239392261,-0.22160224165820708
Zimbabwe,ZWE,1990,hp,-0.0012358493079211996,0.0087524925428577,0.03102363712448941,0.05404639607010253,-0.06675924640077913
Zimbabwe,ZWE,1991,hp,0.002667420573255086,-0.02375613063442925,0.05214732921891585,0.14560444883357881,0.0328575307039225
Zimbabwe,ZWE,1992,hp,0.0169316015833898,-0.07393032735800006,-0.07205652670415397,-0.03301349881030724,-0.03951318809937998
Zimbabwe,ZWE,1993,hp,-0.01050449851237012,-0.004598844718428996,-0.08898380821836849,-0.0706458144220381,0.07139019919603484
Zimbabwe,ZWE,1994,hp,-0.002572706259590163,-0.008724808832689952,-0.02578536301097234,-0.056447654505577205,0.2056486482516542
Zimbabwe,ZWE,1995,hp,-0.012996657389896527,-0.01782030711489746,-0.046058943696784205,-0.032409076730976594,0.05080118613522355
Zimbabwe,ZWE,1996,hp,-0.0017136202771332876,0.009158396077515276,0.035334723051343886,0.024563606073282784,0.1515558790298872
Zimbabwe,ZWE,1997,hp,-0.0060478350309614015,-0.07374759290584901,0.0515679357965233,0.14436553763106375,0.24775858470782275
Zimbabwe,ZWE,1998,hp,0.00024826137775324497,-0.015537134722900454,0.07915375994153973,0.044439623205970946,0.5353981648240786
Zimbabwe,ZWE,1999,hp,-0.000434992358475661,0.05153762468754638,0.08153982611123212,0.0019461500873632076,0.3172866681821507
Zimbabwe,ZWE,2000,hp,0.02999659389894127,0.03624487308010323,0.07346697132097102,-0.1016674228866341,0.4072192962954029
Zimbabwe,ZWE,2001,hp,-0.016212623174666874,0.04290880753447085,0.12265135285717577,0.06672463681475005,0.3365451032942035
Zimbabwe,ZWE,2002,hp,-0.03371033615064967,-0.0036216354054955657,0.07465430892766989,0.1136789876648292,-0.2833721903130626
Zimbabwe,ZWE,2003,hp,-0.0015432872144076626,-0.0051660179166053005,-0.05897783075183316,-0.06893166612742885,0.17336206007017685
Zimbabwe,ZWE,2004,hp,0.02989428449424647,0.004989007326917788,-0.06235721280233619,-0.09281165865836538,-0.322188661276277
Zimbabwe,ZWE,2005,hp,-0.07165632284804602,0.016561953011911115,-0.06404029338006101,-0.01404334045605804,-1.3802409620082692
Zimbabwe,ZWE,2006,hp,-0.026653382968992112,0.029999213817332476,-0.04320291367390894,0.083629999679947,-1.3673806920918437
Zimbabwe,ZWE,2007,hp,0.049703962912531985,0.08783403068029874,-0.02715376818321591,0.015529485122184106,0.05674137530832413
Zimbabwe,ZWE,2008,hp,-0.07144500278446753,-0.004287838619312673,-0.17400096087011807,0.03626934525352077,-0.5677050507710448
Zimbabwe,ZWE,2009,hp,0.029103598435821,-0.016546871278057873,-0.07722267831734175,-0.040154518439840636,0.4261041457453407
Zimbabwe,ZWE,2010,hp,0.03790162639558314,-0.012100099033254097,0.043778752091856,-0.09797974069181059,0.8168345674176303
Zimbabwe,ZWE,2011,hp,0.01661416613808253,-0.0931385918447632,0.15435980643149616,0.045958075428941925,0.6525724805375699
Zimbabwe,ZWE,1980,hamilton,,-0.043033022142817436,0.13160416124465257,0.01586922790095624,0.5323596961086059
Zimbabwe,ZWE,1981,hamilton,,-0.0501917985188979,0.17662975445411355,0.10941797596493519,0.6819083184560819
Zimbabwe,ZWE,1982,hamilton,,-0.0037529198389750565,0.023796913228486538,0.06179275196801193,0.19211734799320723
Zimbabwe,ZWE,1983,hamilton,-0.08021527275739704,0.06825882789418178,-0.051514877118438385,0.06364951865808433,-0.27018169004502646
Zimbabwe,ZWE,1984,hamilton,0.062293867565725414,0.08727010601428625,-0.04191830631714133,-0.06771976646944111,-0.026131675787407715
Zimbabwe,ZWE,1985,hamilton,0.04031676308832299,0.060266113400904466,0.01254734359062315,-0.08617336485657034,0.282027553489522
Zimbabwe,ZWE,1986,hamilton,-0.00815579000108091,0.0443724675985271,0.06372147544602047,-0.069405145508318,0.13549024820412914
Zimbabwe,ZWE,1987,hamilton,-0.0194862131729181,0.03511827732460411,-0.03745251220508905,-0.15175454569592262,-0.11949057336377056
Zimbabwe,ZWE,1988,hamilton,-0.014770795788900948,0.01610597542057854,0.042112125760211505,-0.2402739354751917,0.15853197841914834
Zimbabwe,ZWE,1989,hamilton,-0.025326301997797174,-0.0059224246209191814,0.08518308394806962,0.014239689013833434,0.13160985567595418
Zimbabwe,ZWE,1990,hamilton,-0.014051340521647582,-0.028989729424065552,0.05404978927628701,0.06898977771800485,0.06764813918663481
Zimbabwe,ZWE,1991,hamilton,0.000493822841124647,-0.04607214328006888,0.07893518520639642,0.02653834114112197,0.3927287419243921
Zimbabwe,ZWE,1992,hamilton,0.010896284564310577,-0.07694432596521741,-0.08146839078846035,-0.059176328898941755,0.15267432939364944
Zimbabwe,ZWE,1993,hamilton,-0.019215895940594585,0.03575454097696033,-0.10732538190224528,-0.12046726540872932,0.19057689339893447
Zimbabwe,ZWE,1994,hamilton,-0.01865350826724743,0.09996803334922001,0.14415522014791282,0.008359822235751047,0.3685235703478673
Zimbabwe,ZWE,1995,hamilton,-0.01997948889868173,0.021956672781729008,0.06946252063771396,0.0030681254873252684,0.06734278060779442
Zimbabwe,ZWE,1996,hamilton,-0.01477080756063387,0.04011610179502712,0.04751140883842808,0.05422710474932746,0.018698865177339208
Zimbabwe,ZWE,1997,hamilton,-0.016555042543862974,-0.0316921998058376,0.12394319398688491,0.17854308863741508,0.1895873732863116
Zimbabwe,ZWE,1998,hamilton,-0.01640162005965351,-0.00482578864530114,0.01364588864023819,0.06951368819863912,0.28736136866328277
Zimbabwe,ZWE,1999,hamilton,-0.01580998504359421,0.15050155859758246,0.029722922124745033,1.5400405503740444e-05,-0.08472775841287827
Zimbabwe,ZWE,2000,hamilton,0.011949042062840753,0.07861934631415185,-0.023148347250445234,-0.024440143936391934,-0.3052854655656283
Zimbabwe,ZWE,2001,hamilton,-0.03292400421580144,-0.012845672173383494,0.02249340921077625,0.12643416777462768,-0.24041676054255312
Zimbabwe,ZWE,2002,hamilton,-0.06009257836476323,-0.06316052650650585,-0.03016447871329131,0.19577818532176305,-1.0379745607329025
Zimbabwe,ZWE,2003,hamilton,-0.004854144080608691,-0.07616852467972444,-0.25400505115899286,-0.09690983743200388,-0.5528386275367119
Zimbabwe,ZWE,2004,hamilton,0.03741315116955235,-0.018190623178338174,-0.17255614884660364,-0.09555358436533634,-0.5707089335190987
Zimbabwe,ZWE,2005,hamilton,-0.0702595378437243,0.0011150454211056177,-0.026341616241727372,0.06073183588304154,-2.0706858632480185
Zimbabwe,ZWE,2006,hamilton,-0.027565948209494096,0.0007466950741569778,-0.09157984302860012,0.09605740885123915,-1.5178004521246118
Zimbabwe,ZWE,2007,hamilton,0.09994133242060244,0.042488605553127404,-0.08169081752255725,-0.02656727465253006,0.7769413266173371
Zimbabwe,ZWE,2008,hamilton,-0.031158487147372682,-0.06588383929774475,-0.2639326885903399,-0.036158924324201536,0.07686038502823589
Zimbabwe,ZWE,2009,hamilton,0.0528751100127387,-0.1433149771941703,-0.1805765762683995,-0.07069492920868559,0.025539056259009207
Zimbabwe,ZWE,2010,hamilton,0.12359855148683252,-0.033285347944960464,0.1525290013207421,-0.17601553019595695,1.238669349883736
Zimbabwe,ZWE,2011,hamilton,0.07046883720480679,-0.06730719622449999,0.029686086401079947,-0.011380933121349024,0.24563004523116572
